state	edge_type	consumer_or_authority	producer_or_projection	detail
baseline	include	src/accounts/provider.c	include/yvex/internal/core.h	yvex/internal/core.h
baseline	include	src/accounts/provider.c	include/yvex/internal/io.h	yvex/internal/io.h
baseline	include	src/accounts/provider.c	include/yvex/source.h	yvex/source.h
baseline	include	src/artifact/core.c	include/yvex/artifact.h	yvex/artifact.h
baseline	include	src/artifact/core.c	include/yvex/internal/artifact.h	yvex/internal/artifact.h
baseline	include	src/artifact/descriptor.c	include/yvex/internal/artifact.h	yvex/internal/artifact.h
baseline	include	src/artifact/descriptor.c	include/yvex/internal/core.h	yvex/internal/core.h
baseline	include	src/artifact/descriptor.c	include/yvex/internal/families/deepseek_v4.h	yvex/internal/families/deepseek_v4.h
baseline	include	src/artifact/identity.c	include/yvex/artifact.h	yvex/artifact.h
baseline	include	src/artifact/identity.c	include/yvex/internal/artifact.h	yvex/internal/artifact.h
baseline	include	src/artifact/identity.c	include/yvex/internal/core.h	yvex/internal/core.h
baseline	include	src/artifact/integrity.c	include/yvex/artifact.h	yvex/artifact.h
baseline	include	src/artifact/integrity.c	include/yvex/internal/core.h	yvex/internal/core.h
baseline	include	src/artifact/integrity.c	include/yvex/model.h	yvex/model.h
baseline	include	src/artifact/integrity.c	include/yvex/qtype.h	yvex/qtype.h
baseline	include	src/artifact/materialize.c	include/yvex/gguf.h	yvex/gguf.h
baseline	include	src/artifact/materialize.c	include/yvex/internal/artifact.h	yvex/internal/artifact.h
baseline	include	src/artifact/materialize.c	include/yvex/internal/core.h	yvex/internal/core.h
baseline	include	src/artifact/materialize.c	include/yvex/internal/quant_numeric.h	yvex/internal/quant_numeric.h
baseline	include	src/artifact/roundtrip_gate.c	include/yvex/internal/artifact.h	yvex/internal/artifact.h
baseline	include	src/artifact/roundtrip_gate.c	include/yvex/internal/core.h	yvex/internal/core.h
baseline	include	src/artifact/roundtrip_gate.c	include/yvex/internal/families/deepseek_v4.h	yvex/internal/families/deepseek_v4.h
baseline	include	src/artifact/roundtrip_gate.c	include/yvex/internal/gguf.h	yvex/internal/gguf.h
baseline	include	src/backend/core.c	include/yvex/internal/backend.h	yvex/internal/backend.h
baseline	include	src/backend/cpu.c	include/yvex/internal/backend.h	yvex/internal/backend.h
baseline	include	src/backend/cpu.c	include/yvex/internal/quant_numeric.h	yvex/internal/quant_numeric.h
baseline	include	src/backend/cuda/backend.c	src/backend/cuda/private.h	src/backend/cuda/private.h
baseline	include	src/backend/cuda/capability.c	src/backend/cuda/private.h	src/backend/cuda/private.h
baseline	include	src/backend/cuda/errors.c	src/backend/cuda/private.h	src/backend/cuda/private.h
baseline	include	src/backend/cuda/families/deepseek_v4.c	include/yvex/internal/backend.h	yvex/internal/backend.h
baseline	include	src/backend/cuda/families/deepseek_v4.c	src/backend/cuda/private.h	src/backend/cuda/private.h
baseline	include	src/backend/cuda/graph.c	src/backend/cuda/private.h	src/backend/cuda/private.h
baseline	include	src/backend/cuda/info.c	src/backend/cuda/private.h	src/backend/cuda/private.h
baseline	include	src/backend/cuda/kernels.cu	include/yvex/qtype.h	yvex/qtype.h
baseline	include	src/backend/cuda/moe.c	include/yvex/internal/moe.h	yvex/internal/moe.h
baseline	include	src/backend/cuda/moe.c	src/backend/cuda/private.h	src/backend/cuda/private.h
baseline	include	src/backend/cuda/ops.c	include/yvex/internal/graph_state.h	yvex/internal/graph_state.h
baseline	include	src/backend/cuda/ops.c	include/yvex/internal/transformer.h	yvex/internal/transformer.h
baseline	include	src/backend/cuda/ops.c	include/yvex/quant.h	yvex/quant.h
baseline	include	src/backend/cuda/ops.c	src/backend/cuda/private.h	src/backend/cuda/private.h
baseline	include	src/backend/cuda/qtype.c	include/yvex/internal/quant_numeric.h	yvex/internal/quant_numeric.h
baseline	include	src/backend/cuda/qtype.c	src/backend/cuda/private.h	src/backend/cuda/private.h
baseline	include	src/backend/cuda/tensor.c	src/backend/cuda/private.h	src/backend/cuda/private.h
baseline	include	src/backend/report.c	include/yvex/internal/backend.h	yvex/internal/backend.h
baseline	include	src/cli/commands/accounts.c	include/yvex/source.h	yvex/source.h
baseline	include	src/cli/commands/accounts.c	src/cli/input/private.h	src/cli/input/private.h
baseline	include	src/cli/commands/accounts.c	src/cli/io/private.h	src/cli/io/private.h
baseline	include	src/cli/commands/artifact.c	include/yvex/artifact.h	yvex/artifact.h
baseline	include	src/cli/commands/artifact.c	include/yvex/backend.h	yvex/backend.h
baseline	include	src/cli/commands/artifact.c	include/yvex/core.h	yvex/core.h
baseline	include	src/cli/commands/artifact.c	include/yvex/gguf.h	yvex/gguf.h
baseline	include	src/cli/commands/artifact.c	include/yvex/model.h	yvex/model.h
baseline	include	src/cli/commands/artifact.c	include/yvex/registry.h	yvex/registry.h
baseline	include	src/cli/commands/artifact.c	src/cli/input/private.h	src/cli/input/private.h
baseline	include	src/cli/commands/artifact.c	src/cli/io/private.h	src/cli/io/private.h
baseline	include	src/cli/commands/artifact.c	src/cli/render/private.h	src/cli/render/private.h
baseline	include	src/cli/commands/backend.c	src/cli/input/private.h	src/cli/input/private.h
baseline	include	src/cli/commands/backend.c	src/cli/io/private.h	src/cli/io/private.h
baseline	include	src/cli/commands/backend.c	src/cli/render/private.h	src/cli/render/private.h
baseline	include	src/cli/commands/gguf.c	include/yvex/artifact.h	yvex/artifact.h
baseline	include	src/cli/commands/gguf.c	include/yvex/core.h	yvex/core.h
baseline	include	src/cli/commands/gguf.c	include/yvex/gguf.h	yvex/gguf.h
baseline	include	src/cli/commands/gguf.c	include/yvex/model.h	yvex/model.h
baseline	include	src/cli/commands/gguf.c	include/yvex/qtype.h	yvex/qtype.h
baseline	include	src/cli/commands/gguf.c	include/yvex/quant.h	yvex/quant.h
baseline	include	src/cli/commands/gguf.c	include/yvex/source.h	yvex/source.h
baseline	include	src/cli/commands/gguf.c	include/yvex/tokenizer.h	yvex/tokenizer.h
baseline	include	src/cli/commands/gguf.c	src/cli/input/private.h	src/cli/input/private.h
baseline	include	src/cli/commands/gguf.c	src/cli/io/private.h	src/cli/io/private.h
baseline	include	src/cli/commands/graph.c	include/yvex/internal/benchmark.h	yvex/internal/benchmark.h
baseline	include	src/cli/commands/graph.c	include/yvex/internal/compilation.h	yvex/internal/compilation.h
baseline	include	src/cli/commands/graph.c	include/yvex/internal/core.h	yvex/internal/core.h
baseline	include	src/cli/commands/graph.c	include/yvex/internal/decode.h	yvex/internal/decode.h
baseline	include	src/cli/commands/graph.c	include/yvex/internal/generation.h	yvex/internal/generation.h
baseline	include	src/cli/commands/graph.c	include/yvex/internal/graph.h	yvex/internal/graph.h
baseline	include	src/cli/commands/graph.c	include/yvex/internal/logits.h	yvex/internal/logits.h
baseline	include	src/cli/commands/graph.c	include/yvex/internal/moe.h	yvex/internal/moe.h
baseline	include	src/cli/commands/graph.c	include/yvex/internal/runtime.h	yvex/internal/runtime.h
baseline	include	src/cli/commands/graph.c	include/yvex/internal/sampling.h	yvex/internal/sampling.h
baseline	include	src/cli/commands/graph.c	include/yvex/internal/source.h	yvex/internal/source.h
baseline	include	src/cli/commands/graph.c	include/yvex/registry.h	operator/registry.h
baseline	include	src/cli/commands/graph.c	src/cli/input/private.h	src/cli/input/private.h
baseline	include	src/cli/commands/graph.c	src/cli/io/private.h	src/cli/io/private.h
baseline	include	src/cli/commands/graph.c	src/cli/model_artifacts/private.h	src/cli/model_artifacts/private.h
baseline	include	src/cli/commands/graph.c	src/cli/render/private.h	src/cli/render/private.h
baseline	include	src/cli/commands/model_artifacts.c	include/yvex/internal/model_artifact.h	yvex/internal/model_artifact.h
baseline	include	src/cli/commands/model_artifacts.c	src/cli/input/private.h	src/cli/input/private.h
baseline	include	src/cli/commands/model_artifacts.c	src/cli/model_artifacts/private.h	src/cli/model_artifacts/private.h
baseline	include	src/cli/commands/model_artifacts.c	src/cli/render/private.h	src/cli/render/private.h
baseline	include	src/cli/commands/model_target.c	src/cli/input/private.h	src/cli/input/private.h
baseline	include	src/cli/commands/model_target.c	src/cli/io/private.h	src/cli/io/private.h
baseline	include	src/cli/commands/model_target.c	src/cli/render/private.h	src/cli/render/private.h
baseline	include	src/cli/commands/paths.c	include/yvex/core.h	yvex/core.h
baseline	include	src/cli/commands/paths.c	include/yvex/internal/source.h	yvex/internal/source.h
baseline	include	src/cli/commands/paths.c	src/cli/input/private.h	src/cli/input/private.h
baseline	include	src/cli/commands/paths.c	src/cli/io/private.h	src/cli/io/private.h
baseline	include	src/cli/commands/quant.c	include/yvex/internal/artifact.h	yvex/internal/artifact.h
baseline	include	src/cli/commands/quant.c	include/yvex/internal/compilation.h	yvex/internal/compilation.h
baseline	include	src/cli/commands/quant.c	include/yvex/internal/families/deepseek_v4.h	yvex/internal/families/deepseek_v4.h
baseline	include	src/cli/commands/quant.c	include/yvex/internal/gguf_writer.h	yvex/internal/gguf_writer.h
baseline	include	src/cli/commands/quant.c	include/yvex/internal/quant_numeric.h	yvex/internal/quant_numeric.h
baseline	include	src/cli/commands/quant.c	include/yvex/quant.h	yvex/quant.h
baseline	include	src/cli/commands/quant.c	src/cli/input/private.h	src/cli/input/private.h
baseline	include	src/cli/commands/quant.c	src/cli/io/private.h	src/cli/io/private.h
baseline	include	src/cli/commands/source.c	include/yvex/source.h	yvex/source.h
baseline	include	src/cli/commands/source.c	src/cli/input/private.h	src/cli/input/private.h
baseline	include	src/cli/commands/source.c	src/cli/io/private.h	src/cli/io/private.h
baseline	include	src/cli/commands/source.c	src/cli/render/private.h	src/cli/render/private.h
baseline	include	src/cli/commands/tokenizer.c	include/yvex/core.h	yvex/core.h
baseline	include	src/cli/commands/tokenizer.c	include/yvex/model.h	yvex/model.h
baseline	include	src/cli/commands/tokenizer.c	include/yvex/tokenizer.h	yvex/tokenizer.h
baseline	include	src/cli/commands/tokenizer.c	src/cli/input/private.h	src/cli/input/private.h
baseline	include	src/cli/commands/tokenizer.c	src/cli/io/private.h	src/cli/io/private.h
baseline	include	src/cli/input/backend.c	src/cli/input/private.h	src/cli/input/private.h
baseline	include	src/cli/input/graph.c	include/yvex/provider.h	yvex/provider.h
baseline	include	src/cli/input/graph.c	src/cli/input/private.h	src/cli/input/private.h
baseline	include	src/cli/input/model_artifacts.c	src/cli/input/private.h	src/cli/input/private.h
baseline	include	src/cli/input/model_artifacts.c	src/cli/model_artifacts/private.h	src/cli/model_artifacts/private.h
baseline	include	src/cli/input/model_target.c	include/yvex/internal/core.h	yvex/internal/core.h
baseline	include	src/cli/input/model_target.c	src/cli/input/private.h	src/cli/input/private.h
baseline	include	src/cli/input/operator.c	include/yvex/registry.h	operator/registry.h
baseline	include	src/cli/input/operator.c	src/cli/input/private.h	src/cli/input/private.h
baseline	include	src/cli/input/source.c	include/yvex/internal/source.h	yvex/internal/source.h
baseline	include	src/cli/input/source.c	src/cli/input/private.h	src/cli/input/private.h
baseline	include	src/cli/io/client.c	include/yvex/registry.h	operator/registry.h
baseline	include	src/cli/io/client.c	include/yvex/server.h	yvex/server.h
baseline	include	src/cli/io/client.c	src/cli/input/private.h	src/cli/input/private.h
baseline	include	src/cli/io/client.c	src/cli/io/private.h	src/cli/io/private.h
baseline	include	src/cli/io/client.c	src/cli/private.h	src/cli/private.h
baseline	include	src/cli/io/json.c	src/cli/io/private.h	src/cli/io/private.h
baseline	include	src/cli/io/out.c	include/yvex/internal/core.h	yvex/internal/core.h
baseline	include	src/cli/io/out.c	include/yvex/registry.h	operator/registry.h
baseline	include	src/cli/io/out.c	src/cli/io/private.h	src/cli/io/private.h
baseline	include	src/cli/main.c	include/yvex/core.h	yvex/core.h
baseline	include	src/cli/main.c	include/yvex/registry.h	operator/registry.h
baseline	include	src/cli/main.c	src/cli/input/private.h	src/cli/input/private.h
baseline	include	src/cli/main.c	src/cli/io/private.h	src/cli/io/private.h
baseline	include	src/cli/main.c	src/cli/private.h	src/cli/private.h
baseline	include	src/cli/model_artifacts/artifacts.c	src/cli/model_artifacts/private.h	src/cli/model_artifacts/private.h
baseline	include	src/cli/model_artifacts/context.c	src/cli/model_artifacts/private.h	src/cli/model_artifacts/private.h
baseline	include	src/cli/model_artifacts/download.c	include/yvex/core.h	yvex/core.h
baseline	include	src/cli/model_artifacts/download.c	src/cli/model_artifacts/private.h	src/cli/model_artifacts/private.h
baseline	include	src/cli/model_artifacts/fullmodel.c	src/cli/model_artifacts/private.h	src/cli/model_artifacts/private.h
baseline	include	src/cli/model_artifacts/models.c	include/yvex/artifact.h	yvex/artifact.h
baseline	include	src/cli/model_artifacts/models.c	src/cli/model_artifacts/private.h	src/cli/model_artifacts/private.h
baseline	include	src/cli/model_artifacts/moe.c	src/cli/model_artifacts/private.h	src/cli/model_artifacts/private.h
baseline	include	src/cli/model_artifacts/prepare.c	include/yvex/artifact.h	yvex/artifact.h
baseline	include	src/cli/model_artifacts/prepare.c	include/yvex/graph.h	yvex/graph.h
baseline	include	src/cli/model_artifacts/prepare.c	include/yvex/internal/source.h	yvex/internal/source.h
baseline	include	src/cli/model_artifacts/prepare.c	src/cli/model_artifacts/private.h	src/cli/model_artifacts/private.h
baseline	include	src/cli/model_artifacts/tensors.c	src/cli/model_artifacts/private.h	src/cli/model_artifacts/private.h
baseline	include	src/cli/render/backend.c	src/cli/io/private.h	src/cli/io/private.h
baseline	include	src/cli/render/backend.c	src/cli/render/private.h	src/cli/render/private.h
baseline	include	src/cli/render/common.c	include/yvex/artifact.h	yvex/artifact.h
baseline	include	src/cli/render/common.c	include/yvex/internal/core.h	yvex/internal/core.h
baseline	include	src/cli/render/common.c	src/cli/model_artifacts/private.h	src/cli/model_artifacts/private.h
baseline	include	src/cli/render/common.c	src/cli/render/private.h	src/cli/render/private.h
baseline	include	src/cli/render/graph.c	include/yvex/internal/decode.h	yvex/internal/decode.h
baseline	include	src/cli/render/graph.c	include/yvex/internal/generation.h	yvex/internal/generation.h
baseline	include	src/cli/render/graph.c	include/yvex/internal/logits.h	yvex/internal/logits.h
baseline	include	src/cli/render/graph.c	include/yvex/internal/profile.h	yvex/internal/profile.h
baseline	include	src/cli/render/graph.c	include/yvex/internal/sampling.h	yvex/internal/sampling.h
baseline	include	src/cli/render/graph.c	src/cli/io/private.h	src/cli/io/private.h
baseline	include	src/cli/render/graph.c	src/cli/model_artifacts/private.h	src/cli/model_artifacts/private.h
baseline	include	src/cli/render/graph.c	src/cli/render/private.h	src/cli/render/private.h
baseline	include	src/cli/render/model_artifacts.c	src/cli/io/private.h	src/cli/io/private.h
baseline	include	src/cli/render/model_artifacts.c	src/cli/model_artifacts/private.h	src/cli/model_artifacts/private.h
baseline	include	src/cli/render/model_artifacts.c	src/cli/render/private.h	src/cli/render/private.h
baseline	include	src/cli/render/model_target.c	include/yvex/internal/families/deepseek_v4.h	yvex/internal/families/deepseek_v4.h
baseline	include	src/cli/render/model_target.c	src/cli/io/private.h	src/cli/io/private.h
baseline	include	src/cli/render/model_target.c	src/cli/render/private.h	src/cli/render/private.h
baseline	include	src/cli/render/source.c	include/yvex/internal/source.h	yvex/internal/source.h
baseline	include	src/cli/render/source.c	src/cli/io/private.h	src/cli/io/private.h
baseline	include	src/cli/render/source.c	src/cli/render/private.h	src/cli/render/private.h
baseline	include	src/core/fs.c	include/yvex/core.h	yvex/core.h
baseline	include	src/core/fs.c	include/yvex/internal/core.h	yvex/internal/core.h
baseline	include	src/core/json.c	include/yvex/internal/core.h	yvex/internal/core.h
baseline	include	src/core/sha256.c	include/yvex/internal/core.h	yvex/internal/core.h
baseline	include	src/core/shard_index.c	include/yvex/internal/core.h	yvex/internal/core.h
baseline	include	src/core/status.c	include/yvex/internal/core.h	yvex/internal/core.h
baseline	include	src/daemon/yvexd.c	include/yvex/internal/source.h	yvex/internal/source.h
baseline	include	src/daemon/yvexd.c	include/yvex/server.h	yvex/server.h
baseline	include	src/gguf/conversion.c	include/yvex/artifact.h	yvex/artifact.h
baseline	include	src/gguf/conversion.c	include/yvex/backend.h	yvex/backend.h
baseline	include	src/gguf/conversion.c	include/yvex/gguf.h	yvex/gguf.h
baseline	include	src/gguf/conversion.c	include/yvex/internal/core.h	yvex/internal/core.h
baseline	include	src/gguf/conversion.c	include/yvex/internal/families/deepseek_v4.h	yvex/internal/families/deepseek_v4.h
baseline	include	src/gguf/conversion.c	include/yvex/internal/gguf.h	yvex/internal/gguf.h
baseline	include	src/gguf/conversion.c	include/yvex/internal/io.h	yvex/internal/io.h
baseline	include	src/gguf/conversion.c	include/yvex/model.h	yvex/model.h
baseline	include	src/gguf/conversion.c	include/yvex/qtype.h	yvex/qtype.h
baseline	include	src/gguf/conversion.c	include/yvex/source.h	yvex/source.h
baseline	include	src/gguf/core.c	include/yvex/internal/gguf.h	yvex/internal/gguf.h
baseline	include	src/gguf/core.c	include/yvex/internal/io.h	yvex/internal/io.h
baseline	include	src/gguf/descriptor.c	include/yvex/internal/gguf.h	yvex/internal/gguf.h
baseline	include	src/gguf/file_sink.c	include/yvex/internal/core.h	yvex/internal/core.h
baseline	include	src/gguf/file_sink.c	include/yvex/internal/gguf.h	yvex/internal/gguf.h
baseline	include	src/gguf/file_sink.c	include/yvex/internal/gguf_writer.h	yvex/internal/gguf_writer.h
baseline	include	src/gguf/imatrix.c	include/yvex/internal/core.h	yvex/internal/core.h
baseline	include	src/gguf/imatrix.c	include/yvex/internal/gguf.h	yvex/internal/gguf.h
baseline	include	src/gguf/imatrix.c	include/yvex/internal/io.h	yvex/internal/io.h
baseline	include	src/gguf/imatrix.c	include/yvex/quant.h	yvex/quant.h
baseline	include	src/gguf/layout_integrity.c	include/yvex/artifact.h	yvex/artifact.h
baseline	include	src/gguf/layout_integrity.c	include/yvex/gguf.h	yvex/gguf.h
baseline	include	src/gguf/layout_integrity.c	include/yvex/internal/core.h	yvex/internal/core.h
baseline	include	src/gguf/layout_integrity.c	include/yvex/qtype.h	yvex/qtype.h
baseline	include	src/gguf/qtype.c	include/yvex/internal/core.h	yvex/internal/core.h
baseline	include	src/gguf/qtype.c	include/yvex/internal/gguf.h	yvex/internal/gguf.h
baseline	include	src/gguf/qtype.c	include/yvex/internal/quant_numeric.h	yvex/internal/quant_numeric.h
baseline	include	src/gguf/quant_block.c	include/yvex/internal/gguf.h	yvex/internal/gguf.h
baseline	include	src/gguf/quant_block.c	include/yvex/internal/quant_numeric.h	yvex/internal/quant_numeric.h
baseline	include	src/gguf/quant_compute.c	include/yvex/internal/quant_numeric.h	yvex/internal/quant_numeric.h
baseline	include	src/gguf/quant_execute.c	include/yvex/internal/core.h	yvex/internal/core.h
baseline	include	src/gguf/quant_execute.c	include/yvex/internal/quant_numeric.h	yvex/internal/quant_numeric.h
baseline	include	src/gguf/quant_job.c	include/yvex/internal/core.h	yvex/internal/core.h
baseline	include	src/gguf/quant_job.c	include/yvex/internal/io.h	yvex/internal/io.h
baseline	include	src/gguf/quant_job.c	include/yvex/quant.h	yvex/quant.h
baseline	include	src/gguf/quant_plan.c	include/yvex/internal/core.h	yvex/internal/core.h
baseline	include	src/gguf/quant_plan.c	include/yvex/internal/families/deepseek_v4.h	yvex/internal/families/deepseek_v4.h
baseline	include	src/gguf/quant_plan.c	include/yvex/internal/quant_numeric.h	yvex/internal/quant_numeric.h
baseline	include	src/gguf/quant_policy.c	include/yvex/artifact.h	yvex/artifact.h
baseline	include	src/gguf/quant_policy.c	include/yvex/gguf.h	yvex/gguf.h
baseline	include	src/gguf/quant_policy.c	include/yvex/internal/core.h	yvex/internal/core.h
baseline	include	src/gguf/quant_policy.c	include/yvex/internal/gguf.h	yvex/internal/gguf.h
baseline	include	src/gguf/quant_policy.c	include/yvex/internal/io.h	yvex/internal/io.h
baseline	include	src/gguf/quant_policy.c	include/yvex/internal/quant_numeric.h	yvex/internal/quant_numeric.h
baseline	include	src/gguf/quant_policy.c	include/yvex/model.h	yvex/model.h
baseline	include	src/gguf/quant_policy.c	include/yvex/qtype.h	yvex/qtype.h
baseline	include	src/gguf/quant_policy.c	include/yvex/quant.h	yvex/quant.h
baseline	include	src/gguf/quant_registry.c	include/yvex/internal/quant_numeric.h	yvex/internal/quant_numeric.h
baseline	include	src/gguf/quant_registry.c	include/yvex/qtype.h	yvex/qtype.h
baseline	include	src/gguf/quant_scalar.c	include/yvex/internal/gguf.h	yvex/internal/gguf.h
baseline	include	src/gguf/quant_scalar.c	include/yvex/internal/quant_numeric.h	yvex/internal/quant_numeric.h
baseline	include	src/gguf/quant_sink.c	include/yvex/internal/core.h	yvex/internal/core.h
baseline	include	src/gguf/quant_sink.c	include/yvex/internal/quant_numeric.h	yvex/internal/quant_numeric.h
baseline	include	src/gguf/reader.c	include/yvex/internal/gguf.h	yvex/internal/gguf.h
baseline	include	src/gguf/tokenizer_metadata.c	include/yvex/internal/core.h	yvex/internal/core.h
baseline	include	src/gguf/tokenizer_metadata.c	include/yvex/internal/gguf.h	yvex/internal/gguf.h
baseline	include	src/gguf/tools.c	include/yvex/artifact.h	yvex/artifact.h
baseline	include	src/gguf/tools.c	include/yvex/backend.h	yvex/backend.h
baseline	include	src/gguf/tools.c	include/yvex/core.h	yvex/core.h
baseline	include	src/gguf/tools.c	include/yvex/gguf.h	yvex/gguf.h
baseline	include	src/gguf/tools.c	include/yvex/internal/core.h	yvex/internal/core.h
baseline	include	src/gguf/tools.c	include/yvex/internal/quant_numeric.h	yvex/internal/quant_numeric.h
baseline	include	src/gguf/tools.c	include/yvex/model.h	yvex/model.h
baseline	include	src/gguf/tools.c	include/yvex/qtype.h	yvex/qtype.h
baseline	include	src/gguf/tools.c	include/yvex/source.h	yvex/source.h
baseline	include	src/gguf/tools.c	include/yvex/tokenizer.h	yvex/tokenizer.h
baseline	include	src/gguf/variant.c	include/yvex/internal/core.h	yvex/internal/core.h
baseline	include	src/gguf/variant.c	include/yvex/internal/quant_numeric.h	yvex/internal/quant_numeric.h
baseline	include	src/gguf/writer.c	include/yvex/gguf.h	yvex/gguf.h
baseline	include	src/gguf/writer.c	include/yvex/internal/core.h	yvex/internal/core.h
baseline	include	src/gguf/writer.c	include/yvex/internal/families/deepseek_v4.h	yvex/internal/families/deepseek_v4.h
baseline	include	src/gguf/writer.c	include/yvex/internal/gguf.h	yvex/internal/gguf.h
baseline	include	src/gguf/writer.c	include/yvex/internal/gguf_writer.h	yvex/internal/gguf_writer.h
baseline	include	src/graph/attention.c	src/graph/private.h	src/graph/private.h
baseline	include	src/graph/candidate.c	include/yvex/internal/candidate.h	yvex/internal/candidate.h
baseline	include	src/graph/candidate.c	include/yvex/internal/core.h	yvex/internal/core.h
baseline	include	src/graph/candidate.c	src/graph/private.h	src/graph/private.h
baseline	include	src/graph/core.c	src/graph/private.h	src/graph/private.h
baseline	include	src/graph/execution.c	include/yvex/internal/backend.h	yvex/internal/backend.h
baseline	include	src/graph/execution.c	include/yvex/internal/core.h	yvex/internal/core.h
baseline	include	src/graph/execution.c	include/yvex/internal/execution.h	yvex/internal/execution.h
baseline	include	src/graph/families/deepseek_v4.c	include/yvex/internal/backend.h	yvex/internal/backend.h
baseline	include	src/graph/families/deepseek_v4.c	include/yvex/internal/families/deepseek_v4.h	yvex/internal/families/deepseek_v4.h
baseline	include	src/graph/families/deepseek_v4.c	include/yvex/internal/graph_state.h	yvex/internal/graph_state.h
baseline	include	src/graph/families/deepseek_v4.c	include/yvex/internal/logits.h	yvex/internal/logits.h
baseline	include	src/graph/families/deepseek_v4.c	include/yvex/internal/moe.h	yvex/internal/moe.h
baseline	include	src/graph/families/deepseek_v4.c	include/yvex/internal/runtime.h	yvex/internal/runtime.h
baseline	include	src/graph/families/deepseek_v4.c	include/yvex/internal/transformer.h	yvex/internal/transformer.h
baseline	include	src/graph/families/deepseek_v4.c	src/graph/private.h	src/graph/private.h
baseline	include	src/graph/memory_plan.c	include/yvex/internal/graph_state.h	yvex/internal/graph_state.h
baseline	include	src/graph/memory_plan.c	src/graph/private.h	src/graph/private.h
baseline	include	src/graph/moe.c	include/yvex/internal/core.h	yvex/internal/core.h
baseline	include	src/graph/moe.c	include/yvex/internal/moe.h	yvex/internal/moe.h
baseline	include	src/graph/moe.c	include/yvex/internal/quant_numeric.h	yvex/internal/quant_numeric.h
baseline	include	src/graph/moe.c	src/graph/private.h	src/graph/private.h
baseline	include	src/graph/numeric.c	src/graph/private.h	src/graph/private.h
baseline	include	src/graph/plan.c	include/yvex/internal/backend.h	yvex/internal/backend.h
baseline	include	src/graph/plan.c	include/yvex/internal/graph_state.h	yvex/internal/graph_state.h
baseline	include	src/graph/plan.c	src/graph/private.h	src/graph/private.h
baseline	include	src/graph/state.c	include/yvex/internal/candidate.h	yvex/internal/candidate.h
baseline	include	src/graph/state.c	include/yvex/internal/core.h	yvex/internal/core.h
baseline	include	src/graph/state.c	include/yvex/internal/graph_state.h	yvex/internal/graph_state.h
baseline	include	src/graph/state_recipe.c	include/yvex/internal/core.h	yvex/internal/core.h
baseline	include	src/graph/state_recipe.c	include/yvex/internal/graph_state.h	yvex/internal/graph_state.h
baseline	include	src/graph/transformer.c	include/yvex/internal/core.h	yvex/internal/core.h
baseline	include	src/graph/transformer.c	include/yvex/internal/transformer.h	yvex/internal/transformer.h
baseline	include	src/graph/transformer.c	src/graph/private.h	src/graph/private.h
baseline	include	src/io/writer.c	include/yvex/internal/io.h	yvex/internal/io.h
baseline	include	src/model/artifacts/gate.c	include/yvex/backend.h	yvex/backend.h
baseline	include	src/model/artifacts/gate.c	include/yvex/internal/artifact.h	yvex/internal/artifact.h
baseline	include	src/model/artifacts/gate.c	include/yvex/internal/compilation.h	yvex/internal/compilation.h
baseline	include	src/model/artifacts/gate.c	include/yvex/internal/core.h	yvex/internal/core.h
baseline	include	src/model/artifacts/gate.c	include/yvex/internal/families/deepseek_v4.h	yvex/internal/families/deepseek_v4.h
baseline	include	src/model/artifacts/gate.c	include/yvex/internal/gguf.h	yvex/internal/gguf.h
baseline	include	src/model/artifacts/gate.c	include/yvex/internal/gguf_writer.h	yvex/internal/gguf_writer.h
baseline	include	src/model/artifacts/gate.c	include/yvex/internal/graph.h	yvex/internal/graph.h
baseline	include	src/model/artifacts/gate.c	include/yvex/internal/model_artifact.h	yvex/internal/model_artifact.h
baseline	include	src/model/artifacts/gate.c	include/yvex/internal/quant_numeric.h	yvex/internal/quant_numeric.h
baseline	include	src/model/artifacts/gate.c	include/yvex/internal/runtime.h	yvex/internal/runtime.h
baseline	include	src/model/artifacts/gate.c	include/yvex/model.h	yvex/model.h
baseline	include	src/model/artifacts/ref.c	include/yvex/artifact.h	yvex/artifact.h
baseline	include	src/model/artifacts/ref.c	include/yvex/internal/core.h	yvex/internal/core.h
baseline	include	src/model/artifacts/ref.c	include/yvex/model.h	yvex/model.h
baseline	include	src/model/artifacts/ref.c	include/yvex/registry.h	yvex/registry.h
baseline	include	src/model/artifacts/registry.c	include/yvex/artifact.h	yvex/artifact.h
baseline	include	src/model/artifacts/registry.c	include/yvex/internal/core.h	yvex/internal/core.h
baseline	include	src/model/artifacts/registry.c	include/yvex/internal/model_artifact.h	yvex/internal/model_artifact.h
baseline	include	src/model/artifacts/registry.c	include/yvex/registry.h	yvex/registry.h
baseline	include	src/model/artifacts/write.c	include/yvex/internal/core.h	yvex/internal/core.h
baseline	include	src/model/artifacts/write.c	include/yvex/internal/model_artifact.h	yvex/internal/model_artifact.h
baseline	include	src/model/compilation/binding.c	include/yvex/internal/compilation.h	yvex/internal/compilation.h
baseline	include	src/model/compilation/binding.c	include/yvex/internal/families/deepseek_v4.h	yvex/internal/families/deepseek_v4.h
baseline	include	src/model/compilation/ir.c	include/yvex/internal/compilation.h	yvex/internal/compilation.h
baseline	include	src/model/compilation/ir.c	include/yvex/internal/core.h	yvex/internal/core.h
baseline	include	src/model/compilation/ir.c	include/yvex/internal/families/deepseek_v4.h	yvex/internal/families/deepseek_v4.h
baseline	include	src/model/compilation/ir_identity.c	include/yvex/internal/compilation.h	yvex/internal/compilation.h
baseline	include	src/model/compilation/ir_identity.c	include/yvex/internal/core.h	yvex/internal/core.h
baseline	include	src/model/compilation/ir_identity.c	include/yvex/internal/families/deepseek_v4.h	yvex/internal/families/deepseek_v4.h
baseline	include	src/model/compilation/ir_validate.c	include/yvex/internal/compilation.h	yvex/internal/compilation.h
baseline	include	src/model/core.c	include/yvex/artifact.h	yvex/artifact.h
baseline	include	src/model/core.c	include/yvex/backend.h	yvex/backend.h
baseline	include	src/model/core.c	include/yvex/core.h	yvex/core.h
baseline	include	src/model/core.c	include/yvex/gguf.h	yvex/gguf.h
baseline	include	src/model/core.c	include/yvex/internal/core.h	yvex/internal/core.h
baseline	include	src/model/core.c	include/yvex/model.h	yvex/model.h
baseline	include	src/model/core.c	include/yvex/qtype.h	yvex/qtype.h
baseline	include	src/model/core.c	include/yvex/registry.h	yvex/registry.h
baseline	include	src/model/core.c	include/yvex/source.h	yvex/source.h
baseline	include	src/model/core.c	include/yvex/tokenizer.h	yvex/tokenizer.h
baseline	include	src/model/families/deepseek_v4.c	include/yvex/internal/artifact.h	yvex/internal/artifact.h
baseline	include	src/model/families/deepseek_v4.c	include/yvex/internal/core.h	yvex/internal/core.h
baseline	include	src/model/families/deepseek_v4.c	include/yvex/internal/families/deepseek_v4.h	yvex/internal/families/deepseek_v4.h
baseline	include	src/model/families/deepseek_v4.c	include/yvex/internal/source.h	yvex/internal/source.h
baseline	include	src/model/target/candidates.c	include/yvex/internal/model_target.h	yvex/internal/model_target.h
baseline	include	src/model/target/catalog.c	include/yvex/internal/core.h	yvex/internal/core.h
baseline	include	src/model/target/catalog.c	include/yvex/internal/model_target.h	yvex/internal/model_target.h
baseline	include	src/model/target/decision.c	include/yvex/internal/model_target.h	yvex/internal/model_target.h
baseline	include	src/model/target/mapping_gate.c	include/yvex/internal/compilation.h	yvex/internal/compilation.h
baseline	include	src/model/target/mapping_gate.c	include/yvex/internal/families/deepseek_v4.h	yvex/internal/families/deepseek_v4.h
baseline	include	src/model/target/mapping_gate.c	include/yvex/internal/model_target.h	yvex/internal/model_target.h
baseline	include	src/model/target/mapping_gate.c	include/yvex/internal/source.h	yvex/internal/source.h
baseline	include	src/model/target/missing_role.c	include/yvex/internal/model_target.h	yvex/internal/model_target.h
baseline	include	src/model/target/missing_role.c	include/yvex/internal/source.h	yvex/internal/source.h
baseline	include	src/model/target/model_class_profile.c	include/yvex/internal/families/deepseek_v4.h	yvex/internal/families/deepseek_v4.h
baseline	include	src/model/target/model_class_profile.c	include/yvex/internal/model_target.h	yvex/internal/model_target.h
baseline	include	src/model/target/model_class_profile.c	include/yvex/internal/source.h	yvex/internal/source.h
baseline	include	src/model/target/model_class_profile.c	include/yvex/source.h	yvex/source.h
baseline	include	src/model/target/output_head_map.c	include/yvex/internal/model_target.h	yvex/internal/model_target.h
baseline	include	src/model/target/qtype_policy.c	include/yvex/internal/model_target.h	yvex/internal/model_target.h
baseline	include	src/model/target/qtype_policy.c	include/yvex/internal/quant_numeric.h	yvex/internal/quant_numeric.h
baseline	include	src/model/target/qtype_role_support.c	include/yvex/internal/model_target.h	yvex/internal/model_target.h
baseline	include	src/model/target/qtype_role_support.c	include/yvex/internal/quant_numeric.h	yvex/internal/quant_numeric.h
baseline	include	src/model/target/report.c	include/yvex/internal/families/deepseek_v4.h	yvex/internal/families/deepseek_v4.h
baseline	include	src/model/target/report.c	include/yvex/internal/model_target.h	yvex/internal/model_target.h
baseline	include	src/model/target/report.c	include/yvex/source.h	yvex/source.h
baseline	include	src/model/target/sidecar_write.c	include/yvex/internal/core.h	yvex/internal/core.h
baseline	include	src/model/target/sidecar_write.c	include/yvex/internal/io.h	yvex/internal/io.h
baseline	include	src/model/target/sidecar_write.c	include/yvex/internal/model_target.h	yvex/internal/model_target.h
baseline	include	src/model/target/tensor_collection.c	include/yvex/internal/core.h	yvex/internal/core.h
baseline	include	src/model/target/tensor_collection.c	include/yvex/internal/families/deepseek_v4.h	yvex/internal/families/deepseek_v4.h
baseline	include	src/model/target/tensor_collection.c	include/yvex/internal/model_target.h	yvex/internal/model_target.h
baseline	include	src/model/target/tensor_collection.c	include/yvex/internal/source.h	yvex/internal/source.h
baseline	include	src/model/target/tensor_collection.c	include/yvex/source.h	yvex/source.h
baseline	include	src/model/target/tensor_naming.c	include/yvex/internal/compilation.h	yvex/internal/compilation.h
baseline	include	src/model/target/tensor_naming.c	include/yvex/internal/core.h	yvex/internal/core.h
baseline	include	src/model/target/tensor_naming.c	include/yvex/internal/families/deepseek_v4.h	yvex/internal/families/deepseek_v4.h
baseline	include	src/model/target/tensor_naming.c	include/yvex/internal/gguf.h	yvex/internal/gguf.h
baseline	include	src/model/target/tensor_naming.c	include/yvex/internal/model_target.h	yvex/internal/model_target.h
baseline	include	src/model/target/tokenizer_map.c	include/yvex/internal/model_target.h	yvex/internal/model_target.h
baseline	include	src/provider/core.c	include/yvex/internal/core.h	yvex/internal/core.h
baseline	include	src/provider/core.c	include/yvex/provider.h	yvex/provider.h
baseline	include	src/runtime/benchmark.c	include/yvex/internal/benchmark.h	yvex/internal/benchmark.h
baseline	include	src/runtime/benchmark.c	include/yvex/internal/runtime.h	yvex/internal/runtime.h
baseline	include	src/runtime/binding.c	include/yvex/internal/core.h	yvex/internal/core.h
baseline	include	src/runtime/binding.c	include/yvex/internal/moe.h	yvex/internal/moe.h
baseline	include	src/runtime/binding.c	include/yvex/internal/runtime.h	yvex/internal/runtime.h
baseline	include	src/runtime/core.c	include/yvex/artifact.h	yvex/artifact.h
baseline	include	src/runtime/core.c	include/yvex/internal/backend.h	yvex/internal/backend.h
baseline	include	src/runtime/core.c	include/yvex/internal/core.h	yvex/internal/core.h
baseline	include	src/runtime/core.c	include/yvex/internal/graph_state.h	yvex/internal/graph_state.h
baseline	include	src/runtime/core.c	include/yvex/internal/logits.h	yvex/internal/logits.h
baseline	include	src/runtime/core.c	src/runtime/private.h	src/runtime/private.h
baseline	include	src/runtime/decode.c	include/yvex/internal/core.h	yvex/internal/core.h
baseline	include	src/runtime/decode.c	include/yvex/internal/decode.h	yvex/internal/decode.h
baseline	include	src/runtime/decode.c	include/yvex/internal/runtime.h	yvex/internal/runtime.h
baseline	include	src/runtime/descriptor.c	include/yvex/internal/backend.h	yvex/internal/backend.h
baseline	include	src/runtime/descriptor.c	include/yvex/internal/core.h	yvex/internal/core.h
baseline	include	src/runtime/descriptor.c	include/yvex/internal/graph_state.h	yvex/internal/graph_state.h
baseline	include	src/runtime/descriptor.c	include/yvex/internal/runtime.h	yvex/internal/runtime.h
baseline	include	src/runtime/generation.c	include/yvex/internal/core.h	yvex/internal/core.h
baseline	include	src/runtime/generation.c	include/yvex/internal/graph_state.h	yvex/internal/graph_state.h
baseline	include	src/runtime/generation.c	include/yvex/internal/profile.h	yvex/internal/profile.h
baseline	include	src/runtime/generation.c	src/runtime/private.h	src/runtime/private.h
baseline	include	src/runtime/generation_context.c	include/yvex/internal/backend.h	yvex/internal/backend.h
baseline	include	src/runtime/generation_context.c	include/yvex/internal/core.h	yvex/internal/core.h
baseline	include	src/runtime/generation_context.c	include/yvex/internal/execution.h	yvex/internal/execution.h
baseline	include	src/runtime/generation_context.c	src/runtime/private.h	src/runtime/private.h
baseline	include	src/runtime/generation_result.c	src/runtime/private.h	src/runtime/private.h
baseline	include	src/runtime/graph.c	include/yvex/internal/backend.h	yvex/internal/backend.h
baseline	include	src/runtime/graph.c	include/yvex/internal/benchmark.h	yvex/internal/benchmark.h
baseline	include	src/runtime/graph.c	include/yvex/internal/core.h	yvex/internal/core.h
baseline	include	src/runtime/graph.c	include/yvex/internal/graph.h	yvex/internal/graph.h
baseline	include	src/runtime/graph.c	include/yvex/internal/graph_state.h	yvex/internal/graph_state.h
baseline	include	src/runtime/graph.c	include/yvex/internal/runtime.h	yvex/internal/runtime.h
baseline	include	src/runtime/graph.c	include/yvex/internal/runtime_prefill.h	yvex/internal/runtime_prefill.h
baseline	include	src/runtime/logits.c	include/yvex/internal/backend.h	yvex/internal/backend.h
baseline	include	src/runtime/logits.c	include/yvex/internal/core.h	yvex/internal/core.h
baseline	include	src/runtime/logits.c	include/yvex/internal/execution.h	yvex/internal/execution.h
baseline	include	src/runtime/logits.c	include/yvex/internal/logits.h	yvex/internal/logits.h
baseline	include	src/runtime/logits.c	include/yvex/internal/quant_numeric.h	yvex/internal/quant_numeric.h
baseline	include	src/runtime/logits.c	include/yvex/internal/runtime.h	yvex/internal/runtime.h
baseline	include	src/runtime/moe.c	include/yvex/internal/backend.h	yvex/internal/backend.h
baseline	include	src/runtime/moe.c	include/yvex/internal/core.h	yvex/internal/core.h
baseline	include	src/runtime/moe.c	include/yvex/internal/moe.h	yvex/internal/moe.h
baseline	include	src/runtime/moe.c	include/yvex/internal/quant_numeric.h	yvex/internal/quant_numeric.h
baseline	include	src/runtime/moe.c	include/yvex/internal/runtime.h	yvex/internal/runtime.h
baseline	include	src/runtime/moe_input.c	include/yvex/internal/core.h	yvex/internal/core.h
baseline	include	src/runtime/moe_input.c	include/yvex/internal/moe.h	yvex/internal/moe.h
baseline	include	src/runtime/moe_input.c	include/yvex/internal/runtime.h	yvex/internal/runtime.h
baseline	include	src/runtime/prefill.c	include/yvex/internal/core.h	yvex/internal/core.h
baseline	include	src/runtime/prefill.c	include/yvex/internal/runtime_prefill.h	yvex/internal/runtime_prefill.h
baseline	include	src/runtime/residency.c	include/yvex/artifact.h	yvex/artifact.h
baseline	include	src/runtime/residency.c	include/yvex/internal/backend.h	yvex/internal/backend.h
baseline	include	src/runtime/residency.c	include/yvex/internal/core.h	yvex/internal/core.h
baseline	include	src/runtime/residency.c	include/yvex/internal/runtime.h	yvex/internal/runtime.h
baseline	include	src/runtime/residency.c	src/runtime/private.h	src/runtime/private.h
baseline	include	src/runtime/sampling.c	include/yvex/internal/backend.h	yvex/internal/backend.h
baseline	include	src/runtime/sampling.c	include/yvex/internal/core.h	yvex/internal/core.h
baseline	include	src/runtime/sampling.c	include/yvex/internal/sampling.h	yvex/internal/sampling.h
baseline	include	src/runtime/session.c	include/yvex/internal/backend.h	yvex/internal/backend.h
baseline	include	src/runtime/session.c	include/yvex/internal/core.h	yvex/internal/core.h
baseline	include	src/runtime/session.c	include/yvex/internal/execution.h	yvex/internal/execution.h
baseline	include	src/runtime/session.c	include/yvex/internal/graph_state.h	yvex/internal/graph_state.h
baseline	include	src/runtime/session.c	src/runtime/private.h	src/runtime/private.h
baseline	include	src/runtime/speculation.c	include/yvex/internal/artifact.h	yvex/internal/artifact.h
baseline	include	src/runtime/speculation.c	include/yvex/internal/decode.h	yvex/internal/decode.h
baseline	include	src/runtime/speculation.c	include/yvex/internal/logits.h	yvex/internal/logits.h
baseline	include	src/runtime/speculation.c	include/yvex/internal/quant_numeric.h	yvex/internal/quant_numeric.h
baseline	include	src/runtime/speculation.c	include/yvex/internal/runtime.h	yvex/internal/runtime.h
baseline	include	src/runtime/speculation.c	include/yvex/internal/sampling.h	yvex/internal/sampling.h
baseline	include	src/runtime/speculation.c	include/yvex/internal/transformer.h	yvex/internal/transformer.h
baseline	include	src/runtime/speculation.c	src/runtime/private.h	src/runtime/private.h
baseline	include	src/runtime/transformer.c	include/yvex/internal/backend.h	yvex/internal/backend.h
baseline	include	src/runtime/transformer.c	include/yvex/internal/core.h	yvex/internal/core.h
baseline	include	src/runtime/transformer.c	include/yvex/internal/execution.h	yvex/internal/execution.h
baseline	include	src/runtime/transformer.c	include/yvex/internal/quant_numeric.h	yvex/internal/quant_numeric.h
baseline	include	src/runtime/transformer.c	include/yvex/internal/runtime.h	yvex/internal/runtime.h
baseline	include	src/runtime/transformer.c	include/yvex/internal/transformer.h	yvex/internal/transformer.h
baseline	include	src/runtime/transformer_input.c	include/yvex/internal/core.h	yvex/internal/core.h
baseline	include	src/runtime/transformer_input.c	include/yvex/internal/runtime.h	yvex/internal/runtime.h
baseline	include	src/runtime/transformer_input.c	include/yvex/internal/transformer.h	yvex/internal/transformer.h
baseline	include	src/server/core.c	include/yvex/internal/core.h	yvex/internal/core.h
baseline	include	src/server/core.c	src/server/private.h	src/server/private.h
baseline	include	src/server/openai/core.c	include/yvex/internal/core.h	yvex/internal/core.h
baseline	include	src/server/openai/core.c	src/server/openai/private.h	src/server/openai/private.h
baseline	include	src/server/openai/http.c	src/server/openai/private.h	src/server/openai/private.h
baseline	include	src/server/openai/json.c	include/yvex/internal/core.h	yvex/internal/core.h
baseline	include	src/server/openai/json.c	src/server/openai/private.h	src/server/openai/private.h
baseline	include	src/server/openai/render.c	src/server/openai/private.h	src/server/openai/private.h
baseline	include	src/server/openai/state.c	include/yvex/internal/core.h	yvex/internal/core.h
baseline	include	src/server/openai/state.c	src/server/openai/private.h	src/server/openai/private.h
baseline	include	src/server/protocol.c	src/server/private.h	src/server/private.h
baseline	include	src/server/session.c	include/yvex/internal/core.h	yvex/internal/core.h
baseline	include	src/server/session.c	src/server/private.h	src/server/private.h
baseline	include	src/server/telemetry.c	include/yvex/internal/core.h	yvex/internal/core.h
baseline	include	src/server/telemetry.c	src/server/private.h	src/server/private.h
baseline	include	src/source/inventory.c	include/yvex/internal/core.h	yvex/internal/core.h
baseline	include	src/source/inventory.c	include/yvex/internal/source.h	yvex/internal/source.h
baseline	include	src/source/inventory.c	include/yvex/internal/source_payload.h	yvex/internal/source_payload.h
baseline	include	src/source/manifest.c	include/yvex/internal/source_payload.h	yvex/internal/source_payload.h
baseline	include	src/source/manifest.c	include/yvex/source.h	yvex/source.h
baseline	include	src/source/native_weights.c	include/yvex/internal/source_payload.h	yvex/internal/source_payload.h
baseline	include	src/source/native_weights.c	include/yvex/source.h	yvex/source.h
baseline	include	src/source/payload.c	include/yvex/internal/core.h	yvex/internal/core.h
baseline	include	src/source/payload.c	include/yvex/internal/source.h	yvex/internal/source.h
baseline	include	src/source/payload.c	include/yvex/internal/source_payload.h	yvex/internal/source_payload.h
baseline	include	src/source/payload_identity.c	include/yvex/internal/core.h	yvex/internal/core.h
baseline	include	src/source/payload_identity.c	include/yvex/internal/source.h	yvex/internal/source.h
baseline	include	src/source/payload_identity.c	include/yvex/internal/source_payload.h	yvex/internal/source_payload.h
baseline	include	src/source/payload_plan.c	include/yvex/internal/core.h	yvex/internal/core.h
baseline	include	src/source/payload_plan.c	include/yvex/internal/source_payload.h	yvex/internal/source_payload.h
baseline	include	src/source/payload_stream.c	include/yvex/internal/core.h	yvex/internal/core.h
baseline	include	src/source/payload_stream.c	include/yvex/internal/source_payload.h	yvex/internal/source_payload.h
baseline	include	src/source/provenance.c	include/yvex/internal/core.h	yvex/internal/core.h
baseline	include	src/source/provenance.c	include/yvex/internal/source.h	yvex/internal/source.h
baseline	include	src/source/provenance.c	include/yvex/internal/source_payload.h	yvex/internal/source_payload.h
baseline	include	src/source/report.c	include/yvex/internal/core.h	yvex/internal/core.h
baseline	include	src/source/report.c	include/yvex/internal/source_payload.h	yvex/internal/source_payload.h
baseline	include	src/source/safetensors_header.c	include/yvex/internal/core.h	yvex/internal/core.h
baseline	include	src/source/safetensors_header.c	include/yvex/internal/source_payload.h	yvex/internal/source_payload.h
baseline	include	src/source/scan.c	include/yvex/internal/source_payload.h	yvex/internal/source_payload.h
baseline	include	src/source/verify.c	include/yvex/internal/core.h	yvex/internal/core.h
baseline	include	src/source/verify.c	include/yvex/internal/source.h	yvex/internal/source.h
baseline	include	src/source/verify.c	include/yvex/internal/source_payload.h	yvex/internal/source_payload.h
baseline	include	src/source/write.c	include/yvex/internal/io.h	yvex/internal/io.h
baseline	include	src/source/write.c	include/yvex/internal/source.h	yvex/internal/source.h
baseline	include	src/source/write.c	include/yvex/internal/source_payload.h	yvex/internal/source_payload.h
baseline	include	src/tokenizer/core.c	include/yvex/gguf.h	yvex/gguf.h
baseline	include	src/tokenizer/core.c	src/tokenizer/private.h	src/tokenizer/private.h
baseline	include	src/tokenizer/decode.c	include/yvex/artifact.h	yvex/artifact.h
baseline	include	src/tokenizer/decode.c	include/yvex/internal/core.h	yvex/internal/core.h
baseline	include	src/tokenizer/decode.c	src/tokenizer/private.h	src/tokenizer/private.h
baseline	include	src/tokenizer/execution.c	include/yvex/internal/core.h	yvex/internal/core.h
baseline	include	src/tokenizer/execution.c	src/tokenizer/private.h	src/tokenizer/private.h
baseline	include	src/tokenizer/provider.c	include/yvex/internal/core.h	yvex/internal/core.h
baseline	include	src/tokenizer/provider.c	src/tokenizer/private.h	src/tokenizer/private.h
baseline	include	src/tokenizer/token_input.c	include/yvex/tokenizer.h	yvex/tokenizer.h
baseline	include	src/tokenizer/unicode.c	src/tokenizer/private.h	src/tokenizer/private.h
baseline	link	src/accounts/provider.c	src/core/fs.c	yvex_core_mkdir_parent
baseline	link	src/accounts/provider.c	src/core/fs.c	yvex_core_timestamp_utc
baseline	link	src/accounts/provider.c	src/core/fs.c	yvex_paths_default
baseline	link	src/accounts/provider.c	src/core/status.c	yvex_error_code
baseline	link	src/accounts/provider.c	src/core/status.c	yvex_error_set
baseline	link	src/accounts/provider.c	src/core/status.c	yvex_error_setf
baseline	link	src/accounts/provider.c	src/io/writer.c	yvex_file_json_write_string
baseline	link	src/artifact/core.c	src/artifact/identity.c	yvex_artifact_snapshot_equal
baseline	link	src/artifact/core.c	src/core/status.c	yvex_core_allocate
baseline	link	src/artifact/core.c	src/core/status.c	yvex_error_clear
baseline	link	src/artifact/core.c	src/core/status.c	yvex_error_set
baseline	link	src/artifact/core.c	src/core/status.c	yvex_error_setf
baseline	link	src/artifact/descriptor.c	src/core/sha256.c	yvex_sha256_final
baseline	link	src/artifact/descriptor.c	src/core/sha256.c	yvex_sha256_hex
baseline	link	src/artifact/descriptor.c	src/core/sha256.c	yvex_sha256_init
baseline	link	src/artifact/descriptor.c	src/core/sha256.c	yvex_sha256_update_text
baseline	link	src/artifact/descriptor.c	src/core/sha256.c	yvex_sha256_update_u64
baseline	link	src/artifact/descriptor.c	src/core/status.c	yvex_core_text_copy
baseline	link	src/artifact/descriptor.c	src/core/status.c	yvex_error_clear
baseline	link	src/artifact/descriptor.c	src/core/status.c	yvex_error_set
baseline	link	src/artifact/descriptor.c	src/model/families/deepseek_v4.c	yvex_model_register_deepseek_v4
baseline	link	src/artifact/descriptor.c	src/runtime/descriptor.c	yvex_runtime_descriptor_build
baseline	link	src/artifact/descriptor.c	src/runtime/descriptor.c	yvex_runtime_descriptor_close
baseline	link	src/artifact/descriptor.c	src/runtime/descriptor.c	yvex_runtime_descriptor_summary_get
baseline	link	src/artifact/descriptor.c	src/runtime/descriptor.c	yvex_runtime_descriptor_tensor_at
baseline	link	src/artifact/identity.c	src/artifact/core.c	yvex_artifact_cache_release
baseline	link	src/artifact/identity.c	src/artifact/core.c	yvex_artifact_path
baseline	link	src/artifact/identity.c	src/artifact/core.c	yvex_artifact_read_at
baseline	link	src/artifact/identity.c	src/artifact/core.c	yvex_artifact_size
baseline	link	src/artifact/identity.c	src/artifact/core.c	yvex_artifact_snapshot_validate
baseline	link	src/artifact/identity.c	src/core/sha256.c	yvex_sha256_final
baseline	link	src/artifact/identity.c	src/core/sha256.c	yvex_sha256_hex
baseline	link	src/artifact/identity.c	src/core/sha256.c	yvex_sha256_hex_valid
baseline	link	src/artifact/identity.c	src/core/sha256.c	yvex_sha256_init
baseline	link	src/artifact/identity.c	src/core/sha256.c	yvex_sha256_update
baseline	link	src/artifact/identity.c	src/core/sha256.c	yvex_sha256_update_text
baseline	link	src/artifact/identity.c	src/core/sha256.c	yvex_sha256_update_u64
baseline	link	src/artifact/identity.c	src/core/status.c	yvex_core_allocate
baseline	link	src/artifact/identity.c	src/core/status.c	yvex_core_u64_add
baseline	link	src/artifact/identity.c	src/core/status.c	yvex_error_clear
baseline	link	src/artifact/identity.c	src/core/status.c	yvex_error_is_set
baseline	link	src/artifact/identity.c	src/core/status.c	yvex_error_set
baseline	link	src/artifact/identity.c	src/core/status.c	yvex_error_setf
baseline	link	src/artifact/identity.c	src/gguf/core.c	yvex_gguf_tensor_at
baseline	link	src/artifact/identity.c	src/gguf/core.c	yvex_gguf_tensor_count
baseline	link	src/artifact/identity.c	src/gguf/layout_integrity.c	yvex_gguf_layout_validate
baseline	link	src/artifact/integrity.c	src/artifact/core.c	yvex_artifact_close
baseline	link	src/artifact/integrity.c	src/artifact/core.c	yvex_artifact_open
baseline	link	src/artifact/integrity.c	src/artifact/core.c	yvex_artifact_path
baseline	link	src/artifact/integrity.c	src/artifact/core.c	yvex_artifact_size
baseline	link	src/artifact/integrity.c	src/artifact/core.c	yvex_artifact_snapshot_validate
baseline	link	src/artifact/integrity.c	src/artifact/identity.c	yvex_artifact_identity_read_open
baseline	link	src/artifact/integrity.c	src/artifact/identity.c	yvex_sha256_hex_is_valid
baseline	link	src/artifact/integrity.c	src/core/status.c	yvex_core_text_copy
baseline	link	src/artifact/integrity.c	src/core/status.c	yvex_core_u64_add
baseline	link	src/artifact/integrity.c	src/core/status.c	yvex_core_u64_mul
baseline	link	src/artifact/integrity.c	src/core/status.c	yvex_error_clear
baseline	link	src/artifact/integrity.c	src/core/status.c	yvex_error_code
baseline	link	src/artifact/integrity.c	src/core/status.c	yvex_error_message
baseline	link	src/artifact/integrity.c	src/core/status.c	yvex_error_set
baseline	link	src/artifact/integrity.c	src/core/status.c	yvex_error_setf
baseline	link	src/artifact/integrity.c	src/gguf/core.c	yvex_gguf_alignment
baseline	link	src/artifact/integrity.c	src/gguf/core.c	yvex_gguf_close
baseline	link	src/artifact/integrity.c	src/gguf/core.c	yvex_gguf_header_view
baseline	link	src/artifact/integrity.c	src/gguf/core.c	yvex_gguf_metadata_find
baseline	link	src/artifact/integrity.c	src/gguf/core.c	yvex_gguf_open_ex
baseline	link	src/artifact/integrity.c	src/gguf/core.c	yvex_gguf_tensor_data_offset
baseline	link	src/artifact/integrity.c	src/gguf/core.c	yvex_gguf_value_as_string
baseline	link	src/artifact/integrity.c	src/gguf/layout_integrity.c	yvex_gguf_layout_code_name
baseline	link	src/artifact/integrity.c	src/gguf/layout_integrity.c	yvex_gguf_layout_validate
baseline	link	src/artifact/integrity.c	src/gguf/qtype.c	yvex_gguf_qtype_geometry_find
baseline	link	src/artifact/integrity.c	src/model/core.c	yvex_dtype_get_info
baseline	link	src/artifact/integrity.c	src/model/core.c	yvex_dtype_storage_supported
baseline	link	src/artifact/integrity.c	src/model/core.c	yvex_dtype_tensor_storage_bytes
baseline	link	src/artifact/integrity.c	src/model/core.c	yvex_tensor_table_close
baseline	link	src/artifact/integrity.c	src/model/core.c	yvex_tensor_table_count
baseline	link	src/artifact/integrity.c	src/model/core.c	yvex_tensor_table_find
baseline	link	src/artifact/integrity.c	src/model/core.c	yvex_tensor_table_from_gguf
baseline	link	src/artifact/materialize.c	src/artifact/core.c	yvex_artifact_cache_release
baseline	link	src/artifact/materialize.c	src/artifact/core.c	yvex_artifact_read_at
baseline	link	src/artifact/materialize.c	src/artifact/core.c	yvex_artifact_size
baseline	link	src/artifact/materialize.c	src/artifact/core.c	yvex_artifact_snapshot_get
baseline	link	src/artifact/materialize.c	src/artifact/core.c	yvex_artifact_snapshot_validate
baseline	link	src/artifact/materialize.c	src/artifact/identity.c	yvex_artifact_snapshot_equal
baseline	link	src/artifact/materialize.c	src/core/sha256.c	yvex_sha256_final
baseline	link	src/artifact/materialize.c	src/core/sha256.c	yvex_sha256_hex
baseline	link	src/artifact/materialize.c	src/core/sha256.c	yvex_sha256_init
baseline	link	src/artifact/materialize.c	src/core/sha256.c	yvex_sha256_update_text
baseline	link	src/artifact/materialize.c	src/core/sha256.c	yvex_sha256_update_u64
baseline	link	src/artifact/materialize.c	src/core/status.c	yvex_core_allocate
baseline	link	src/artifact/materialize.c	src/core/status.c	yvex_core_text_copy
baseline	link	src/artifact/materialize.c	src/core/status.c	yvex_core_u64_add
baseline	link	src/artifact/materialize.c	src/core/status.c	yvex_error_clear
baseline	link	src/artifact/materialize.c	src/core/status.c	yvex_error_set
baseline	link	src/artifact/materialize.c	src/gguf/core.c	yvex_gguf_alignment
baseline	link	src/artifact/materialize.c	src/gguf/layout_integrity.c	yvex_gguf_layout_validate
baseline	link	src/artifact/materialize.c	src/gguf/qtype.c	yvex_gguf_qtype_geometry_find
baseline	link	src/artifact/materialize.c	src/gguf/qtype.c	yvex_gguf_qtype_validate_tensor_storage
baseline	link	src/artifact/materialize.c	src/gguf/quant_registry.c	yvex_quant_numeric_capability_at
baseline	link	src/artifact/materialize.c	src/model/core.c	yvex_tensor_table_at
baseline	link	src/artifact/materialize.c	src/model/core.c	yvex_tensor_table_count
baseline	link	src/artifact/roundtrip_gate.c	src/artifact/core.c	yvex_artifact_close
baseline	link	src/artifact/roundtrip_gate.c	src/artifact/core.c	yvex_artifact_open
baseline	link	src/artifact/roundtrip_gate.c	src/artifact/core.c	yvex_artifact_path
baseline	link	src/artifact/roundtrip_gate.c	src/artifact/core.c	yvex_artifact_read_at
baseline	link	src/artifact/roundtrip_gate.c	src/artifact/core.c	yvex_artifact_size
baseline	link	src/artifact/roundtrip_gate.c	src/artifact/core.c	yvex_artifact_snapshot_get
baseline	link	src/artifact/roundtrip_gate.c	src/artifact/core.c	yvex_artifact_snapshot_validate
baseline	link	src/artifact/roundtrip_gate.c	src/artifact/identity.c	yvex_artifact_identity_read_open_progress
baseline	link	src/artifact/roundtrip_gate.c	src/artifact/identity.c	yvex_artifact_identity_stream_final
baseline	link	src/artifact/roundtrip_gate.c	src/artifact/identity.c	yvex_artifact_identity_stream_init
baseline	link	src/artifact/roundtrip_gate.c	src/artifact/identity.c	yvex_artifact_identity_stream_update
baseline	link	src/artifact/roundtrip_gate.c	src/artifact/identity.c	yvex_artifact_snapshot_equal
baseline	link	src/artifact/roundtrip_gate.c	src/artifact/identity.c	yvex_sha256_hex_is_valid
baseline	link	src/artifact/roundtrip_gate.c	src/core/sha256.c	yvex_sha256_final
baseline	link	src/artifact/roundtrip_gate.c	src/core/sha256.c	yvex_sha256_hex
baseline	link	src/artifact/roundtrip_gate.c	src/core/sha256.c	yvex_sha256_init
baseline	link	src/artifact/roundtrip_gate.c	src/core/sha256.c	yvex_sha256_update
baseline	link	src/artifact/roundtrip_gate.c	src/core/sha256.c	yvex_sha256_update_text
baseline	link	src/artifact/roundtrip_gate.c	src/core/sha256.c	yvex_sha256_update_u64
baseline	link	src/artifact/roundtrip_gate.c	src/core/status.c	yvex_core_allocate
baseline	link	src/artifact/roundtrip_gate.c	src/core/status.c	yvex_core_text_copy
baseline	link	src/artifact/roundtrip_gate.c	src/core/status.c	yvex_core_u64_add
baseline	link	src/artifact/roundtrip_gate.c	src/core/status.c	yvex_error_clear
baseline	link	src/artifact/roundtrip_gate.c	src/core/status.c	yvex_error_set
baseline	link	src/artifact/roundtrip_gate.c	src/gguf/core.c	yvex_gguf_alignment
baseline	link	src/artifact/roundtrip_gate.c	src/gguf/core.c	yvex_gguf_close
baseline	link	src/artifact/roundtrip_gate.c	src/gguf/core.c	yvex_gguf_file_size
baseline	link	src/artifact/roundtrip_gate.c	src/gguf/core.c	yvex_gguf_header_view
baseline	link	src/artifact/roundtrip_gate.c	src/gguf/core.c	yvex_gguf_metadata_count
baseline	link	src/artifact/roundtrip_gate.c	src/gguf/core.c	yvex_gguf_metadata_find
baseline	link	src/artifact/roundtrip_gate.c	src/gguf/core.c	yvex_gguf_open_ex
baseline	link	src/artifact/roundtrip_gate.c	src/gguf/core.c	yvex_gguf_tensor_at
baseline	link	src/artifact/roundtrip_gate.c	src/gguf/core.c	yvex_gguf_tensor_count
baseline	link	src/artifact/roundtrip_gate.c	src/gguf/core.c	yvex_gguf_tensor_data_offset
baseline	link	src/artifact/roundtrip_gate.c	src/gguf/core.c	yvex_gguf_value_array_info
baseline	link	src/artifact/roundtrip_gate.c	src/gguf/layout_integrity.c	yvex_gguf_layout_interval_measure
baseline	link	src/artifact/roundtrip_gate.c	src/gguf/layout_integrity.c	yvex_gguf_layout_sum_checked
baseline	link	src/artifact/roundtrip_gate.c	src/gguf/layout_integrity.c	yvex_gguf_layout_validate
baseline	link	src/artifact/roundtrip_gate.c	src/gguf/quant_sink.c	yvex_quant_digest_sink_terminal_at
baseline	link	src/artifact/roundtrip_gate.c	src/gguf/reader.c	yvex_gguf_reader_options_default
baseline	link	src/artifact/roundtrip_gate.c	src/gguf/writer.c	yvex_gguf_writer_plan_prefix
baseline	link	src/artifact/roundtrip_gate.c	src/gguf/writer.c	yvex_gguf_writer_plan_summary_get
baseline	link	src/artifact/roundtrip_gate.c	src/gguf/writer.c	yvex_gguf_writer_plan_tensor_at
baseline	link	src/backend/core.c	src/backend/cpu.c	yvex_backend_open_cpu
baseline	link	src/backend/core.c	src/backend/cuda/backend.c	yvex_backend_open_cuda_impl
baseline	link	src/backend/core.c	src/core/status.c	yvex_core_allocate
baseline	link	src/backend/core.c	src/core/status.c	yvex_error_clear
baseline	link	src/backend/core.c	src/core/status.c	yvex_error_set
baseline	link	src/backend/core.c	src/core/status.c	yvex_error_setf
baseline	link	src/backend/cpu.c	src/backend/core.c	yvex_backend_memory_can_add
baseline	link	src/backend/cpu.c	src/backend/core.c	yvex_backend_nth_root
baseline	link	src/backend/cpu.c	src/backend/core.c	yvex_backend_tensor_copy_validate
baseline	link	src/backend/cpu.c	src/backend/core.c	yvex_backend_tensor_rw_validate
baseline	link	src/backend/cpu.c	src/backend/core.c	yvex_backend_tensor_same_shape
baseline	link	src/backend/cpu.c	src/backend/core.c	yvex_backend_validate_attention
baseline	link	src/backend/cpu.c	src/backend/core.c	yvex_backend_validate_embed
baseline	link	src/backend/cpu.c	src/backend/core.c	yvex_backend_validate_matmul
baseline	link	src/backend/cpu.c	src/backend/core.c	yvex_backend_validate_mlp
baseline	link	src/backend/cpu.c	src/backend/core.c	yvex_backend_validate_rms_norm
baseline	link	src/backend/cpu.c	src/backend/core.c	yvex_backend_validate_rope
baseline	link	src/backend/cpu.c	src/core/status.c	yvex_core_allocate
baseline	link	src/backend/cpu.c	src/core/status.c	yvex_core_strdup
baseline	link	src/backend/cpu.c	src/core/status.c	yvex_error_clear
baseline	link	src/backend/cpu.c	src/core/status.c	yvex_error_set
baseline	link	src/backend/cpu.c	src/gguf/quant_scalar.c	yvex_quant_f16_decode
baseline	link	src/backend/cuda/backend.c	src/backend/core.c	yvex_backend_close_checked
baseline	link	src/backend/cuda/backend.c	src/backend/core.c	yvex_backend_memory_can_add
baseline	link	src/backend/cuda/backend.c	src/backend/cuda/capability.c	yvex_cuda_deferred_release_drain
baseline	link	src/backend/cuda/backend.c	src/backend/cuda/capability.c	yvex_cuda_kernel_bundle_admit
baseline	link	src/backend/cuda/backend.c	src/backend/cuda/capability.c	yvex_cuda_kernel_bundle_close
baseline	link	src/backend/cuda/backend.c	src/backend/cuda/capability.c	yvex_cuda_query_capability
baseline	link	src/backend/cuda/backend.c	src/backend/cuda/errors.c	yvex_cuda_status
baseline	link	src/backend/cuda/backend.c	src/backend/cuda/graph.c	yvex_cuda_graphs_close_all
baseline	link	src/backend/cuda/backend.c	src/backend/cuda/info.c	yvex_cuda_driver_load
baseline	link	src/backend/cuda/backend.c	src/backend/cuda/info.c	yvex_cuda_driver_unload
baseline	link	src/backend/cuda/backend.c	src/backend/cuda/info.c	yvex_cuda_refresh_memory_info
baseline	link	src/backend/cuda/backend.c	src/backend/cuda/info.c	yvex_cuda_set_current
baseline	link	src/backend/cuda/backend.c	src/backend/cuda/info.c	yvex_cuda_state
baseline	link	src/backend/cuda/backend.c	src/backend/cuda/ops.c	yvex_cuda_op_attention
baseline	link	src/backend/cuda/backend.c	src/backend/cuda/ops.c	yvex_cuda_op_embed
baseline	link	src/backend/cuda/backend.c	src/backend/cuda/ops.c	yvex_cuda_op_matmul
baseline	link	src/backend/cuda/backend.c	src/backend/cuda/ops.c	yvex_cuda_op_mlp
baseline	link	src/backend/cuda/backend.c	src/backend/cuda/ops.c	yvex_cuda_op_rms_norm
baseline	link	src/backend/cuda/backend.c	src/backend/cuda/ops.c	yvex_cuda_op_rope
baseline	link	src/backend/cuda/backend.c	src/backend/cuda/tensor.c	yvex_cuda_tensor_alloc
baseline	link	src/backend/cuda/backend.c	src/backend/cuda/tensor.c	yvex_cuda_tensor_copy
baseline	link	src/backend/cuda/backend.c	src/backend/cuda/tensor.c	yvex_cuda_tensor_free
baseline	link	src/backend/cuda/backend.c	src/backend/cuda/tensor.c	yvex_cuda_tensor_read
baseline	link	src/backend/cuda/backend.c	src/backend/cuda/tensor.c	yvex_cuda_tensor_write
baseline	link	src/backend/cuda/backend.c	src/core/status.c	yvex_core_allocate
baseline	link	src/backend/cuda/backend.c	src/core/status.c	yvex_core_strdup
baseline	link	src/backend/cuda/backend.c	src/core/status.c	yvex_core_text_copy
baseline	link	src/backend/cuda/backend.c	src/core/status.c	yvex_error_clear
baseline	link	src/backend/cuda/backend.c	src/core/status.c	yvex_error_set
baseline	link	src/backend/cuda/backend.c	src/core/status.c	yvex_error_setf
baseline	link	src/backend/cuda/capability.c	src/backend/core.c	yvex_backend_capability_reason_name
baseline	link	src/backend/cuda/capability.c	src/backend/core.c	yvex_backend_operation_variant_name
baseline	link	src/backend/cuda/capability.c	src/backend/core.c	yvex_backend_query_capability
baseline	link	src/backend/cuda/capability.c	src/backend/cuda/errors.c	yvex_cuda_status
baseline	link	src/backend/cuda/capability.c	src/backend/cuda/graph.c	yvex_cuda_capture_active
baseline	link	src/backend/cuda/capability.c	src/backend/cuda/graph.c	yvex_cuda_graph_kernel_capture
baseline	link	src/backend/cuda/capability.c	src/backend/cuda/graph.c	yvex_cuda_launch_stream
baseline	link	src/backend/cuda/capability.c	src/backend/cuda/info.c	yvex_cuda_set_current
baseline	link	src/backend/cuda/capability.c	src/backend/cuda/info.c	yvex_cuda_state
baseline	link	src/backend/cuda/capability.c	src/core/sha256.c	yvex_sha256_final
baseline	link	src/backend/cuda/capability.c	src/core/sha256.c	yvex_sha256_hex
baseline	link	src/backend/cuda/capability.c	src/core/sha256.c	yvex_sha256_init
baseline	link	src/backend/cuda/capability.c	src/core/sha256.c	yvex_sha256_update
baseline	link	src/backend/cuda/capability.c	src/core/sha256.c	yvex_sha256_update_text
baseline	link	src/backend/cuda/capability.c	src/core/status.c	yvex_error_clear
baseline	link	src/backend/cuda/capability.c	src/core/status.c	yvex_error_set
baseline	link	src/backend/cuda/capability.c	src/core/status.c	yvex_error_setf
baseline	link	src/backend/cuda/errors.c	src/core/status.c	yvex_error_clear
baseline	link	src/backend/cuda/errors.c	src/core/status.c	yvex_error_setf
baseline	link	src/backend/cuda/families/deepseek_v4.c	src/backend/core.c	yvex_backend_host_workspace_summary_get
baseline	link	src/backend/cuda/families/deepseek_v4.c	src/backend/core.c	yvex_backend_resident_resolve
baseline	link	src/backend/cuda/families/deepseek_v4.c	src/backend/core.c	yvex_backend_state_residency_resolve
baseline	link	src/backend/cuda/families/deepseek_v4.c	src/backend/cuda/backend.c	yvex_cuda_timing
baseline	link	src/backend/cuda/families/deepseek_v4.c	src/backend/cuda/capability.c	yvex_cuda_require_capability
baseline	link	src/backend/cuda/families/deepseek_v4.c	src/backend/cuda/capability.c	yvex_cuda_synchronize
baseline	link	src/backend/cuda/families/deepseek_v4.c	src/backend/cuda/errors.c	yvex_cuda_status
baseline	link	src/backend/cuda/families/deepseek_v4.c	src/backend/cuda/graph.c	yvex_cuda_attention_graph_key
baseline	link	src/backend/cuda/families/deepseek_v4.c	src/backend/cuda/graph.c	yvex_cuda_capture_active
baseline	link	src/backend/cuda/families/deepseek_v4.c	src/backend/cuda/graph.c	yvex_cuda_graph_execute
baseline	link	src/backend/cuda/families/deepseek_v4.c	src/backend/cuda/graph.c	yvex_cuda_launch_stream
baseline	link	src/backend/cuda/families/deepseek_v4.c	src/backend/cuda/info.c	yvex_cuda_set_current
baseline	link	src/backend/cuda/families/deepseek_v4.c	src/backend/cuda/info.c	yvex_cuda_state
baseline	link	src/backend/cuda/families/deepseek_v4.c	src/backend/cuda/ops.c	yvex_cuda_activation_copy
baseline	link	src/backend/cuda/families/deepseek_v4.c	src/backend/cuda/ops.c	yvex_cuda_activation_pointer
baseline	link	src/backend/cuda/families/deepseek_v4.c	src/backend/cuda/ops.c	yvex_cuda_activation_views_valid
baseline	link	src/backend/cuda/families/deepseek_v4.c	src/backend/cuda/ops.c	yvex_cuda_attention_operations_get
baseline	link	src/backend/cuda/families/deepseek_v4.c	src/backend/cuda/ops.c	yvex_cuda_work_cleanup
baseline	link	src/backend/cuda/families/deepseek_v4.c	src/core/status.c	yvex_core_u64_add
baseline	link	src/backend/cuda/families/deepseek_v4.c	src/core/status.c	yvex_core_u64_mul
baseline	link	src/backend/cuda/families/deepseek_v4.c	src/core/status.c	yvex_error_clear
baseline	link	src/backend/cuda/families/deepseek_v4.c	src/core/status.c	yvex_error_set
baseline	link	src/backend/cuda/families/deepseek_v4.c	src/core/status.c	yvex_error_setf
baseline	link	src/backend/cuda/graph.c	src/backend/cuda/backend.c	yvex_cuda_timing
baseline	link	src/backend/cuda/graph.c	src/backend/cuda/errors.c	yvex_cuda_status
baseline	link	src/backend/cuda/graph.c	src/backend/cuda/info.c	yvex_cuda_set_current
baseline	link	src/backend/cuda/graph.c	src/backend/cuda/info.c	yvex_cuda_state
baseline	link	src/backend/cuda/graph.c	src/core/sha256.c	yvex_sha256_final
baseline	link	src/backend/cuda/graph.c	src/core/sha256.c	yvex_sha256_hex
baseline	link	src/backend/cuda/graph.c	src/core/sha256.c	yvex_sha256_hex_valid
baseline	link	src/backend/cuda/graph.c	src/core/sha256.c	yvex_sha256_init
baseline	link	src/backend/cuda/graph.c	src/core/sha256.c	yvex_sha256_update_text
baseline	link	src/backend/cuda/graph.c	src/core/sha256.c	yvex_sha256_update_u64
baseline	link	src/backend/cuda/graph.c	src/core/status.c	yvex_core_allocate
baseline	link	src/backend/cuda/graph.c	src/core/status.c	yvex_core_monotonic_ns
baseline	link	src/backend/cuda/graph.c	src/core/status.c	yvex_core_strdup
baseline	link	src/backend/cuda/graph.c	src/core/status.c	yvex_error_clear
baseline	link	src/backend/cuda/graph.c	src/core/status.c	yvex_error_set
baseline	link	src/backend/cuda/graph.c	src/core/status.c	yvex_error_setf
baseline	link	src/backend/cuda/info.c	src/backend/cuda/errors.c	yvex_cuda_status
baseline	link	src/backend/cuda/info.c	src/core/status.c	yvex_error_clear
baseline	link	src/backend/cuda/info.c	src/core/status.c	yvex_error_set
baseline	link	src/backend/cuda/info.c	src/core/status.c	yvex_error_setf
baseline	link	src/backend/cuda/moe.c	src/backend/core.c	yvex_backend_kind_of
baseline	link	src/backend/cuda/moe.c	src/backend/cuda/capability.c	yvex_cuda_synchronize
baseline	link	src/backend/cuda/moe.c	src/backend/cuda/errors.c	yvex_cuda_status
baseline	link	src/backend/cuda/moe.c	src/backend/cuda/graph.c	yvex_cuda_launch_stream
baseline	link	src/backend/cuda/moe.c	src/backend/cuda/info.c	yvex_cuda_state
baseline	link	src/backend/cuda/moe.c	src/backend/cuda/ops.c	yvex_cuda_attention_operations_get
baseline	link	src/backend/cuda/moe.c	src/backend/cuda/ops.c	yvex_cuda_work_cleanup
baseline	link	src/backend/cuda/moe.c	src/core/status.c	yvex_core_allocate
baseline	link	src/backend/cuda/moe.c	src/core/status.c	yvex_core_monotonic_ns
baseline	link	src/backend/cuda/moe.c	src/core/status.c	yvex_error_clear
baseline	link	src/backend/cuda/moe.c	src/core/status.c	yvex_error_set
baseline	link	src/backend/cuda/ops.c	src/backend/core.c	yvex_backend_host_workspace_acquire
baseline	link	src/backend/cuda/ops.c	src/backend/core.c	yvex_backend_host_workspace_summary_get
baseline	link	src/backend/cuda/ops.c	src/backend/core.c	yvex_backend_memory_can_add
baseline	link	src/backend/cuda/ops.c	src/backend/core.c	yvex_backend_nth_root
baseline	link	src/backend/cuda/ops.c	src/backend/core.c	yvex_backend_tensor_same_shape
baseline	link	src/backend/cuda/ops.c	src/backend/core.c	yvex_backend_validate_attention
baseline	link	src/backend/cuda/ops.c	src/backend/core.c	yvex_backend_validate_embed
baseline	link	src/backend/cuda/ops.c	src/backend/core.c	yvex_backend_validate_matmul
baseline	link	src/backend/cuda/ops.c	src/backend/core.c	yvex_backend_validate_mlp
baseline	link	src/backend/cuda/ops.c	src/backend/core.c	yvex_backend_validate_rms_norm
baseline	link	src/backend/cuda/ops.c	src/backend/core.c	yvex_backend_validate_rope
baseline	link	src/backend/cuda/ops.c	src/backend/core.c	yvex_backend_workspace_acquire
baseline	link	src/backend/cuda/ops.c	src/backend/cuda/capability.c	yvex_cuda_deferred_release_drain
baseline	link	src/backend/cuda/ops.c	src/backend/cuda/capability.c	yvex_cuda_launch
baseline	link	src/backend/cuda/ops.c	src/backend/cuda/capability.c	yvex_cuda_require_capability
baseline	link	src/backend/cuda/ops.c	src/backend/cuda/capability.c	yvex_cuda_synchronize
baseline	link	src/backend/cuda/ops.c	src/backend/cuda/capability.c	yvex_cuda_temporary_free
baseline	link	src/backend/cuda/ops.c	src/backend/cuda/errors.c	yvex_cuda_status
baseline	link	src/backend/cuda/ops.c	src/backend/cuda/graph.c	yvex_cuda_capture_active
baseline	link	src/backend/cuda/ops.c	src/backend/cuda/graph.c	yvex_cuda_graph_kernel_update
baseline	link	src/backend/cuda/ops.c	src/backend/cuda/graph.c	yvex_cuda_launch_stream
baseline	link	src/backend/cuda/ops.c	src/backend/cuda/info.c	yvex_cuda_set_current
baseline	link	src/backend/cuda/ops.c	src/backend/cuda/info.c	yvex_cuda_state
baseline	link	src/backend/cuda/ops.c	src/backend/cuda/info.c	yvex_cuda_tensor_ptr
baseline	link	src/backend/cuda/ops.c	src/core/sha256.c	yvex_sha256_hex_valid
baseline	link	src/backend/cuda/ops.c	src/core/status.c	yvex_core_u64_add
baseline	link	src/backend/cuda/ops.c	src/core/status.c	yvex_core_u64_mul
baseline	link	src/backend/cuda/ops.c	src/core/status.c	yvex_error_clear
baseline	link	src/backend/cuda/ops.c	src/core/status.c	yvex_error_code
baseline	link	src/backend/cuda/ops.c	src/core/status.c	yvex_error_set
baseline	link	src/backend/cuda/ops.c	src/core/status.c	yvex_error_setf
baseline	link	src/backend/cuda/ops.c	src/gguf/qtype.c	yvex_gguf_qtype_geometry_find
baseline	link	src/backend/cuda/ops.c	src/gguf/qtype.c	yvex_gguf_qtype_storage_bytes
baseline	link	src/backend/cuda/ops.c	src/gguf/quant_registry.c	yvex_quant_numeric_capability_at
baseline	link	src/backend/cuda/ops.c	src/graph/memory_plan.c	yvex_attention_workspace_recipe_seal
baseline	link	src/backend/cuda/qtype.c	src/backend/core.c	yvex_backend_resident_resolve
baseline	link	src/backend/cuda/qtype.c	src/backend/cuda/capability.c	yvex_cuda_deferred_release_drain
baseline	link	src/backend/cuda/qtype.c	src/backend/cuda/capability.c	yvex_cuda_launch
baseline	link	src/backend/cuda/qtype.c	src/backend/cuda/capability.c	yvex_cuda_require_capability
baseline	link	src/backend/cuda/qtype.c	src/backend/cuda/capability.c	yvex_cuda_synchronize
baseline	link	src/backend/cuda/qtype.c	src/backend/cuda/errors.c	yvex_cuda_status
baseline	link	src/backend/cuda/qtype.c	src/backend/cuda/info.c	yvex_cuda_set_current
baseline	link	src/backend/cuda/qtype.c	src/backend/cuda/info.c	yvex_cuda_state
baseline	link	src/backend/cuda/qtype.c	src/backend/cuda/ops.c	yvex_cuda_work_allocate
baseline	link	src/backend/cuda/qtype.c	src/backend/cuda/ops.c	yvex_cuda_work_cleanup
baseline	link	src/backend/cuda/qtype.c	src/core/status.c	yvex_core_u64_mul
baseline	link	src/backend/cuda/qtype.c	src/core/status.c	yvex_error_clear
baseline	link	src/backend/cuda/qtype.c	src/core/status.c	yvex_error_set
baseline	link	src/backend/cuda/qtype.c	src/gguf/qtype.c	yvex_gguf_qtype_geometry_find
baseline	link	src/backend/cuda/qtype.c	src/gguf/qtype.c	yvex_gguf_qtype_tensor_storage
baseline	link	src/backend/cuda/qtype.c	src/gguf/quant_registry.c	yvex_quant_numeric_capability_at
baseline	link	src/backend/cuda/tensor.c	src/backend/core.c	yvex_backend_tensor_copy_validate
baseline	link	src/backend/cuda/tensor.c	src/backend/core.c	yvex_backend_tensor_rw_validate
baseline	link	src/backend/cuda/tensor.c	src/backend/cuda/capability.c	yvex_cuda_deferred_release_drain
baseline	link	src/backend/cuda/tensor.c	src/backend/cuda/capability.c	yvex_cuda_require_capability
baseline	link	src/backend/cuda/tensor.c	src/backend/cuda/capability.c	yvex_cuda_synchronize
baseline	link	src/backend/cuda/tensor.c	src/backend/cuda/capability.c	yvex_cuda_temporary_free
baseline	link	src/backend/cuda/tensor.c	src/backend/cuda/errors.c	yvex_cuda_status
baseline	link	src/backend/cuda/tensor.c	src/backend/cuda/info.c	yvex_cuda_refresh_memory_info
baseline	link	src/backend/cuda/tensor.c	src/backend/cuda/info.c	yvex_cuda_set_current
baseline	link	src/backend/cuda/tensor.c	src/backend/cuda/info.c	yvex_cuda_state
baseline	link	src/backend/cuda/tensor.c	src/backend/cuda/info.c	yvex_cuda_tensor_ptr
baseline	link	src/backend/cuda/tensor.c	src/backend/cuda/ops.c	yvex_cuda_work_allocate
baseline	link	src/backend/cuda/tensor.c	src/backend/cuda/ops.c	yvex_cuda_work_cleanup
baseline	link	src/backend/cuda/tensor.c	src/core/status.c	yvex_core_allocate
baseline	link	src/backend/cuda/tensor.c	src/core/status.c	yvex_core_strdup
baseline	link	src/backend/cuda/tensor.c	src/core/status.c	yvex_error_clear
baseline	link	src/backend/cuda/tensor.c	src/core/status.c	yvex_error_set
baseline	link	src/backend/report.c	src/backend/core.c	yvex_backend_close
baseline	link	src/backend/report.c	src/backend/core.c	yvex_backend_get_device_info
baseline	link	src/backend/report.c	src/backend/core.c	yvex_backend_get_memory_stats
baseline	link	src/backend/report.c	src/backend/core.c	yvex_backend_open
baseline	link	src/backend/report.c	src/backend/core.c	yvex_backend_query_capability
baseline	link	src/backend/report.c	src/backend/core.c	yvex_backend_status_of
baseline	link	src/backend/report.c	src/backend/core.c	yvex_backend_supports
baseline	link	src/backend/report.c	src/core/status.c	yvex_error_clear
baseline	link	src/backend/report.c	src/core/status.c	yvex_error_message
baseline	link	src/backend/report.c	src/core/status.c	yvex_error_set
baseline	link	src/core/fs.c	src/core/status.c	yvex_core_allocate
baseline	link	src/core/fs.c	src/core/status.c	yvex_core_text_copy
baseline	link	src/core/fs.c	src/core/status.c	yvex_error_clear
baseline	link	src/core/fs.c	src/core/status.c	yvex_error_is_set
baseline	link	src/core/fs.c	src/core/status.c	yvex_error_set
baseline	link	src/core/fs.c	src/core/status.c	yvex_error_setf
baseline	link	src/core/json.c	src/core/status.c	yvex_core_allocate
baseline	link	src/core/json.c	src/core/status.c	yvex_error_set
baseline	link	src/core/json.c	src/core/status.c	yvex_error_setf
baseline	link	src/gguf/conversion.c	src/artifact/core.c	yvex_artifact_close
baseline	link	src/gguf/conversion.c	src/artifact/core.c	yvex_artifact_open
baseline	link	src/gguf/conversion.c	src/backend/core.c	yvex_backend_close
baseline	link	src/gguf/conversion.c	src/backend/cpu.c	yvex_backend_open_cpu
baseline	link	src/gguf/conversion.c	src/core/status.c	yvex_core_allocate
baseline	link	src/gguf/conversion.c	src/core/status.c	yvex_core_strdup
baseline	link	src/gguf/conversion.c	src/core/status.c	yvex_error_clear
baseline	link	src/gguf/conversion.c	src/core/status.c	yvex_error_code
baseline	link	src/gguf/conversion.c	src/core/status.c	yvex_error_set
baseline	link	src/gguf/conversion.c	src/core/status.c	yvex_error_setf
baseline	link	src/gguf/conversion.c	src/gguf/core.c	yvex_gguf_close
baseline	link	src/gguf/conversion.c	src/gguf/core.c	yvex_gguf_open
baseline	link	src/gguf/conversion.c	src/gguf/descriptor.c	yvex_artifact_name_suggest
baseline	link	src/gguf/conversion.c	src/gguf/qtype.c	yvex_gguf_qtype_geometry_find
baseline	link	src/gguf/conversion.c	src/gguf/quant_registry.c	yvex_qtype_support_by_name
baseline	link	src/gguf/conversion.c	src/gguf/quant_registry.c	yvex_qtype_support_storage_supported
baseline	link	src/gguf/conversion.c	src/io/writer.c	yvex_file_json_write_string
baseline	link	src/gguf/conversion.c	src/model/core.c	yvex_tensor_role_name
baseline	link	src/gguf/conversion.c	src/model/core.c	yvex_tensor_table_at
baseline	link	src/gguf/conversion.c	src/model/core.c	yvex_tensor_table_close
baseline	link	src/gguf/conversion.c	src/model/core.c	yvex_tensor_table_count
baseline	link	src/gguf/conversion.c	src/model/core.c	yvex_tensor_table_find
baseline	link	src/gguf/conversion.c	src/model/core.c	yvex_tensor_table_from_gguf
baseline	link	src/gguf/conversion.c	src/model/core.c	yvex_weight_table_close
baseline	link	src/gguf/conversion.c	src/model/core.c	yvex_weight_table_materialize
baseline	link	src/gguf/conversion.c	src/source/native_weights.c	yvex_native_weight_table_at
baseline	link	src/gguf/conversion.c	src/source/native_weights.c	yvex_native_weight_table_close
baseline	link	src/gguf/conversion.c	src/source/native_weights.c	yvex_native_weight_table_count
baseline	link	src/gguf/conversion.c	src/source/native_weights.c	yvex_native_weight_table_find
baseline	link	src/gguf/conversion.c	src/source/native_weights.c	yvex_native_weight_table_open
baseline	link	src/gguf/core.c	src/artifact/core.c	yvex_artifact_read_at
baseline	link	src/gguf/core.c	src/artifact/core.c	yvex_artifact_size
baseline	link	src/gguf/core.c	src/core/json.c	yvex_json_init
baseline	link	src/gguf/core.c	src/core/json.c	yvex_json_skip_value
baseline	link	src/gguf/core.c	src/core/json.c	yvex_json_space
baseline	link	src/gguf/core.c	src/core/json.c	yvex_json_string_dup
baseline	link	src/gguf/core.c	src/core/json.c	yvex_read_bounded_file
baseline	link	src/gguf/core.c	src/core/status.c	yvex_core_allocate
baseline	link	src/gguf/core.c	src/core/status.c	yvex_error_clear
baseline	link	src/gguf/core.c	src/core/status.c	yvex_error_code
baseline	link	src/gguf/core.c	src/core/status.c	yvex_error_set
baseline	link	src/gguf/core.c	src/core/status.c	yvex_error_setf
baseline	link	src/gguf/core.c	src/gguf/qtype.c	yvex_gguf_qtype_name
baseline	link	src/gguf/core.c	src/gguf/qtype.c	yvex_gguf_qtype_tensor_storage
baseline	link	src/gguf/core.c	src/gguf/reader.c	yvex_gguf_parse_result_reset
baseline	link	src/gguf/core.c	src/gguf/reader.c	yvex_gguf_reader_fail
baseline	link	src/gguf/core.c	src/gguf/reader.c	yvex_gguf_reader_options_default
baseline	link	src/gguf/descriptor.c	src/core/status.c	yvex_error_set
baseline	link	src/gguf/descriptor.c	src/core/status.c	yvex_error_setf
baseline	link	src/gguf/descriptor.c	src/gguf/qtype.c	yvex_gguf_qtype_tensor_storage
baseline	link	src/gguf/descriptor.c	src/model/core.c	yvex_tensor_role_name
baseline	link	src/gguf/file_sink.c	src/core/status.c	yvex_core_allocate
baseline	link	src/gguf/file_sink.c	src/core/status.c	yvex_core_text_copy
baseline	link	src/gguf/file_sink.c	src/core/status.c	yvex_core_u64_add
baseline	link	src/gguf/file_sink.c	src/core/status.c	yvex_core_u64_mul
baseline	link	src/gguf/file_sink.c	src/core/status.c	yvex_error_clear
baseline	link	src/gguf/file_sink.c	src/core/status.c	yvex_error_set
baseline	link	src/gguf/file_sink.c	src/gguf/quant_plan.c	yvex_quant_plan_binding
baseline	link	src/gguf/file_sink.c	src/gguf/quant_plan.c	yvex_quant_plan_decision_at
baseline	link	src/gguf/file_sink.c	src/gguf/quant_plan.c	yvex_quant_plan_summary_get
baseline	link	src/gguf/file_sink.c	src/gguf/quant_plan.c	yvex_quant_plan_transform_ir
baseline	link	src/gguf/file_sink.c	src/gguf/quant_sink.c	yvex_quant_digest_sink_adapter
baseline	link	src/gguf/file_sink.c	src/gguf/quant_sink.c	yvex_quant_digest_sink_create
baseline	link	src/gguf/file_sink.c	src/gguf/quant_sink.c	yvex_quant_digest_sink_finalize
baseline	link	src/gguf/file_sink.c	src/gguf/quant_sink.c	yvex_quant_digest_sink_owned_bytes
baseline	link	src/gguf/file_sink.c	src/gguf/quant_sink.c	yvex_quant_digest_sink_release
baseline	link	src/gguf/file_sink.c	src/gguf/writer.c	yvex_gguf_writer_plan_prefix
baseline	link	src/gguf/file_sink.c	src/gguf/writer.c	yvex_gguf_writer_plan_summary_get
baseline	link	src/gguf/file_sink.c	src/gguf/writer.c	yvex_gguf_writer_plan_tensor_at
baseline	link	src/gguf/file_sink.c	src/model/compilation/binding.c	yvex_transform_binding_range_at
baseline	link	src/gguf/file_sink.c	src/model/compilation/binding.c	yvex_transform_binding_terminal_operation
baseline	link	src/gguf/file_sink.c	src/model/compilation/ir.c	yvex_transform_ir_node_input_at
baseline	link	src/gguf/imatrix.c	src/core/sha256.c	yvex_sha256_final
baseline	link	src/gguf/imatrix.c	src/core/sha256.c	yvex_sha256_hex
baseline	link	src/gguf/imatrix.c	src/core/sha256.c	yvex_sha256_hex_valid
baseline	link	src/gguf/imatrix.c	src/core/sha256.c	yvex_sha256_init
baseline	link	src/gguf/imatrix.c	src/core/sha256.c	yvex_sha256_update
baseline	link	src/gguf/imatrix.c	src/core/sha256.c	yvex_sha256_update_text
baseline	link	src/gguf/imatrix.c	src/core/sha256.c	yvex_sha256_update_u64
baseline	link	src/gguf/imatrix.c	src/core/status.c	yvex_core_allocate
baseline	link	src/gguf/imatrix.c	src/core/status.c	yvex_core_strdup
baseline	link	src/gguf/imatrix.c	src/core/status.c	yvex_core_u64_add
baseline	link	src/gguf/imatrix.c	src/core/status.c	yvex_core_u64_mul
baseline	link	src/gguf/imatrix.c	src/core/status.c	yvex_error_clear
baseline	link	src/gguf/imatrix.c	src/core/status.c	yvex_error_code
baseline	link	src/gguf/imatrix.c	src/core/status.c	yvex_error_set
baseline	link	src/gguf/imatrix.c	src/core/status.c	yvex_error_setf
baseline	link	src/gguf/imatrix.c	src/gguf/core.c	yvex_gguf_json_array
baseline	link	src/gguf/imatrix.c	src/gguf/core.c	yvex_gguf_json_close
baseline	link	src/gguf/imatrix.c	src/gguf/core.c	yvex_gguf_json_expect
baseline	link	src/gguf/imatrix.c	src/gguf/core.c	yvex_gguf_json_fail
baseline	link	src/gguf/imatrix.c	src/gguf/core.c	yvex_gguf_json_member
baseline	link	src/gguf/imatrix.c	src/gguf/core.c	yvex_gguf_json_open
baseline	link	src/gguf/imatrix.c	src/gguf/core.c	yvex_gguf_json_optional_comma
baseline	link	src/gguf/imatrix.c	src/gguf/core.c	yvex_gguf_json_skip
baseline	link	src/gguf/imatrix.c	src/gguf/core.c	yvex_gguf_json_string
baseline	link	src/gguf/imatrix.c	src/gguf/quant_policy.c	yvex_quant_policy_close
baseline	link	src/gguf/imatrix.c	src/gguf/quant_policy.c	yvex_quant_policy_get_summary
baseline	link	src/gguf/imatrix.c	src/gguf/quant_policy.c	yvex_quant_policy_open
baseline	link	src/gguf/imatrix.c	src/io/writer.c	yvex_file_json_write_string
baseline	link	src/gguf/layout_integrity.c	src/artifact/core.c	yvex_artifact_read_at
baseline	link	src/gguf/layout_integrity.c	src/artifact/core.c	yvex_artifact_size
baseline	link	src/gguf/layout_integrity.c	src/artifact/core.c	yvex_artifact_snapshot_validate
baseline	link	src/gguf/layout_integrity.c	src/core/status.c	yvex_core_text_copy
baseline	link	src/gguf/layout_integrity.c	src/core/status.c	yvex_error_clear
baseline	link	src/gguf/layout_integrity.c	src/core/status.c	yvex_error_set
baseline	link	src/gguf/layout_integrity.c	src/core/status.c	yvex_error_setf
baseline	link	src/gguf/layout_integrity.c	src/gguf/core.c	yvex_gguf_alignment
baseline	link	src/gguf/layout_integrity.c	src/gguf/core.c	yvex_gguf_metadata_find
baseline	link	src/gguf/layout_integrity.c	src/gguf/core.c	yvex_gguf_reader_stats_view
baseline	link	src/gguf/layout_integrity.c	src/gguf/core.c	yvex_gguf_tensor_at
baseline	link	src/gguf/layout_integrity.c	src/gguf/core.c	yvex_gguf_tensor_count
baseline	link	src/gguf/layout_integrity.c	src/gguf/core.c	yvex_gguf_tensor_data_offset
baseline	link	src/gguf/layout_integrity.c	src/gguf/core.c	yvex_gguf_value_as_u64
baseline	link	src/gguf/layout_integrity.c	src/gguf/core.c	yvex_gguf_value_type_of
baseline	link	src/gguf/layout_integrity.c	src/gguf/qtype.c	yvex_gguf_qtype_tensor_storage
baseline	link	src/gguf/qtype.c	src/core/status.c	yvex_core_u64_mul
baseline	link	src/gguf/quant_block.c	src/core/status.c	yvex_error_clear
baseline	link	src/gguf/quant_block.c	src/core/status.c	yvex_error_set
baseline	link	src/gguf/quant_block.c	src/gguf/qtype.c	yvex_gguf_qtype_geometry_find
baseline	link	src/gguf/quant_block.c	src/gguf/quant_registry.c	yvex_quant_numeric_capability_at
baseline	link	src/gguf/quant_block.c	src/gguf/quant_scalar.c	yvex_quant_bf16_decode
baseline	link	src/gguf/quant_block.c	src/gguf/quant_scalar.c	yvex_quant_bf16_encode
baseline	link	src/gguf/quant_block.c	src/gguf/quant_scalar.c	yvex_quant_e8m0_decode
baseline	link	src/gguf/quant_block.c	src/gguf/quant_scalar.c	yvex_quant_f16_decode
baseline	link	src/gguf/quant_block.c	src/gguf/quant_scalar.c	yvex_quant_f16_encode
baseline	link	src/gguf/quant_compute.c	src/core/status.c	yvex_error_clear
baseline	link	src/gguf/quant_compute.c	src/core/status.c	yvex_error_set
baseline	link	src/gguf/quant_compute.c	src/gguf/qtype.c	yvex_gguf_qtype_geometry_find
baseline	link	src/gguf/quant_compute.c	src/gguf/quant_block.c	yvex_quant_decode_block
baseline	link	src/gguf/quant_compute.c	src/gguf/quant_registry.c	yvex_quant_numeric_capability_at
baseline	link	src/gguf/quant_execute.c	src/core/status.c	yvex_core_allocate
baseline	link	src/gguf/quant_execute.c	src/core/status.c	yvex_core_u64_add
baseline	link	src/gguf/quant_execute.c	src/core/status.c	yvex_core_u64_mul
baseline	link	src/gguf/quant_execute.c	src/core/status.c	yvex_error_clear
baseline	link	src/gguf/quant_execute.c	src/core/status.c	yvex_error_code
baseline	link	src/gguf/quant_execute.c	src/core/status.c	yvex_error_set
baseline	link	src/gguf/quant_execute.c	src/gguf/imatrix.c	yvex_imatrix_data_find
baseline	link	src/gguf/quant_execute.c	src/gguf/imatrix.c	yvex_imatrix_data_get_summary
baseline	link	src/gguf/quant_execute.c	src/gguf/imatrix.c	yvex_imatrix_data_read
baseline	link	src/gguf/quant_execute.c	src/gguf/imatrix.c	yvex_imatrix_data_validate
baseline	link	src/gguf/quant_execute.c	src/gguf/qtype.c	yvex_gguf_qtype_geometry_find
baseline	link	src/gguf/quant_execute.c	src/gguf/quant_block.c	yvex_quant_decode_block
baseline	link	src/gguf/quant_execute.c	src/gguf/quant_block.c	yvex_quant_encode_block
baseline	link	src/gguf/quant_execute.c	src/gguf/quant_block.c	yvex_quant_encode_block_weighted
baseline	link	src/gguf/quant_execute.c	src/gguf/quant_compute.c	yvex_quant_metrics_init
baseline	link	src/gguf/quant_execute.c	src/gguf/quant_compute.c	yvex_quant_metrics_update
baseline	link	src/gguf/quant_execute.c	src/gguf/quant_plan.c	yvex_quant_plan_binding
baseline	link	src/gguf/quant_execute.c	src/gguf/quant_plan.c	yvex_quant_plan_decision_at
baseline	link	src/gguf/quant_execute.c	src/gguf/quant_plan.c	yvex_quant_plan_summary_get
baseline	link	src/gguf/quant_execute.c	src/gguf/quant_plan.c	yvex_quant_plan_transform_ir
baseline	link	src/gguf/quant_execute.c	src/gguf/quant_scalar.c	yvex_quant_e8m0_decode
baseline	link	src/gguf/quant_execute.c	src/gguf/quant_scalar.c	yvex_quant_f16_decode
baseline	link	src/gguf/quant_execute.c	src/gguf/quant_scalar.c	yvex_quant_fp8_e4m3fn_decode
baseline	link	src/gguf/quant_execute.c	src/gguf/quant_scalar.c	yvex_quant_source_i64_decode
baseline	link	src/gguf/quant_execute.c	src/gguf/quant_scalar.c	yvex_quant_source_mxfp4_decode
baseline	link	src/gguf/quant_execute.c	src/gguf/quant_scalar.c	yvex_quant_source_scalar_decode
baseline	link	src/gguf/quant_execute.c	src/model/compilation/binding.c	yvex_transform_binding_payload_session
baseline	link	src/gguf/quant_execute.c	src/model/compilation/binding.c	yvex_transform_binding_range_at
baseline	link	src/gguf/quant_execute.c	src/model/compilation/binding.c	yvex_transform_binding_readable_validate
baseline	link	src/gguf/quant_execute.c	src/model/compilation/binding.c	yvex_transform_binding_terminal_at
baseline	link	src/gguf/quant_execute.c	src/model/compilation/binding.c	yvex_transform_binding_terminal_operation
baseline	link	src/gguf/quant_execute.c	src/model/compilation/ir.c	yvex_transform_ir_node_input_at
baseline	link	src/gguf/quant_execute.c	src/model/compilation/ir.c	yvex_transform_ir_source_at
baseline	link	src/gguf/quant_execute.c	src/source/payload_plan.c	yvex_source_payload_plan_build
baseline	link	src/gguf/quant_execute.c	src/source/payload_plan.c	yvex_source_payload_plan_close
baseline	link	src/gguf/quant_execute.c	src/source/payload_stream.c	yvex_source_payload_session_stream
baseline	link	src/gguf/quant_job.c	src/core/json.c	yvex_json_complete
baseline	link	src/gguf/quant_job.c	src/core/json.c	yvex_json_init
baseline	link	src/gguf/quant_job.c	src/core/json.c	yvex_json_iter_begin
baseline	link	src/gguf/quant_job.c	src/core/json.c	yvex_json_object_member
baseline	link	src/gguf/quant_job.c	src/core/json.c	yvex_json_skip_value
baseline	link	src/gguf/quant_job.c	src/core/json.c	yvex_json_string_dup
baseline	link	src/gguf/quant_job.c	src/core/json.c	yvex_read_bounded_file
baseline	link	src/gguf/quant_job.c	src/core/status.c	yvex_core_allocate
baseline	link	src/gguf/quant_job.c	src/core/status.c	yvex_core_strdup
baseline	link	src/gguf/quant_job.c	src/core/status.c	yvex_error_code
baseline	link	src/gguf/quant_job.c	src/core/status.c	yvex_error_set
baseline	link	src/gguf/quant_job.c	src/core/status.c	yvex_error_setf
baseline	link	src/gguf/quant_job.c	src/io/writer.c	yvex_file_json_write_field
baseline	link	src/gguf/quant_plan.c	src/core/sha256.c	yvex_sha256_final
baseline	link	src/gguf/quant_plan.c	src/core/sha256.c	yvex_sha256_hex
baseline	link	src/gguf/quant_plan.c	src/core/sha256.c	yvex_sha256_hex_valid
baseline	link	src/gguf/quant_plan.c	src/core/sha256.c	yvex_sha256_init
baseline	link	src/gguf/quant_plan.c	src/core/sha256.c	yvex_sha256_update_text
baseline	link	src/gguf/quant_plan.c	src/core/sha256.c	yvex_sha256_update_u64
baseline	link	src/gguf/quant_plan.c	src/core/status.c	yvex_core_allocate
baseline	link	src/gguf/quant_plan.c	src/core/status.c	yvex_core_execution_observation_record
baseline	link	src/gguf/quant_plan.c	src/core/status.c	yvex_core_text_copy
baseline	link	src/gguf/quant_plan.c	src/core/status.c	yvex_error_clear
baseline	link	src/gguf/quant_plan.c	src/core/status.c	yvex_error_set
baseline	link	src/gguf/quant_plan.c	src/gguf/qtype.c	yvex_gguf_qtype_tensor_storage
baseline	link	src/gguf/quant_plan.c	src/gguf/quant_policy.c	yvex_quant_policy_get_summary
baseline	link	src/gguf/quant_plan.c	src/gguf/quant_policy.c	yvex_quant_policy_identity_validate
baseline	link	src/gguf/quant_plan.c	src/gguf/quant_policy.c	yvex_quant_policy_rule_at
baseline	link	src/gguf/quant_plan.c	src/gguf/quant_policy.c	yvex_quant_policy_rule_count
baseline	link	src/gguf/quant_plan.c	src/gguf/quant_registry.c	yvex_quant_numeric_capability_at
baseline	link	src/gguf/quant_plan.c	src/model/compilation/binding.c	yvex_transform_binding_decision_validate
baseline	link	src/gguf/quant_plan.c	src/model/compilation/binding.c	yvex_transform_binding_ir
baseline	link	src/gguf/quant_plan.c	src/model/compilation/binding.c	yvex_transform_binding_summary_get
baseline	link	src/gguf/quant_plan.c	src/model/compilation/binding.c	yvex_transform_binding_terminal_at
baseline	link	src/gguf/quant_plan.c	src/model/compilation/binding.c	yvex_transform_binding_terminal_operation
baseline	link	src/gguf/quant_plan.c	src/model/compilation/ir.c	yvex_transform_ir_node_at
baseline	link	src/gguf/quant_plan.c	src/model/compilation/ir.c	yvex_transform_ir_node_input_at
baseline	link	src/gguf/quant_plan.c	src/model/compilation/ir.c	yvex_transform_ir_source_at
baseline	link	src/gguf/quant_plan.c	src/model/compilation/ir.c	yvex_transform_ir_summary_get
baseline	link	src/gguf/quant_plan.c	src/model/compilation/ir.c	yvex_transform_ir_terminal_at
baseline	link	src/gguf/quant_plan.c	src/model/families/deepseek_v4.c	yvex_model_register_deepseek_v4
baseline	link	src/gguf/quant_policy.c	src/artifact/core.c	yvex_artifact_close
baseline	link	src/gguf/quant_policy.c	src/artifact/core.c	yvex_artifact_open
baseline	link	src/gguf/quant_policy.c	src/artifact/identity.c	yvex_sha256_hex_is_valid
baseline	link	src/gguf/quant_policy.c	src/core/json.c	yvex_json_bool
baseline	link	src/gguf/quant_policy.c	src/core/json.c	yvex_json_u64
baseline	link	src/gguf/quant_policy.c	src/core/sha256.c	yvex_sha256_final
baseline	link	src/gguf/quant_policy.c	src/core/sha256.c	yvex_sha256_hex
baseline	link	src/gguf/quant_policy.c	src/core/sha256.c	yvex_sha256_init
baseline	link	src/gguf/quant_policy.c	src/core/sha256.c	yvex_sha256_update_text
baseline	link	src/gguf/quant_policy.c	src/core/sha256.c	yvex_sha256_update_u64
baseline	link	src/gguf/quant_policy.c	src/core/status.c	yvex_core_allocate
baseline	link	src/gguf/quant_policy.c	src/core/status.c	yvex_core_strdup
baseline	link	src/gguf/quant_policy.c	src/core/status.c	yvex_error_clear
baseline	link	src/gguf/quant_policy.c	src/core/status.c	yvex_error_code
baseline	link	src/gguf/quant_policy.c	src/core/status.c	yvex_error_set
baseline	link	src/gguf/quant_policy.c	src/core/status.c	yvex_error_setf
baseline	link	src/gguf/quant_policy.c	src/gguf/core.c	yvex_gguf_close
baseline	link	src/gguf/quant_policy.c	src/gguf/core.c	yvex_gguf_json_array
baseline	link	src/gguf/quant_policy.c	src/gguf/core.c	yvex_gguf_json_close
baseline	link	src/gguf/quant_policy.c	src/gguf/core.c	yvex_gguf_json_expect
baseline	link	src/gguf/quant_policy.c	src/gguf/core.c	yvex_gguf_json_fail
baseline	link	src/gguf/quant_policy.c	src/gguf/core.c	yvex_gguf_json_member
baseline	link	src/gguf/quant_policy.c	src/gguf/core.c	yvex_gguf_json_open
baseline	link	src/gguf/quant_policy.c	src/gguf/core.c	yvex_gguf_json_optional_comma
baseline	link	src/gguf/quant_policy.c	src/gguf/core.c	yvex_gguf_json_skip
baseline	link	src/gguf/quant_policy.c	src/gguf/core.c	yvex_gguf_json_string
baseline	link	src/gguf/quant_policy.c	src/gguf/core.c	yvex_gguf_open
baseline	link	src/gguf/quant_policy.c	src/gguf/quant_registry.c	yvex_quant_numeric_capability_by_name
baseline	link	src/gguf/quant_policy.c	src/io/writer.c	yvex_file_json_write_string
baseline	link	src/gguf/quant_policy.c	src/model/core.c	yvex_dtype_name
baseline	link	src/gguf/quant_policy.c	src/model/core.c	yvex_tensor_role_name
baseline	link	src/gguf/quant_policy.c	src/model/core.c	yvex_tensor_table_at
baseline	link	src/gguf/quant_policy.c	src/model/core.c	yvex_tensor_table_close
baseline	link	src/gguf/quant_policy.c	src/model/core.c	yvex_tensor_table_count
baseline	link	src/gguf/quant_policy.c	src/model/core.c	yvex_tensor_table_from_gguf
baseline	link	src/gguf/quant_registry.c	src/gguf/qtype.c	yvex_gguf_qtype_geometry_find_by_name
baseline	link	src/gguf/quant_registry.c	src/gguf/qtype.c	yvex_gguf_qtype_name
baseline	link	src/gguf/quant_scalar.c	src/core/status.c	yvex_error_clear
baseline	link	src/gguf/quant_scalar.c	src/core/status.c	yvex_error_set
baseline	link	src/gguf/quant_sink.c	src/core/sha256.c	yvex_sha256_final
baseline	link	src/gguf/quant_sink.c	src/core/sha256.c	yvex_sha256_hex
baseline	link	src/gguf/quant_sink.c	src/core/sha256.c	yvex_sha256_hex_valid
baseline	link	src/gguf/quant_sink.c	src/core/sha256.c	yvex_sha256_init
baseline	link	src/gguf/quant_sink.c	src/core/sha256.c	yvex_sha256_update
baseline	link	src/gguf/quant_sink.c	src/core/sha256.c	yvex_sha256_update_text
baseline	link	src/gguf/quant_sink.c	src/core/sha256.c	yvex_sha256_update_u64
baseline	link	src/gguf/quant_sink.c	src/core/status.c	yvex_core_allocate
baseline	link	src/gguf/quant_sink.c	src/core/status.c	yvex_error_clear
baseline	link	src/gguf/quant_sink.c	src/core/status.c	yvex_error_set
baseline	link	src/gguf/quant_sink.c	src/gguf/quant_plan.c	yvex_quant_plan_decision_at
baseline	link	src/gguf/quant_sink.c	src/gguf/quant_plan.c	yvex_quant_plan_summary_get
baseline	link	src/gguf/reader.c	src/core/status.c	yvex_error_set
baseline	link	src/gguf/tokenizer_metadata.c	src/core/json.c	yvex_json_init
baseline	link	src/gguf/tokenizer_metadata.c	src/core/json.c	yvex_json_skip_value
baseline	link	src/gguf/tokenizer_metadata.c	src/core/json.c	yvex_json_u64
baseline	link	src/gguf/tokenizer_metadata.c	src/core/sha256.c	yvex_sha256_final
baseline	link	src/gguf/tokenizer_metadata.c	src/core/sha256.c	yvex_sha256_hex
baseline	link	src/gguf/tokenizer_metadata.c	src/core/sha256.c	yvex_sha256_init
baseline	link	src/gguf/tokenizer_metadata.c	src/core/sha256.c	yvex_sha256_update
baseline	link	src/gguf/tokenizer_metadata.c	src/core/status.c	yvex_core_allocate
baseline	link	src/gguf/tokenizer_metadata.c	src/core/status.c	yvex_core_text_copy
baseline	link	src/gguf/tokenizer_metadata.c	src/core/status.c	yvex_error_clear
baseline	link	src/gguf/tokenizer_metadata.c	src/core/status.c	yvex_error_code
baseline	link	src/gguf/tokenizer_metadata.c	src/core/status.c	yvex_error_set
baseline	link	src/gguf/tokenizer_metadata.c	src/source/provenance.c	yvex_source_metadata_blob_release
baseline	link	src/gguf/tokenizer_metadata.c	src/source/provenance.c	yvex_source_provenance_metadata_read
baseline	link	src/gguf/tools.c	src/artifact/core.c	yvex_artifact_close
baseline	link	src/gguf/tools.c	src/artifact/core.c	yvex_artifact_open
baseline	link	src/gguf/tools.c	src/backend/core.c	yvex_backend_close
baseline	link	src/gguf/tools.c	src/backend/cpu.c	yvex_backend_open_cpu
baseline	link	src/gguf/tools.c	src/core/status.c	yvex_core_allocate
baseline	link	src/gguf/tools.c	src/core/status.c	yvex_core_strdup
baseline	link	src/gguf/tools.c	src/core/status.c	yvex_error_clear
baseline	link	src/gguf/tools.c	src/core/status.c	yvex_error_set
baseline	link	src/gguf/tools.c	src/core/status.c	yvex_error_setf
baseline	link	src/gguf/tools.c	src/gguf/core.c	yvex_gguf_close
baseline	link	src/gguf/tools.c	src/gguf/core.c	yvex_gguf_metadata_count
baseline	link	src/gguf/tools.c	src/gguf/core.c	yvex_gguf_metadata_find
baseline	link	src/gguf/tools.c	src/gguf/core.c	yvex_gguf_metadata_key
baseline	link	src/gguf/tools.c	src/gguf/core.c	yvex_gguf_open
baseline	link	src/gguf/tools.c	src/gguf/core.c	yvex_gguf_value_as_string
baseline	link	src/gguf/tools.c	src/gguf/qtype.c	yvex_gguf_qtype_geometry_find_by_name
baseline	link	src/gguf/tools.c	src/gguf/qtype.c	yvex_gguf_qtype_supported_for_storage
baseline	link	src/gguf/tools.c	src/gguf/quant_scalar.c	yvex_quant_f16_encode
baseline	link	src/gguf/tools.c	src/model/core.c	yvex_model_descriptor_close
baseline	link	src/gguf/tools.c	src/model/core.c	yvex_model_descriptor_from_gguf
baseline	link	src/gguf/tools.c	src/model/core.c	yvex_tensor_table_at
baseline	link	src/gguf/tools.c	src/model/core.c	yvex_tensor_table_close
baseline	link	src/gguf/tools.c	src/model/core.c	yvex_tensor_table_count
baseline	link	src/gguf/tools.c	src/model/core.c	yvex_tensor_table_from_gguf
baseline	link	src/gguf/tools.c	src/model/core.c	yvex_weight_table_close
baseline	link	src/gguf/tools.c	src/model/core.c	yvex_weight_table_materialize
baseline	link	src/gguf/tools.c	src/source/native_weights.c	yvex_native_weight_table_close
baseline	link	src/gguf/tools.c	src/source/native_weights.c	yvex_native_weight_table_find
baseline	link	src/gguf/tools.c	src/source/native_weights.c	yvex_native_weight_table_open
baseline	link	src/gguf/tools.c	src/source/native_weights.c	yvex_native_weight_table_summary
baseline	link	src/gguf/tools.c	src/tokenizer/core.c	yvex_tokenizer_close
baseline	link	src/gguf/variant.c	src/core/fs.c	yvex_core_file_publish_noreplace
baseline	link	src/gguf/variant.c	src/core/fs.c	yvex_core_file_read_snapshot
baseline	link	src/gguf/variant.c	src/core/status.c	yvex_core_allocate
baseline	link	src/gguf/variant.c	src/core/status.c	yvex_error_clear
baseline	link	src/gguf/variant.c	src/core/status.c	yvex_error_set
baseline	link	src/gguf/variant.c	src/gguf/quant_plan.c	yvex_quant_plan_decision_at
baseline	link	src/gguf/variant.c	src/gguf/quant_plan.c	yvex_quant_plan_summary_get
baseline	link	src/gguf/writer.c	src/core/sha256.c	yvex_sha256_final
baseline	link	src/gguf/writer.c	src/core/sha256.c	yvex_sha256_hex
baseline	link	src/gguf/writer.c	src/core/sha256.c	yvex_sha256_hex_valid
baseline	link	src/gguf/writer.c	src/core/sha256.c	yvex_sha256_init
baseline	link	src/gguf/writer.c	src/core/sha256.c	yvex_sha256_update
baseline	link	src/gguf/writer.c	src/core/status.c	yvex_core_allocate
baseline	link	src/gguf/writer.c	src/core/status.c	yvex_core_execution_observation_record
baseline	link	src/gguf/writer.c	src/core/status.c	yvex_core_text_copy
baseline	link	src/gguf/writer.c	src/core/status.c	yvex_core_u64_add
baseline	link	src/gguf/writer.c	src/core/status.c	yvex_core_u64_mul
baseline	link	src/gguf/writer.c	src/core/status.c	yvex_error_clear
baseline	link	src/gguf/writer.c	src/core/status.c	yvex_error_set
baseline	link	src/gguf/writer.c	src/gguf/qtype.c	yvex_gguf_qtype_validate_tensor_storage
baseline	link	src/gguf/writer.c	src/gguf/quant_plan.c	yvex_quant_plan_decision_at
baseline	link	src/gguf/writer.c	src/gguf/quant_plan.c	yvex_quant_plan_lowering
baseline	link	src/gguf/writer.c	src/gguf/quant_plan.c	yvex_quant_plan_summary_get
baseline	link	src/gguf/writer.c	src/gguf/tokenizer_metadata.c	yvex_gguf_tokenizer_merge_at
baseline	link	src/gguf/writer.c	src/gguf/tokenizer_metadata.c	yvex_gguf_tokenizer_metadata_load
baseline	link	src/gguf/writer.c	src/gguf/tokenizer_metadata.c	yvex_gguf_tokenizer_metadata_release
baseline	link	src/gguf/writer.c	src/gguf/tokenizer_metadata.c	yvex_gguf_tokenizer_raw_config
baseline	link	src/gguf/writer.c	src/gguf/tokenizer_metadata.c	yvex_gguf_tokenizer_raw_json
baseline	link	src/gguf/writer.c	src/gguf/tokenizer_metadata.c	yvex_gguf_tokenizer_summary_get
baseline	link	src/gguf/writer.c	src/gguf/tokenizer_metadata.c	yvex_gguf_tokenizer_token_at
baseline	link	src/gguf/writer.c	src/model/families/deepseek_v4.c	yvex_model_register_deepseek_v4
baseline	link	src/graph/attention.c	src/backend/core.c	yvex_backend_close
baseline	link	src/graph/attention.c	src/backend/core.c	yvex_backend_get_device_info
baseline	link	src/graph/attention.c	src/backend/core.c	yvex_backend_open
baseline	link	src/graph/attention.c	src/backend/core.c	yvex_backend_query_capability
baseline	link	src/graph/attention.c	src/core/sha256.c	yvex_sha256_final
baseline	link	src/graph/attention.c	src/core/sha256.c	yvex_sha256_hex
baseline	link	src/graph/attention.c	src/core/sha256.c	yvex_sha256_hex_valid
baseline	link	src/graph/attention.c	src/core/sha256.c	yvex_sha256_init
baseline	link	src/graph/attention.c	src/core/sha256.c	yvex_sha256_update_text
baseline	link	src/graph/attention.c	src/core/sha256.c	yvex_sha256_update_u64
baseline	link	src/graph/attention.c	src/core/status.c	yvex_core_allocate
baseline	link	src/graph/attention.c	src/core/status.c	yvex_core_text_copy
baseline	link	src/graph/attention.c	src/core/status.c	yvex_core_u64_add
baseline	link	src/graph/attention.c	src/core/status.c	yvex_core_u64_mul
baseline	link	src/graph/attention.c	src/core/status.c	yvex_error_clear
baseline	link	src/graph/attention.c	src/core/status.c	yvex_error_is_set
baseline	link	src/graph/attention.c	src/core/status.c	yvex_error_set
baseline	link	src/graph/attention.c	src/graph/core.c	yvex_attention_binding_find
baseline	link	src/graph/attention.c	src/graph/core.c	yvex_attention_decode_flat
baseline	link	src/graph/attention.c	src/graph/core.c	yvex_attention_dot_batch
baseline	link	src/graph/attention.c	src/graph/core.c	yvex_attention_scratch_calloc
baseline	link	src/graph/attention.c	src/graph/core.c	yvex_attention_scratch_free
baseline	link	src/graph/attention.c	src/graph/core.c	yvex_attention_scratch_reserve
baseline	link	src/graph/attention.c	src/graph/core.c	yvex_attention_workspace_begin
baseline	link	src/graph/attention.c	src/graph/core.c	yvex_attention_workspace_calloc
baseline	link	src/graph/attention.c	src/graph/core.c	yvex_attention_workspace_finish
baseline	link	src/graph/attention.c	src/graph/core.c	yvex_attention_workspace_mark
baseline	link	src/graph/attention.c	src/graph/core.c	yvex_attention_workspace_rewind
baseline	link	src/graph/attention.c	src/graph/memory_plan.c	yvex_attention_rolling_storage_acquire
baseline	link	src/graph/attention.c	src/graph/numeric.c	yvex_attention_compute_round
baseline	link	src/graph/attention.c	src/graph/numeric.c	yvex_attention_mhc_post
baseline	link	src/graph/attention.c	src/graph/numeric.c	yvex_attention_mhc_pre
baseline	link	src/graph/attention.c	src/graph/numeric.c	yvex_attention_publication_compare
baseline	link	src/graph/attention.c	src/graph/numeric.c	yvex_attention_publication_hash_update
baseline	link	src/graph/attention.c	src/graph/numeric.c	yvex_attention_rms_norm
baseline	link	src/graph/attention.c	src/graph/numeric.c	yvex_attention_topk_select
baseline	link	src/graph/attention.c	src/graph/plan.c	yvex_attention_accept
baseline	link	src/graph/attention.c	src/graph/plan.c	yvex_attention_calloc_array
baseline	link	src/graph/attention.c	src/graph/plan.c	yvex_attention_reject
baseline	link	src/graph/candidate.c	src/core/status.c	yvex_core_allocate
baseline	link	src/graph/candidate.c	src/core/status.c	yvex_core_u64_add
baseline	link	src/graph/candidate.c	src/core/status.c	yvex_core_u64_mul
baseline	link	src/graph/candidate.c	src/core/status.c	yvex_error_clear
baseline	link	src/graph/candidate.c	src/core/status.c	yvex_error_set
baseline	link	src/graph/candidate.c	src/graph/core.c	yvex_attention_scratch_calloc
baseline	link	src/graph/candidate.c	src/graph/core.c	yvex_attention_scratch_reserve
baseline	link	src/graph/core.c	src/artifact/materialize.c	yvex_materialization_session_read
baseline	link	src/graph/core.c	src/core/status.c	yvex_core_allocate
baseline	link	src/graph/core.c	src/core/status.c	yvex_core_strdup
baseline	link	src/graph/core.c	src/core/status.c	yvex_core_u64_add
baseline	link	src/graph/core.c	src/core/status.c	yvex_core_u64_mul
baseline	link	src/graph/core.c	src/core/status.c	yvex_error_clear
baseline	link	src/graph/core.c	src/core/status.c	yvex_error_set
baseline	link	src/graph/core.c	src/gguf/quant_block.c	yvex_quant_decode_block
baseline	link	src/graph/core.c	src/gguf/quant_compute.c	yvex_quant_cpu_dot
baseline	link	src/graph/core.c	src/graph/attention.c	yvex_attention_cancel_check
baseline	link	src/graph/core.c	src/graph/attention.c	yvex_attention_class_geometry_validate
baseline	link	src/graph/core.c	src/graph/attention.c	yvex_attention_csa_select
baseline	link	src/graph/core.c	src/graph/numeric.c	yvex_attention_compute_round
baseline	link	src/graph/core.c	src/graph/numeric.c	yvex_attention_fp4_fake_quant_block
baseline	link	src/graph/core.c	src/graph/numeric.c	yvex_attention_fp8_fake_quant_block
baseline	link	src/graph/core.c	src/graph/numeric.c	yvex_attention_hadamard_cpu
baseline	link	src/graph/core.c	src/graph/numeric.c	yvex_attention_rope_apply
baseline	link	src/graph/core.c	src/graph/plan.c	yvex_attention_calloc_array
baseline	link	src/graph/core.c	src/graph/plan.c	yvex_attention_checked_size
baseline	link	src/graph/core.c	src/graph/plan.c	yvex_attention_context_validate
baseline	link	src/graph/core.c	src/graph/plan.c	yvex_attention_plan_layer_find
baseline	link	src/graph/core.c	src/graph/plan.c	yvex_attention_reject
baseline	link	src/graph/core.c	src/model/core.c	yvex_arch_name
baseline	link	src/graph/core.c	src/model/core.c	yvex_model_arch
baseline	link	src/graph/core.c	src/model/core.c	yvex_model_context_length
baseline	link	src/graph/core.c	src/model/core.c	yvex_model_name
baseline	link	src/graph/core.c	src/model/core.c	yvex_tensor_role_name
baseline	link	src/graph/core.c	src/model/core.c	yvex_tensor_table_at
baseline	link	src/graph/core.c	src/model/core.c	yvex_tensor_table_count
baseline	link	src/graph/core.c	src/runtime/descriptor.c	yvex_runtime_descriptor_find_role
baseline	link	src/graph/execution.c	src/artifact/materialize.c	yvex_materialization_session_summary
baseline	link	src/graph/execution.c	src/core/sha256.c	yvex_sha256_final
baseline	link	src/graph/execution.c	src/core/sha256.c	yvex_sha256_hex
baseline	link	src/graph/execution.c	src/core/sha256.c	yvex_sha256_hex_valid
baseline	link	src/graph/execution.c	src/core/sha256.c	yvex_sha256_init
baseline	link	src/graph/execution.c	src/core/sha256.c	yvex_sha256_update_text
baseline	link	src/graph/execution.c	src/core/sha256.c	yvex_sha256_update_u64
baseline	link	src/graph/execution.c	src/core/status.c	yvex_core_allocate
baseline	link	src/graph/execution.c	src/core/status.c	yvex_core_text_copy
baseline	link	src/graph/execution.c	src/core/status.c	yvex_core_u64_add
baseline	link	src/graph/execution.c	src/core/status.c	yvex_core_u64_mul
baseline	link	src/graph/execution.c	src/core/status.c	yvex_error_clear
baseline	link	src/graph/execution.c	src/core/status.c	yvex_error_set
baseline	link	src/graph/execution.c	src/runtime/descriptor.c	yvex_runtime_descriptor_summary_get
baseline	link	src/graph/execution.c	src/runtime/descriptor.c	yvex_runtime_descriptor_tensor_at
baseline	link	src/graph/families/deepseek_v4.c	src/backend/core.c	yvex_backend_host_workspace_summary_get
baseline	link	src/graph/families/deepseek_v4.c	src/backend/cuda/families/deepseek_v4.c	yvex_backend_attention_execute
baseline	link	src/graph/families/deepseek_v4.c	src/core/sha256.c	yvex_sha256_final
baseline	link	src/graph/families/deepseek_v4.c	src/core/sha256.c	yvex_sha256_hex
baseline	link	src/graph/families/deepseek_v4.c	src/core/sha256.c	yvex_sha256_hex_valid
baseline	link	src/graph/families/deepseek_v4.c	src/core/sha256.c	yvex_sha256_init
baseline	link	src/graph/families/deepseek_v4.c	src/core/sha256.c	yvex_sha256_update_text
baseline	link	src/graph/families/deepseek_v4.c	src/core/sha256.c	yvex_sha256_update_u64
baseline	link	src/graph/families/deepseek_v4.c	src/core/status.c	yvex_core_text_copy
baseline	link	src/graph/families/deepseek_v4.c	src/core/status.c	yvex_core_u64_add
baseline	link	src/graph/families/deepseek_v4.c	src/core/status.c	yvex_core_u64_mul
baseline	link	src/graph/families/deepseek_v4.c	src/core/status.c	yvex_error_clear
baseline	link	src/graph/families/deepseek_v4.c	src/core/status.c	yvex_error_set
baseline	link	src/graph/families/deepseek_v4.c	src/graph/attention.c	yvex_attention_cancel_check
baseline	link	src/graph/families/deepseek_v4.c	src/graph/attention.c	yvex_attention_envelope_finish
baseline	link	src/graph/families/deepseek_v4.c	src/graph/attention.c	yvex_attention_envelope_prepare
baseline	link	src/graph/families/deepseek_v4.c	src/graph/attention.c	yvex_attention_envelope_scratch_elements
baseline	link	src/graph/families/deepseek_v4.c	src/graph/attention.c	yvex_attention_envelope_workspace_release
baseline	link	src/graph/families/deepseek_v4.c	src/graph/attention.c	yvex_attention_history_validate
baseline	link	src/graph/families/deepseek_v4.c	src/graph/attention.c	yvex_attention_rolling_geometry
baseline	link	src/graph/families/deepseek_v4.c	src/graph/attention.c	yvex_attention_rolling_state_step_cpu
baseline	link	src/graph/families/deepseek_v4.c	src/graph/candidate.c	yvex_attention_candidate_checkpoint_capture
baseline	link	src/graph/families/deepseek_v4.c	src/graph/candidate.c	yvex_attention_candidate_checkpoints_open
baseline	link	src/graph/families/deepseek_v4.c	src/graph/core.c	yvex_attention_activation_apply
baseline	link	src/graph/families/deepseek_v4.c	src/graph/core.c	yvex_attention_binding_find
baseline	link	src/graph/families/deepseek_v4.c	src/graph/core.c	yvex_attention_checksum
baseline	link	src/graph/families/deepseek_v4.c	src/graph/core.c	yvex_attention_decode_flat
baseline	link	src/graph/families/deepseek_v4.c	src/graph/core.c	yvex_attention_decode_row
baseline	link	src/graph/families/deepseek_v4.c	src/graph/core.c	yvex_attention_dot_batch
baseline	link	src/graph/families/deepseek_v4.c	src/graph/core.c	yvex_attention_execution_admit
baseline	link	src/graph/families/deepseek_v4.c	src/graph/core.c	yvex_attention_output_project
baseline	link	src/graph/families/deepseek_v4.c	src/graph/core.c	yvex_attention_reduce_chunk
baseline	link	src/graph/families/deepseek_v4.c	src/graph/core.c	yvex_attention_scratch_calloc
baseline	link	src/graph/families/deepseek_v4.c	src/graph/core.c	yvex_attention_scratch_free
baseline	link	src/graph/families/deepseek_v4.c	src/graph/core.c	yvex_attention_scratch_reserve
baseline	link	src/graph/families/deepseek_v4.c	src/graph/memory_plan.c	yvex_attention_cuda_activation_project
baseline	link	src/graph/families/deepseek_v4.c	src/graph/memory_plan.c	yvex_attention_cuda_publish
baseline	link	src/graph/families/deepseek_v4.c	src/graph/memory_plan.c	yvex_attention_cuda_reject
baseline	link	src/graph/families/deepseek_v4.c	src/graph/memory_plan.c	yvex_attention_cuda_role_load
baseline	link	src/graph/families/deepseek_v4.c	src/graph/memory_plan.c	yvex_attention_cuda_rolling_project
baseline	link	src/graph/families/deepseek_v4.c	src/graph/memory_plan.c	yvex_attention_cuda_trace_open
baseline	link	src/graph/families/deepseek_v4.c	src/graph/memory_plan.c	yvex_attention_cuda_weights_release
baseline	link	src/graph/families/deepseek_v4.c	src/graph/memory_plan.c	yvex_attention_execution_trace_release
baseline	link	src/graph/families/deepseek_v4.c	src/graph/memory_plan.c	yvex_attention_memory_sink_committed_component
baseline	link	src/graph/families/deepseek_v4.c	src/graph/memory_plan.c	yvex_attention_memory_sink_identity
baseline	link	src/graph/families/deepseek_v4.c	src/graph/memory_plan.c	yvex_attention_memory_sink_init
baseline	link	src/graph/families/deepseek_v4.c	src/graph/memory_plan.c	yvex_attention_memory_sink_release
baseline	link	src/graph/families/deepseek_v4.c	src/graph/memory_plan.c	yvex_attention_result_outputs_publish
baseline	link	src/graph/families/deepseek_v4.c	src/graph/memory_plan.c	yvex_attention_rolling_output_bind
baseline	link	src/graph/families/deepseek_v4.c	src/graph/memory_plan.c	yvex_attention_rolling_storage_acquire
baseline	link	src/graph/families/deepseek_v4.c	src/graph/memory_plan.c	yvex_attention_state_transaction_abort
baseline	link	src/graph/families/deepseek_v4.c	src/graph/memory_plan.c	yvex_attention_state_transaction_acquire
baseline	link	src/graph/families/deepseek_v4.c	src/graph/memory_plan.c	yvex_attention_state_transaction_begin_scope
baseline	link	src/graph/families/deepseek_v4.c	src/graph/memory_plan.c	yvex_attention_state_transaction_commit
baseline	link	src/graph/families/deepseek_v4.c	src/graph/memory_plan.c	yvex_attention_state_transaction_seal
baseline	link	src/graph/families/deepseek_v4.c	src/graph/memory_plan.c	yvex_attention_trace_capture
baseline	link	src/graph/families/deepseek_v4.c	src/graph/memory_plan.c	yvex_attention_trace_outputs_attach
baseline	link	src/graph/families/deepseek_v4.c	src/graph/memory_plan.c	yvex_attention_transaction_scratch_elements
baseline	link	src/graph/families/deepseek_v4.c	src/graph/numeric.c	yvex_attention_compute_round
baseline	link	src/graph/families/deepseek_v4.c	src/graph/numeric.c	yvex_attention_rms_norm
baseline	link	src/graph/families/deepseek_v4.c	src/graph/numeric.c	yvex_attention_rope_apply
baseline	link	src/graph/families/deepseek_v4.c	src/graph/numeric.c	yvex_attention_unit_rms_norm
baseline	link	src/graph/families/deepseek_v4.c	src/graph/plan.c	yvex_attention_plan_build
baseline	link	src/graph/families/deepseek_v4.c	src/graph/plan.c	yvex_attention_plan_close
baseline	link	src/graph/families/deepseek_v4.c	src/graph/plan.c	yvex_attention_plan_layer_at
baseline	link	src/graph/families/deepseek_v4.c	src/graph/plan.c	yvex_attention_plan_layer_count
baseline	link	src/graph/families/deepseek_v4.c	src/graph/plan.c	yvex_attention_plan_summary
baseline	link	src/graph/families/deepseek_v4.c	src/graph/plan.c	yvex_attention_reject
baseline	link	src/graph/families/deepseek_v4.c	src/graph/plan.c	yvex_attention_state_recipe_build
baseline	link	src/graph/families/deepseek_v4.c	src/graph/plan.c	yvex_attention_workspace_recipe_build
baseline	link	src/graph/families/deepseek_v4.c	src/model/families/deepseek_v4.c	yvex_model_register_deepseek_v4
baseline	link	src/graph/families/deepseek_v4.c	src/runtime/binding.c	yvex_runtime_capabilities_contract_valid
baseline	link	src/graph/memory_plan.c	src/artifact/materialize.c	yvex_materialization_session_borrow
baseline	link	src/graph/memory_plan.c	src/artifact/materialize.c	yvex_materialization_session_read
baseline	link	src/graph/memory_plan.c	src/core/sha256.c	yvex_sha256_final
baseline	link	src/graph/memory_plan.c	src/core/sha256.c	yvex_sha256_hex
baseline	link	src/graph/memory_plan.c	src/core/sha256.c	yvex_sha256_hex_valid
baseline	link	src/graph/memory_plan.c	src/core/sha256.c	yvex_sha256_init
baseline	link	src/graph/memory_plan.c	src/core/sha256.c	yvex_sha256_update
baseline	link	src/graph/memory_plan.c	src/core/sha256.c	yvex_sha256_update_text
baseline	link	src/graph/memory_plan.c	src/core/sha256.c	yvex_sha256_update_u64
baseline	link	src/graph/memory_plan.c	src/core/status.c	yvex_core_allocate
baseline	link	src/graph/memory_plan.c	src/core/status.c	yvex_core_text_copy
baseline	link	src/graph/memory_plan.c	src/core/status.c	yvex_core_u64_add
baseline	link	src/graph/memory_plan.c	src/core/status.c	yvex_core_u64_mul
baseline	link	src/graph/memory_plan.c	src/core/status.c	yvex_error_clear
baseline	link	src/graph/memory_plan.c	src/core/status.c	yvex_error_code
baseline	link	src/graph/memory_plan.c	src/core/status.c	yvex_error_set
baseline	link	src/graph/memory_plan.c	src/graph/attention.c	yvex_attention_history_validate
baseline	link	src/graph/memory_plan.c	src/graph/attention.c	yvex_attention_probe_position_resolve
baseline	link	src/graph/memory_plan.c	src/graph/attention.c	yvex_attention_rolling_geometry
baseline	link	src/graph/memory_plan.c	src/graph/core.c	yvex_attention_binding_find
baseline	link	src/graph/memory_plan.c	src/graph/core.c	yvex_attention_checksum
baseline	link	src/graph/memory_plan.c	src/graph/core.c	yvex_attention_workspace_calloc
baseline	link	src/graph/memory_plan.c	src/graph/core.c	yvex_attention_workspace_mark
baseline	link	src/graph/memory_plan.c	src/graph/core.c	yvex_attention_workspace_rewind
baseline	link	src/graph/memory_plan.c	src/graph/plan.c	yvex_attention_accept
baseline	link	src/graph/memory_plan.c	src/graph/plan.c	yvex_attention_calloc_array
baseline	link	src/graph/memory_plan.c	src/graph/plan.c	yvex_attention_checked_size
baseline	link	src/graph/memory_plan.c	src/graph/plan.c	yvex_attention_plan_layer_at
baseline	link	src/graph/memory_plan.c	src/graph/plan.c	yvex_attention_plan_layer_count
baseline	link	src/graph/memory_plan.c	src/graph/plan.c	yvex_attention_plan_summary
baseline	link	src/graph/memory_plan.c	src/graph/plan.c	yvex_attention_reject
baseline	link	src/graph/memory_plan.c	src/graph/state_recipe.c	yvex_attention_state_recipe_seal
baseline	link	src/graph/moe.c	src/artifact/materialize.c	yvex_materialization_session_summary
baseline	link	src/graph/moe.c	src/artifact/materialize.c	yvex_materialization_session_tensor_at
baseline	link	src/graph/moe.c	src/core/sha256.c	yvex_sha256_final
baseline	link	src/graph/moe.c	src/core/sha256.c	yvex_sha256_hex
baseline	link	src/graph/moe.c	src/core/sha256.c	yvex_sha256_init
baseline	link	src/graph/moe.c	src/core/sha256.c	yvex_sha256_update_text
baseline	link	src/graph/moe.c	src/core/sha256.c	yvex_sha256_update_u64
baseline	link	src/graph/moe.c	src/core/status.c	yvex_core_allocate
baseline	link	src/graph/moe.c	src/core/status.c	yvex_core_text_copy
baseline	link	src/graph/moe.c	src/core/status.c	yvex_core_u64_mul
baseline	link	src/graph/moe.c	src/core/status.c	yvex_error_clear
baseline	link	src/graph/moe.c	src/core/status.c	yvex_error_code
baseline	link	src/graph/moe.c	src/core/status.c	yvex_error_is_set
baseline	link	src/graph/moe.c	src/core/status.c	yvex_error_set
baseline	link	src/graph/moe.c	src/core/status.c	yvex_error_setf
baseline	link	src/graph/moe.c	src/gguf/quant_compute.c	yvex_quant_cpu_dot
baseline	link	src/graph/moe.c	src/gguf/quant_registry.c	yvex_quant_numeric_capability_at
baseline	link	src/graph/moe.c	src/gguf/quant_scalar.c	yvex_quant_bf16_decode
baseline	link	src/graph/moe.c	src/graph/families/deepseek_v4.c	yvex_graph_moe_family_at
baseline	link	src/graph/moe.c	src/graph/numeric.c	yvex_attention_compute_round
baseline	link	src/graph/moe.c	src/graph/numeric.c	yvex_attention_mhc_pre
baseline	link	src/graph/moe.c	src/graph/numeric.c	yvex_attention_rms_norm
baseline	link	src/graph/moe.c	src/graph/plan.c	yvex_attention_plan_layer_at
baseline	link	src/graph/moe.c	src/graph/plan.c	yvex_attention_plan_summary
baseline	link	src/graph/moe.c	src/model/core.c	yvex_tensor_role_name
baseline	link	src/graph/moe.c	src/runtime/descriptor.c	yvex_runtime_descriptor_find_role
baseline	link	src/graph/moe.c	src/runtime/descriptor.c	yvex_runtime_descriptor_summary_get
baseline	link	src/graph/numeric.c	src/core/sha256.c	yvex_sha256_hex_valid
baseline	link	src/graph/numeric.c	src/core/sha256.c	yvex_sha256_update_text
baseline	link	src/graph/numeric.c	src/core/sha256.c	yvex_sha256_update_u64
baseline	link	src/graph/numeric.c	src/core/status.c	yvex_core_u64_add
baseline	link	src/graph/numeric.c	src/core/status.c	yvex_core_u64_mul
baseline	link	src/graph/numeric.c	src/core/status.c	yvex_error_clear
baseline	link	src/graph/numeric.c	src/core/status.c	yvex_error_set
baseline	link	src/graph/numeric.c	src/gguf/quant_scalar.c	yvex_quant_bf16_decode
baseline	link	src/graph/numeric.c	src/gguf/quant_scalar.c	yvex_quant_bf16_encode
baseline	link	src/graph/numeric.c	src/gguf/quant_scalar.c	yvex_quant_e8m0_decode
baseline	link	src/graph/numeric.c	src/gguf/quant_scalar.c	yvex_quant_fp8_e4m3fn_decode
baseline	link	src/graph/numeric.c	src/graph/core.c	yvex_attention_scratch_calloc
baseline	link	src/graph/numeric.c	src/graph/core.c	yvex_attention_scratch_free
baseline	link	src/graph/numeric.c	src/graph/core.c	yvex_attention_scratch_reserve
baseline	link	src/graph/numeric.c	src/graph/plan.c	yvex_attention_accept
baseline	link	src/graph/numeric.c	src/graph/plan.c	yvex_attention_reject
baseline	link	src/graph/plan.c	src/artifact/materialize.c	yvex_materialization_session_summary
baseline	link	src/graph/plan.c	src/backend/core.c	yvex_backend_close
baseline	link	src/graph/plan.c	src/backend/core.c	yvex_backend_open
baseline	link	src/graph/plan.c	src/backend/core.c	yvex_backend_query_capability
baseline	link	src/graph/plan.c	src/backend/core.c	yvex_backend_status_of
baseline	link	src/graph/plan.c	src/core/sha256.c	yvex_sha256_final
baseline	link	src/graph/plan.c	src/core/sha256.c	yvex_sha256_hex
baseline	link	src/graph/plan.c	src/core/sha256.c	yvex_sha256_init
baseline	link	src/graph/plan.c	src/core/sha256.c	yvex_sha256_update
baseline	link	src/graph/plan.c	src/core/status.c	yvex_core_allocate
baseline	link	src/graph/plan.c	src/core/status.c	yvex_core_strdup
baseline	link	src/graph/plan.c	src/core/status.c	yvex_core_text_copy
baseline	link	src/graph/plan.c	src/core/status.c	yvex_core_u64_add
baseline	link	src/graph/plan.c	src/core/status.c	yvex_core_u64_mul
baseline	link	src/graph/plan.c	src/core/status.c	yvex_error_clear
baseline	link	src/graph/plan.c	src/core/status.c	yvex_error_set
baseline	link	src/graph/plan.c	src/core/status.c	yvex_error_setf
baseline	link	src/graph/plan.c	src/gguf/quant_registry.c	yvex_quant_numeric_capability_at
baseline	link	src/graph/plan.c	src/graph/attention.c	yvex_attention_rolling_geometry
baseline	link	src/graph/plan.c	src/graph/core.c	yvex_graph_build_for_model
baseline	link	src/graph/plan.c	src/graph/core.c	yvex_graph_close
baseline	link	src/graph/plan.c	src/graph/core.c	yvex_graph_status_of
baseline	link	src/graph/plan.c	src/graph/core.c	yvex_graph_value_at
baseline	link	src/graph/plan.c	src/graph/core.c	yvex_graph_value_count
baseline	link	src/graph/plan.c	src/graph/memory_plan.c	yvex_attention_workspace_recipe_seal
baseline	link	src/graph/plan.c	src/graph/state_recipe.c	yvex_attention_state_recipe_seal
baseline	link	src/graph/plan.c	src/model/core.c	yvex_dtype_tensor_storage_bytes
baseline	link	src/graph/plan.c	src/model/core.c	yvex_model_context_length
baseline	link	src/graph/plan.c	src/model/core.c	yvex_tensor_table_at
baseline	link	src/graph/plan.c	src/model/core.c	yvex_tensor_table_count
baseline	link	src/graph/plan.c	src/runtime/descriptor.c	yvex_runtime_descriptor_find_role
baseline	link	src/graph/plan.c	src/runtime/descriptor.c	yvex_runtime_descriptor_summary_get
baseline	link	src/graph/plan.c	src/runtime/descriptor.c	yvex_runtime_descriptor_tensor_at
baseline	link	src/graph/state.c	src/core/sha256.c	yvex_sha256_final
baseline	link	src/graph/state.c	src/core/sha256.c	yvex_sha256_hex
baseline	link	src/graph/state.c	src/core/sha256.c	yvex_sha256_hex_valid
baseline	link	src/graph/state.c	src/core/sha256.c	yvex_sha256_init
baseline	link	src/graph/state.c	src/core/sha256.c	yvex_sha256_update_text
baseline	link	src/graph/state.c	src/core/sha256.c	yvex_sha256_update_u64
baseline	link	src/graph/state.c	src/core/status.c	yvex_core_allocate
baseline	link	src/graph/state.c	src/core/status.c	yvex_core_text_copy
baseline	link	src/graph/state.c	src/core/status.c	yvex_core_u64_add
baseline	link	src/graph/state.c	src/core/status.c	yvex_core_u64_mul
baseline	link	src/graph/state.c	src/core/status.c	yvex_error_clear
baseline	link	src/graph/state.c	src/core/status.c	yvex_error_code
baseline	link	src/graph/state.c	src/core/status.c	yvex_error_set
baseline	link	src/graph/state.c	src/core/status.c	yvex_error_setf
baseline	link	src/graph/state.c	src/graph/candidate.c	yvex_attention_candidate_delta_close
baseline	link	src/graph/state.c	src/graph/candidate.c	yvex_attention_candidate_delta_open
baseline	link	src/graph/state.c	src/graph/candidate.c	yvex_attention_candidate_delta_project
baseline	link	src/graph/state.c	src/graph/candidate.c	yvex_attention_candidate_delta_publication
baseline	link	src/graph/state.c	src/graph/candidate.c	yvex_attention_candidate_delta_token_count
baseline	link	src/graph/state.c	src/graph/memory_plan.c	yvex_attention_rolling_output_bind
baseline	link	src/graph/state.c	src/graph/plan.c	yvex_attention_plan_layer_at
baseline	link	src/graph/state.c	src/graph/plan.c	yvex_attention_plan_layer_count
baseline	link	src/graph/state.c	src/graph/plan.c	yvex_attention_plan_summary
baseline	link	src/graph/state.c	src/graph/state_recipe.c	yvex_attention_state_recipe_seal
baseline	link	src/graph/state_recipe.c	src/core/sha256.c	yvex_sha256_final
baseline	link	src/graph/state_recipe.c	src/core/sha256.c	yvex_sha256_hex
baseline	link	src/graph/state_recipe.c	src/core/sha256.c	yvex_sha256_hex_valid
baseline	link	src/graph/state_recipe.c	src/core/sha256.c	yvex_sha256_init
baseline	link	src/graph/state_recipe.c	src/core/sha256.c	yvex_sha256_update_text
baseline	link	src/graph/state_recipe.c	src/core/sha256.c	yvex_sha256_update_u64
baseline	link	src/graph/state_recipe.c	src/core/status.c	yvex_error_clear
baseline	link	src/graph/state_recipe.c	src/core/status.c	yvex_error_set
baseline	link	src/graph/transformer.c	src/core/sha256.c	yvex_sha256_final
baseline	link	src/graph/transformer.c	src/core/sha256.c	yvex_sha256_hex
baseline	link	src/graph/transformer.c	src/core/sha256.c	yvex_sha256_hex_valid
baseline	link	src/graph/transformer.c	src/core/sha256.c	yvex_sha256_init
baseline	link	src/graph/transformer.c	src/core/sha256.c	yvex_sha256_update_text
baseline	link	src/graph/transformer.c	src/core/sha256.c	yvex_sha256_update_u64
baseline	link	src/graph/transformer.c	src/core/status.c	yvex_core_allocate
baseline	link	src/graph/transformer.c	src/core/status.c	yvex_error_clear
baseline	link	src/graph/transformer.c	src/core/status.c	yvex_error_code
baseline	link	src/graph/transformer.c	src/core/status.c	yvex_error_set
baseline	link	src/graph/transformer.c	src/gguf/quant_scalar.c	yvex_quant_bf16_decode
baseline	link	src/graph/transformer.c	src/gguf/quant_scalar.c	yvex_quant_bf16_encode
baseline	link	src/graph/transformer.c	src/graph/moe.c	yvex_moe_plan_layer_at
baseline	link	src/graph/transformer.c	src/graph/moe.c	yvex_moe_plan_summary_get
baseline	link	src/graph/transformer.c	src/graph/numeric.c	yvex_attention_compute_round
baseline	link	src/graph/transformer.c	src/graph/numeric.c	yvex_attention_rms_norm
baseline	link	src/graph/transformer.c	src/graph/plan.c	yvex_attention_plan_layer_at
baseline	link	src/graph/transformer.c	src/graph/plan.c	yvex_attention_plan_summary
baseline	link	src/model/artifacts/gate.c	src/artifact/core.c	yvex_artifact_close
baseline	link	src/model/artifacts/gate.c	src/artifact/core.c	yvex_artifact_data
baseline	link	src/model/artifacts/gate.c	src/artifact/core.c	yvex_artifact_open
baseline	link	src/model/artifacts/gate.c	src/artifact/core.c	yvex_artifact_size
baseline	link	src/model/artifacts/gate.c	src/artifact/descriptor.c	yvex_runtime_descriptor_build_deepseek
baseline	link	src/model/artifacts/gate.c	src/artifact/identity.c	yvex_artifact_sha256_hex_bytes
baseline	link	src/model/artifacts/gate.c	src/artifact/identity.c	yvex_sha256_hex_is_valid
baseline	link	src/model/artifacts/gate.c	src/artifact/integrity.c	yvex_artifact_integrity_validate
baseline	link	src/model/artifacts/gate.c	src/artifact/materialize.c	yvex_materialization_options_default
baseline	link	src/model/artifacts/gate.c	src/artifact/materialize.c	yvex_materialization_plan_build
baseline	link	src/model/artifacts/gate.c	src/artifact/materialize.c	yvex_materialization_plan_close
baseline	link	src/model/artifacts/gate.c	src/artifact/materialize.c	yvex_materialization_session_close
baseline	link	src/model/artifacts/gate.c	src/artifact/materialize.c	yvex_materialization_session_commit
baseline	link	src/model/artifacts/gate.c	src/artifact/materialize.c	yvex_materialization_session_open
baseline	link	src/model/artifacts/gate.c	src/artifact/roundtrip_gate.c	yvex_artifact_admission_identity_verify
baseline	link	src/model/artifacts/gate.c	src/artifact/roundtrip_gate.c	yvex_artifact_admit_deepseek
baseline	link	src/model/artifacts/gate.c	src/artifact/roundtrip_gate.c	yvex_artifact_physical_compatibility_validate
baseline	link	src/model/artifacts/gate.c	src/backend/core.c	yvex_backend_close
baseline	link	src/model/artifacts/gate.c	src/backend/core.c	yvex_backend_get_memory_stats
baseline	link	src/model/artifacts/gate.c	src/backend/core.c	yvex_backend_open
baseline	link	src/model/artifacts/gate.c	src/backend/core.c	yvex_backend_status_name
baseline	link	src/model/artifacts/gate.c	src/backend/core.c	yvex_backend_status_of
baseline	link	src/model/artifacts/gate.c	src/backend/core.c	yvex_backend_supports
baseline	link	src/model/artifacts/gate.c	src/backend/cpu.c	yvex_backend_open_cpu
baseline	link	src/model/artifacts/gate.c	src/core/status.c	yvex_core_text_copy
baseline	link	src/model/artifacts/gate.c	src/core/status.c	yvex_error_clear
baseline	link	src/model/artifacts/gate.c	src/core/status.c	yvex_error_message
baseline	link	src/model/artifacts/gate.c	src/core/status.c	yvex_error_set
baseline	link	src/model/artifacts/gate.c	src/core/status.c	yvex_error_setf
baseline	link	src/model/artifacts/gate.c	src/gguf/core.c	yvex_gguf_close
baseline	link	src/model/artifacts/gate.c	src/gguf/core.c	yvex_gguf_open
baseline	link	src/model/artifacts/gate.c	src/gguf/imatrix.c	yvex_imatrix_data_close
baseline	link	src/model/artifacts/gate.c	src/gguf/imatrix.c	yvex_imatrix_data_get_summary
baseline	link	src/model/artifacts/gate.c	src/gguf/imatrix.c	yvex_imatrix_data_open
baseline	link	src/model/artifacts/gate.c	src/gguf/quant_plan.c	yvex_quant_plan_build_deepseek_policy
baseline	link	src/model/artifacts/gate.c	src/gguf/quant_plan.c	yvex_quant_plan_build_deepseek_profile
baseline	link	src/model/artifacts/gate.c	src/gguf/quant_plan.c	yvex_quant_plan_release
baseline	link	src/model/artifacts/gate.c	src/gguf/quant_policy.c	yvex_quant_policy_close
baseline	link	src/model/artifacts/gate.c	src/gguf/quant_policy.c	yvex_quant_policy_open
baseline	link	src/model/artifacts/gate.c	src/gguf/quant_policy.c	yvex_quant_policy_preset_open
baseline	link	src/model/artifacts/gate.c	src/gguf/variant.c	yvex_quant_plan_file_validate
baseline	link	src/model/artifacts/gate.c	src/gguf/writer.c	yvex_gguf_writer_plan_build
baseline	link	src/model/artifacts/gate.c	src/gguf/writer.c	yvex_gguf_writer_plan_options_default
baseline	link	src/model/artifacts/gate.c	src/gguf/writer.c	yvex_gguf_writer_plan_release
baseline	link	src/model/artifacts/gate.c	src/gguf/writer.c	yvex_gguf_writer_plan_summary_get
baseline	link	src/model/artifacts/gate.c	src/graph/families/deepseek_v4.c	yvex_graph_lower_deepseek_v4
baseline	link	src/model/artifacts/gate.c	src/graph/families/deepseek_v4.c	yvex_runtime_family_at
baseline	link	src/model/artifacts/gate.c	src/model/compilation/ir.c	yvex_transform_ir_summary_get
baseline	link	src/model/artifacts/gate.c	src/model/core.c	yvex_dtype_name
baseline	link	src/model/artifacts/gate.c	src/model/core.c	yvex_tensor_table_close
baseline	link	src/model/artifacts/gate.c	src/model/core.c	yvex_tensor_table_count
baseline	link	src/model/artifacts/gate.c	src/model/core.c	yvex_tensor_table_find
baseline	link	src/model/artifacts/gate.c	src/model/core.c	yvex_tensor_table_from_gguf
baseline	link	src/model/artifacts/gate.c	src/model/core.c	yvex_weight_table_close
baseline	link	src/model/artifacts/gate.c	src/model/core.c	yvex_weight_table_get_summary
baseline	link	src/model/artifacts/gate.c	src/model/core.c	yvex_weight_table_materialize
baseline	link	src/model/artifacts/gate.c	src/model/families/deepseek_v4.c	yvex_deepseek_materialization_projection
baseline	link	src/model/artifacts/gate.c	src/model/families/deepseek_v4.c	yvex_model_register_deepseek_v4
baseline	link	src/model/artifacts/gate.c	src/runtime/binding.c	yvex_runtime_binding_prepare
baseline	link	src/model/artifacts/gate.c	src/runtime/binding.c	yvex_runtime_capabilities_contract_valid
baseline	link	src/model/artifacts/gate.c	src/runtime/descriptor.c	yvex_runtime_descriptor_close
baseline	link	src/model/artifacts/gate.c	src/source/payload.c	yvex_source_payload_budget_default
baseline	link	src/model/artifacts/ref.c	src/artifact/integrity.c	yvex_selected_embedding_shape_validate
baseline	link	src/model/artifacts/ref.c	src/core/status.c	yvex_core_allocate
baseline	link	src/model/artifacts/ref.c	src/core/status.c	yvex_core_strdup
baseline	link	src/model/artifacts/ref.c	src/core/status.c	yvex_error_clear
baseline	link	src/model/artifacts/ref.c	src/core/status.c	yvex_error_set
baseline	link	src/model/artifacts/ref.c	src/core/status.c	yvex_error_setf
baseline	link	src/model/artifacts/ref.c	src/model/artifacts/registry.c	yvex_model_registry_at
baseline	link	src/model/artifacts/ref.c	src/model/artifacts/registry.c	yvex_model_registry_close
baseline	link	src/model/artifacts/ref.c	src/model/artifacts/registry.c	yvex_model_registry_count
baseline	link	src/model/artifacts/ref.c	src/model/artifacts/registry.c	yvex_model_registry_find
baseline	link	src/model/artifacts/ref.c	src/model/artifacts/registry.c	yvex_model_registry_open
baseline	link	src/model/artifacts/ref.c	src/model/core.c	yvex_arch_name
baseline	link	src/model/artifacts/ref.c	src/model/core.c	yvex_dtype_name
baseline	link	src/model/artifacts/ref.c	src/model/core.c	yvex_model_arch
baseline	link	src/model/artifacts/ref.c	src/model/core.c	yvex_model_context_close
baseline	link	src/model/artifacts/ref.c	src/model/core.c	yvex_model_context_open
baseline	link	src/model/artifacts/ref.c	src/model/core.c	yvex_tensor_role_name
baseline	link	src/model/artifacts/ref.c	src/model/core.c	yvex_tensor_table_at
baseline	link	src/model/artifacts/ref.c	src/model/core.c	yvex_tensor_table_count
baseline	link	src/model/artifacts/registry.c	src/core/fs.c	yvex_paths_default
baseline	link	src/model/artifacts/registry.c	src/core/status.c	yvex_core_allocate
baseline	link	src/model/artifacts/registry.c	src/core/status.c	yvex_core_strdup
baseline	link	src/model/artifacts/registry.c	src/core/status.c	yvex_error_clear
baseline	link	src/model/artifacts/registry.c	src/core/status.c	yvex_error_code
baseline	link	src/model/artifacts/registry.c	src/core/status.c	yvex_error_set
baseline	link	src/model/artifacts/registry.c	src/core/status.c	yvex_error_setf
baseline	link	src/model/artifacts/registry.c	src/model/artifacts/write.c	yvex_model_registry_write_json_file
baseline	link	src/model/artifacts/write.c	src/core/fs.c	yvex_core_mkdir_parent
baseline	link	src/model/artifacts/write.c	src/core/status.c	yvex_error_set
baseline	link	src/model/artifacts/write.c	src/core/status.c	yvex_error_setf
baseline	link	src/model/compilation/binding.c	src/core/status.c	yvex_core_allocate
baseline	link	src/model/compilation/binding.c	src/core/status.c	yvex_core_text_copy
baseline	link	src/model/compilation/binding.c	src/core/status.c	yvex_error_clear
baseline	link	src/model/compilation/binding.c	src/core/status.c	yvex_error_set
baseline	link	src/model/compilation/binding.c	src/model/compilation/ir.c	yvex_transform_fail
baseline	link	src/model/compilation/binding.c	src/model/compilation/ir.c	yvex_transform_ir_node_at
baseline	link	src/model/compilation/binding.c	src/model/compilation/ir.c	yvex_transform_ir_release
baseline	link	src/model/compilation/binding.c	src/model/compilation/ir.c	yvex_transform_ir_source_at
baseline	link	src/model/compilation/binding.c	src/model/compilation/ir.c	yvex_transform_ir_summary_get
baseline	link	src/model/compilation/binding.c	src/model/compilation/ir.c	yvex_transform_ir_terminal_at
baseline	link	src/model/compilation/binding.c	src/model/families/deepseek_v4.c	yvex_model_register_deepseek_v4
baseline	link	src/model/compilation/binding.c	src/model/target/tensor_naming.c	yvex_model_deepseek_lowering_api
baseline	link	src/model/compilation/binding.c	src/source/inventory.c	yvex_source_tensor_snapshot_release
baseline	link	src/model/compilation/binding.c	src/source/payload.c	yvex_source_payload_range_at
baseline	link	src/model/compilation/binding.c	src/source/payload.c	yvex_source_payload_range_find
baseline	link	src/model/compilation/binding.c	src/source/payload.c	yvex_source_payload_session_facts_get
baseline	link	src/model/compilation/binding.c	src/source/payload.c	yvex_source_payload_session_open
baseline	link	src/model/compilation/binding.c	src/source/payload.c	yvex_source_payload_session_release
baseline	link	src/model/compilation/binding.c	src/source/payload.c	yvex_source_payload_shard_at
baseline	link	src/model/compilation/binding.c	src/source/payload_plan.c	yvex_source_payload_plan_build
baseline	link	src/model/compilation/binding.c	src/source/payload_plan.c	yvex_source_payload_plan_close
baseline	link	src/model/compilation/binding.c	src/source/provenance.c	yvex_source_release_identity
baseline	link	src/model/compilation/binding.c	src/source/verify.c	yvex_source_verify_with_snapshot
baseline	link	src/model/compilation/ir.c	src/core/sha256.c	yvex_sha256_hex_valid
baseline	link	src/model/compilation/ir.c	src/core/status.c	yvex_core_allocate
baseline	link	src/model/compilation/ir.c	src/core/status.c	yvex_core_execution_observation_record
baseline	link	src/model/compilation/ir.c	src/core/status.c	yvex_core_text_copy
baseline	link	src/model/compilation/ir.c	src/core/status.c	yvex_error_clear
baseline	link	src/model/compilation/ir.c	src/core/status.c	yvex_error_setf
baseline	link	src/model/compilation/ir.c	src/model/compilation/ir_identity.c	yvex_transform_deepseek_architecture_identity
baseline	link	src/model/compilation/ir.c	src/model/compilation/ir_validate.c	yvex_transform_ir_validate_and_seal
baseline	link	src/model/compilation/ir.c	src/model/families/deepseek_v4.c	yvex_model_register_deepseek_v4
baseline	link	src/model/compilation/ir_identity.c	src/core/sha256.c	yvex_sha256_final
baseline	link	src/model/compilation/ir_identity.c	src/core/sha256.c	yvex_sha256_hex
baseline	link	src/model/compilation/ir_identity.c	src/core/sha256.c	yvex_sha256_init
baseline	link	src/model/compilation/ir_identity.c	src/core/sha256.c	yvex_sha256_update
baseline	link	src/model/compilation/ir_identity.c	src/model/compilation/ir.c	yvex_transform_fail
baseline	link	src/model/compilation/ir_identity.c	src/model/families/deepseek_v4.c	yvex_model_register_deepseek_v4
baseline	link	src/model/compilation/ir_validate.c	src/core/status.c	yvex_core_text_copy
baseline	link	src/model/compilation/ir_validate.c	src/core/status.c	yvex_error_clear
baseline	link	src/model/compilation/ir_validate.c	src/model/compilation/ir.c	yvex_transform_allocate_zero
baseline	link	src/model/compilation/ir_validate.c	src/model/compilation/ir.c	yvex_transform_fail
baseline	link	src/model/compilation/ir_validate.c	src/model/compilation/ir.c	yvex_transform_hash_logical_key
baseline	link	src/model/compilation/ir_validate.c	src/model/compilation/ir.c	yvex_transform_hash_string
baseline	link	src/model/compilation/ir_validate.c	src/model/compilation/ir.c	yvex_transform_index_capacity
baseline	link	src/model/compilation/ir_validate.c	src/model/compilation/ir.c	yvex_transform_index_insert
baseline	link	src/model/compilation/ir_validate.c	src/model/compilation/ir.c	yvex_transform_ir_node_input_at
baseline	link	src/model/compilation/ir_validate.c	src/model/compilation/ir.c	yvex_transform_ir_release
baseline	link	src/model/compilation/ir_validate.c	src/model/compilation/ir.c	yvex_transform_logical_key_equal
baseline	link	src/model/compilation/ir_validate.c	src/model/compilation/ir.c	yvex_transform_shape_element_count
baseline	link	src/model/compilation/ir_validate.c	src/model/compilation/ir_identity.c	yvex_transform_ir_compute_identity
baseline	link	src/model/core.c	src/artifact/core.c	yvex_artifact_close
baseline	link	src/model/core.c	src/artifact/core.c	yvex_artifact_data
baseline	link	src/model/core.c	src/artifact/core.c	yvex_artifact_open
baseline	link	src/model/core.c	src/artifact/core.c	yvex_artifact_read_at
baseline	link	src/model/core.c	src/artifact/integrity.c	yvex_artifact_integrity_validate
baseline	link	src/model/core.c	src/artifact/integrity.c	yvex_tensor_range_validate
baseline	link	src/model/core.c	src/backend/core.c	yvex_backend_get_memory_stats
baseline	link	src/model/core.c	src/backend/core.c	yvex_backend_kind_name
baseline	link	src/model/core.c	src/backend/core.c	yvex_backend_kind_of
baseline	link	src/model/core.c	src/backend/core.c	yvex_backend_tensor_alloc
baseline	link	src/model/core.c	src/backend/core.c	yvex_backend_tensor_free
baseline	link	src/model/core.c	src/backend/core.c	yvex_backend_tensor_write
baseline	link	src/model/core.c	src/core/status.c	yvex_core_allocate
baseline	link	src/model/core.c	src/core/status.c	yvex_core_strdup
baseline	link	src/model/core.c	src/core/status.c	yvex_error_clear
baseline	link	src/model/core.c	src/core/status.c	yvex_error_set
baseline	link	src/model/core.c	src/core/status.c	yvex_error_setf
baseline	link	src/model/core.c	src/gguf/core.c	yvex_gguf_close
baseline	link	src/model/core.c	src/gguf/core.c	yvex_gguf_metadata_find
baseline	link	src/model/core.c	src/gguf/core.c	yvex_gguf_open
baseline	link	src/model/core.c	src/gguf/core.c	yvex_gguf_tensor_at
baseline	link	src/model/core.c	src/gguf/core.c	yvex_gguf_tensor_count
baseline	link	src/model/core.c	src/gguf/core.c	yvex_gguf_value_as_string
baseline	link	src/model/core.c	src/gguf/core.c	yvex_gguf_value_as_u64
baseline	link	src/model/core.c	src/gguf/layout_integrity.c	yvex_gguf_layout_validate
baseline	link	src/model/core.c	src/gguf/qtype.c	yvex_gguf_qtype_geometry_find
baseline	link	src/model/core.c	src/gguf/qtype.c	yvex_gguf_qtype_name
baseline	link	src/model/core.c	src/gguf/qtype.c	yvex_gguf_qtype_storage_status_name
baseline	link	src/model/core.c	src/gguf/qtype.c	yvex_gguf_qtype_supported_for_storage
baseline	link	src/model/core.c	src/gguf/qtype.c	yvex_gguf_qtype_tensor_storage
baseline	link	src/model/core.c	src/model/artifacts/ref.c	yvex_model_ref_clear
baseline	link	src/model/core.c	src/model/artifacts/ref.c	yvex_model_ref_resolve
baseline	link	src/model/core.c	src/tokenizer/core.c	yvex_tokenizer_close
baseline	link	src/model/core.c	src/tokenizer/core.c	yvex_tokenizer_from_gguf
baseline	link	src/model/core.c	src/tokenizer/core.c	yvex_tokenizer_vocab_size
baseline	link	src/model/families/deepseek_v4.c	src/core/status.c	yvex_core_allocate
baseline	link	src/model/families/deepseek_v4.c	src/core/status.c	yvex_core_text_copy
baseline	link	src/model/families/deepseek_v4.c	src/core/status.c	yvex_core_u64_add
baseline	link	src/model/families/deepseek_v4.c	src/core/status.c	yvex_core_u64_mul
baseline	link	src/model/families/deepseek_v4.c	src/core/status.c	yvex_error_clear
baseline	link	src/model/families/deepseek_v4.c	src/core/status.c	yvex_error_code
baseline	link	src/model/families/deepseek_v4.c	src/core/status.c	yvex_error_set
baseline	link	src/model/families/deepseek_v4.c	src/core/status.c	yvex_error_setf
baseline	link	src/model/families/deepseek_v4.c	src/model/compilation/binding.c	yvex_model_deepseek_payload_api
baseline	link	src/model/families/deepseek_v4.c	src/model/compilation/ir.c	yvex_model_deepseek_transform_api
baseline	link	src/model/families/deepseek_v4.c	src/model/target/tensor_collection.c	yvex_model_deepseek_coverage_api
baseline	link	src/model/families/deepseek_v4.c	src/model/target/tensor_naming.c	yvex_model_deepseek_lowering_api
baseline	link	src/model/families/deepseek_v4.c	src/source/provenance.c	yvex_source_release_identity
baseline	link	src/model/target/candidates.c	src/core/status.c	yvex_error_set
baseline	link	src/model/target/candidates.c	src/model/target/catalog.c	yvex_model_target_report_common_tail
baseline	link	src/model/target/candidates.c	src/model/target/report.c	yvex_model_target_report_add_row
baseline	link	src/model/target/candidates.c	src/model/target/report.c	yvex_model_target_report_add_rows
baseline	link	src/model/target/candidates.c	src/source/provenance.c	yvex_source_release_identity
baseline	link	src/model/target/catalog.c	src/core/status.c	yvex_core_text_copy
baseline	link	src/model/target/catalog.c	src/core/status.c	yvex_error_set
baseline	link	src/model/target/catalog.c	src/model/target/report.c	yvex_model_target_report_add_error
baseline	link	src/model/target/catalog.c	src/model/target/report.c	yvex_model_target_report_add_row
baseline	link	src/model/target/catalog.c	src/model/target/report.c	yvex_model_target_report_project_rows
baseline	link	src/model/target/catalog.c	src/source/provenance.c	yvex_source_is_release_target
baseline	link	src/model/target/catalog.c	src/source/provenance.c	yvex_source_release_identity
baseline	link	src/model/target/catalog.c	src/source/provenance.c	yvex_source_target_path
baseline	link	src/model/target/decision.c	src/core/status.c	yvex_error_set
baseline	link	src/model/target/decision.c	src/model/target/catalog.c	yvex_model_target_report_common_tail
baseline	link	src/model/target/decision.c	src/model/target/report.c	yvex_model_target_report_add_row
baseline	link	src/model/target/decision.c	src/model/target/report.c	yvex_model_target_report_add_rows
baseline	link	src/model/target/decision.c	src/source/provenance.c	yvex_source_release_identity
baseline	link	src/model/target/mapping_gate.c	src/core/status.c	yvex_error_clear
baseline	link	src/model/target/mapping_gate.c	src/core/status.c	yvex_error_set
baseline	link	src/model/target/mapping_gate.c	src/model/compilation/ir.c	yvex_transform_failure_name
baseline	link	src/model/target/mapping_gate.c	src/model/compilation/ir.c	yvex_transform_ir_release
baseline	link	src/model/target/mapping_gate.c	src/model/families/deepseek_v4.c	yvex_model_register_deepseek_v4
baseline	link	src/model/target/mapping_gate.c	src/model/target/catalog.c	yvex_model_target_family_key
baseline	link	src/model/target/mapping_gate.c	src/model/target/catalog.c	yvex_model_target_release_source_paths
baseline	link	src/model/target/mapping_gate.c	src/model/target/catalog.c	yvex_model_target_report_common_tail
baseline	link	src/model/target/mapping_gate.c	src/model/target/catalog.c	yvex_model_target_supported_source_target
baseline	link	src/model/target/mapping_gate.c	src/model/target/report.c	yvex_model_target_probe_source_profile
baseline	link	src/model/target/mapping_gate.c	src/model/target/report.c	yvex_model_target_report_add_error
baseline	link	src/model/target/mapping_gate.c	src/model/target/report.c	yvex_model_target_report_add_output_contract
baseline	link	src/model/target/mapping_gate.c	src/model/target/report.c	yvex_model_target_report_add_row
baseline	link	src/model/target/mapping_gate.c	src/model/target/report.c	yvex_model_target_report_prepare
baseline	link	src/model/target/mapping_gate.c	src/model/target/report.c	yvex_model_target_report_project_rows
baseline	link	src/model/target/mapping_gate.c	src/model/target/report.c	yvex_model_target_validate_request_shape
baseline	link	src/model/target/mapping_gate.c	src/source/inventory.c	yvex_source_tensor_snapshot_release
baseline	link	src/model/target/mapping_gate.c	src/source/provenance.c	yvex_source_is_release_target
baseline	link	src/model/target/mapping_gate.c	src/source/provenance.c	yvex_source_release_identity
baseline	link	src/model/target/mapping_gate.c	src/source/verify.c	yvex_source_verification_status
baseline	link	src/model/target/mapping_gate.c	src/source/verify.c	yvex_source_verify_with_snapshot
baseline	link	src/model/target/missing_role.c	src/core/status.c	yvex_error_set
baseline	link	src/model/target/missing_role.c	src/model/target/catalog.c	yvex_model_target_family_key
baseline	link	src/model/target/missing_role.c	src/model/target/catalog.c	yvex_model_target_report_common_tail
baseline	link	src/model/target/missing_role.c	src/model/target/catalog.c	yvex_model_target_supported_source_target
baseline	link	src/model/target/missing_role.c	src/model/target/report.c	yvex_model_target_probe_file
baseline	link	src/model/target/missing_role.c	src/model/target/report.c	yvex_model_target_probe_read
baseline	link	src/model/target/missing_role.c	src/model/target/report.c	yvex_model_target_probe_source_profile
baseline	link	src/model/target/missing_role.c	src/model/target/report.c	yvex_model_target_report_add_error
baseline	link	src/model/target/missing_role.c	src/model/target/report.c	yvex_model_target_report_add_output_contract
baseline	link	src/model/target/missing_role.c	src/model/target/report.c	yvex_model_target_report_add_row
baseline	link	src/model/target/missing_role.c	src/model/target/report.c	yvex_model_target_report_prepare
baseline	link	src/model/target/missing_role.c	src/model/target/report.c	yvex_model_target_report_project_rows
baseline	link	src/model/target/missing_role.c	src/model/target/report.c	yvex_model_target_report_release_coverage
baseline	link	src/model/target/missing_role.c	src/source/provenance.c	yvex_source_is_release_target
baseline	link	src/model/target/model_class_profile.c	src/core/status.c	yvex_error_clear
baseline	link	src/model/target/model_class_profile.c	src/core/status.c	yvex_error_set
baseline	link	src/model/target/model_class_profile.c	src/model/families/deepseek_v4.c	yvex_model_register_deepseek_v4
baseline	link	src/model/target/model_class_profile.c	src/model/target/catalog.c	yvex_model_target_family_key
baseline	link	src/model/target/model_class_profile.c	src/model/target/catalog.c	yvex_model_target_report_common_tail
baseline	link	src/model/target/model_class_profile.c	src/model/target/report.c	yvex_model_target_report_add_error
baseline	link	src/model/target/model_class_profile.c	src/model/target/report.c	yvex_model_target_report_add_row
baseline	link	src/model/target/model_class_profile.c	src/model/target/report.c	yvex_model_target_report_add_table_row
baseline	link	src/model/target/model_class_profile.c	src/model/target/report.c	yvex_model_target_report_prepare
baseline	link	src/model/target/model_class_profile.c	src/model/target/report.c	yvex_model_target_report_project_rows
baseline	link	src/model/target/model_class_profile.c	src/model/target/report.c	yvex_model_target_scan_source
baseline	link	src/model/target/model_class_profile.c	src/model/target/report.c	yvex_model_target_validate_supported
baseline	link	src/model/target/model_class_profile.c	src/source/provenance.c	yvex_source_is_release_target
baseline	link	src/model/target/model_class_profile.c	src/source/provenance.c	yvex_source_release_identity
baseline	link	src/model/target/model_class_profile.c	src/source/provenance.c	yvex_source_target_path
baseline	link	src/model/target/model_class_profile.c	src/source/verify.c	yvex_source_verify
baseline	link	src/model/target/output_head_map.c	src/core/status.c	yvex_core_allocate
baseline	link	src/model/target/output_head_map.c	src/core/status.c	yvex_error_set
baseline	link	src/model/target/output_head_map.c	src/model/target/catalog.c	yvex_model_target_family_key
baseline	link	src/model/target/output_head_map.c	src/model/target/catalog.c	yvex_model_target_report_common_tail
baseline	link	src/model/target/output_head_map.c	src/model/target/report.c	yvex_model_target_probe_header
baseline	link	src/model/target/output_head_map.c	src/model/target/report.c	yvex_model_target_probe_read
baseline	link	src/model/target/output_head_map.c	src/model/target/report.c	yvex_model_target_probe_source_path
baseline	link	src/model/target/output_head_map.c	src/model/target/report.c	yvex_model_target_report_add_output_contract
baseline	link	src/model/target/output_head_map.c	src/model/target/report.c	yvex_model_target_report_add_row
baseline	link	src/model/target/output_head_map.c	src/model/target/report.c	yvex_model_target_report_project_rows
baseline	link	src/model/target/output_head_map.c	src/model/target/report.c	yvex_model_target_validate_supported
baseline	link	src/model/target/output_head_map.c	src/model/target/sidecar_write.c	yvex_model_target_write_sidecar
baseline	link	src/model/target/qtype_policy.c	src/core/status.c	yvex_error_set
baseline	link	src/model/target/qtype_policy.c	src/gguf/qtype.c	yvex_gguf_qtype_name
baseline	link	src/model/target/qtype_policy.c	src/gguf/quant_registry.c	yvex_quant_calibration_name
baseline	link	src/model/target/qtype_policy.c	src/gguf/quant_registry.c	yvex_quant_numeric_capability_at
baseline	link	src/model/target/qtype_policy.c	src/model/target/catalog.c	yvex_model_target_family_key
baseline	link	src/model/target/qtype_policy.c	src/model/target/catalog.c	yvex_model_target_find
baseline	link	src/model/target/qtype_policy.c	src/model/target/catalog.c	yvex_model_target_report_common_tail
baseline	link	src/model/target/qtype_policy.c	src/model/target/report.c	yvex_model_target_probe_source_profile
baseline	link	src/model/target/qtype_policy.c	src/model/target/report.c	yvex_model_target_report_add_error
baseline	link	src/model/target/qtype_policy.c	src/model/target/report.c	yvex_model_target_report_add_output_contract
baseline	link	src/model/target/qtype_policy.c	src/model/target/report.c	yvex_model_target_report_add_row
baseline	link	src/model/target/qtype_policy.c	src/model/target/report.c	yvex_model_target_report_add_rows
baseline	link	src/model/target/qtype_policy.c	src/model/target/report.c	yvex_model_target_report_prepare
baseline	link	src/model/target/qtype_policy.c	src/model/target/report.c	yvex_model_target_validate_request_shape
baseline	link	src/model/target/qtype_role_support.c	src/core/status.c	yvex_error_set
baseline	link	src/model/target/qtype_role_support.c	src/gguf/quant_registry.c	yvex_quant_numeric_capability_at
baseline	link	src/model/target/qtype_role_support.c	src/model/target/catalog.c	yvex_model_target_family_key
baseline	link	src/model/target/qtype_role_support.c	src/model/target/catalog.c	yvex_model_target_report_common_tail
baseline	link	src/model/target/qtype_role_support.c	src/model/target/report.c	yvex_model_target_report_add_row
baseline	link	src/model/target/qtype_role_support.c	src/model/target/report.c	yvex_model_target_report_add_rows
baseline	link	src/model/target/qtype_role_support.c	src/model/target/report.c	yvex_model_target_report_add_table_row
baseline	link	src/model/target/qtype_role_support.c	src/model/target/report.c	yvex_model_target_report_prepare
baseline	link	src/model/target/qtype_role_support.c	src/model/target/report.c	yvex_model_target_report_project_rows
baseline	link	src/model/target/qtype_role_support.c	src/model/target/report.c	yvex_model_target_validate_request_shape
baseline	link	src/model/target/report.c	src/core/status.c	yvex_core_allocate
baseline	link	src/model/target/report.c	src/core/status.c	yvex_core_text_copy
baseline	link	src/model/target/report.c	src/core/status.c	yvex_error_clear
baseline	link	src/model/target/report.c	src/core/status.c	yvex_error_set
baseline	link	src/model/target/report.c	src/model/families/deepseek_v4.c	yvex_model_register_deepseek_v4
baseline	link	src/model/target/report.c	src/model/target/candidates.c	yvex_model_target_candidate_report_build
baseline	link	src/model/target/report.c	src/model/target/catalog.c	yvex_model_target_catalog_help_report_build
baseline	link	src/model/target/report.c	src/model/target/catalog.c	yvex_model_target_catalog_report_build
baseline	link	src/model/target/report.c	src/model/target/catalog.c	yvex_model_target_release_source_paths
baseline	link	src/model/target/report.c	src/model/target/catalog.c	yvex_model_target_supported_source_target
baseline	link	src/model/target/report.c	src/model/target/decision.c	yvex_model_target_decision_report_build
baseline	link	src/model/target/report.c	src/model/target/mapping_gate.c	yvex_mapping_gate_report_build
baseline	link	src/model/target/report.c	src/model/target/missing_role.c	yvex_missing_role_report_build
baseline	link	src/model/target/report.c	src/model/target/model_class_profile.c	yvex_model_class_profile_report_build
baseline	link	src/model/target/report.c	src/model/target/output_head_map.c	yvex_output_head_map_report_build
baseline	link	src/model/target/report.c	src/model/target/qtype_policy.c	yvex_qtype_policy_report_build
baseline	link	src/model/target/report.c	src/model/target/qtype_role_support.c	yvex_qtype_role_support_report_build
baseline	link	src/model/target/report.c	src/model/target/tensor_collection.c	yvex_tensor_collection_report_build
baseline	link	src/model/target/report.c	src/model/target/tensor_naming.c	yvex_tensor_naming_report_build
baseline	link	src/model/target/report.c	src/model/target/tokenizer_map.c	yvex_tokenizer_map_report_build
baseline	link	src/model/target/report.c	src/source/native_weights.c	yvex_native_weight_table_at
baseline	link	src/model/target/report.c	src/source/native_weights.c	yvex_native_weight_table_close
baseline	link	src/model/target/report.c	src/source/native_weights.c	yvex_native_weight_table_count
baseline	link	src/model/target/report.c	src/source/native_weights.c	yvex_native_weight_table_open
baseline	link	src/model/target/sidecar_write.c	src/core/fs.c	yvex_core_mkdir_parent
baseline	link	src/model/target/sidecar_write.c	src/core/status.c	yvex_error_clear
baseline	link	src/model/target/sidecar_write.c	src/io/writer.c	yvex_file_json_write_string
baseline	link	src/model/target/tensor_collection.c	src/core/status.c	yvex_core_allocate
baseline	link	src/model/target/tensor_collection.c	src/core/status.c	yvex_core_text_copy
baseline	link	src/model/target/tensor_collection.c	src/core/status.c	yvex_error_clear
baseline	link	src/model/target/tensor_collection.c	src/core/status.c	yvex_error_code
baseline	link	src/model/target/tensor_collection.c	src/core/status.c	yvex_error_set
baseline	link	src/model/target/tensor_collection.c	src/core/status.c	yvex_error_setf
baseline	link	src/model/target/tensor_collection.c	src/model/families/deepseek_v4.c	yvex_model_register_deepseek_v4
baseline	link	src/model/target/tensor_collection.c	src/model/target/catalog.c	yvex_model_target_family_key
baseline	link	src/model/target/tensor_collection.c	src/model/target/catalog.c	yvex_model_target_report_common_tail
baseline	link	src/model/target/tensor_collection.c	src/model/target/report.c	yvex_model_target_report_add_row
baseline	link	src/model/target/tensor_collection.c	src/model/target/report.c	yvex_model_target_report_project_rows
baseline	link	src/model/target/tensor_collection.c	src/model/target/report.c	yvex_model_target_report_release_coverage
baseline	link	src/model/target/tensor_collection.c	src/model/target/report.c	yvex_model_target_scan_source
baseline	link	src/model/target/tensor_collection.c	src/model/target/report.c	yvex_model_target_validate_supported
baseline	link	src/model/target/tensor_collection.c	src/source/inventory.c	yvex_source_tensor_snapshot_at
baseline	link	src/model/target/tensor_collection.c	src/source/inventory.c	yvex_source_tensor_snapshot_facts_get
baseline	link	src/model/target/tensor_collection.c	src/source/inventory.c	yvex_source_tensor_snapshot_find
baseline	link	src/model/target/tensor_collection.c	src/source/inventory.c	yvex_source_tensor_snapshot_find_index
baseline	link	src/model/target/tensor_collection.c	src/source/inventory.c	yvex_source_tensor_snapshot_release
baseline	link	src/model/target/tensor_collection.c	src/source/inventory.c	yvex_source_tensor_snapshot_retain
baseline	link	src/model/target/tensor_collection.c	src/source/provenance.c	yvex_source_is_release_target
baseline	link	src/model/target/tensor_collection.c	src/source/provenance.c	yvex_source_release_identity
baseline	link	src/model/target/tensor_collection.c	src/source/verify.c	yvex_source_verify_with_snapshot
baseline	link	src/model/target/tensor_naming.c	src/core/status.c	yvex_core_allocate
baseline	link	src/model/target/tensor_naming.c	src/core/status.c	yvex_core_text_copy
baseline	link	src/model/target/tensor_naming.c	src/core/status.c	yvex_error_clear
baseline	link	src/model/target/tensor_naming.c	src/core/status.c	yvex_error_set
baseline	link	src/model/target/tensor_naming.c	src/core/status.c	yvex_error_setf
baseline	link	src/model/target/tensor_naming.c	src/gguf/descriptor.c	yvex_gguf_layout_map_shape_supported
baseline	link	src/model/target/tensor_naming.c	src/gguf/descriptor.c	yvex_gguf_name_map_resolve
baseline	link	src/model/target/tensor_naming.c	src/model/compilation/ir.c	yvex_transform_ir_node_at
baseline	link	src/model/target/tensor_naming.c	src/model/compilation/ir.c	yvex_transform_ir_node_input_at
baseline	link	src/model/target/tensor_naming.c	src/model/compilation/ir.c	yvex_transform_ir_source_at
baseline	link	src/model/target/tensor_naming.c	src/model/compilation/ir.c	yvex_transform_ir_summary_get
baseline	link	src/model/target/tensor_naming.c	src/model/compilation/ir.c	yvex_transform_ir_terminal_at
baseline	link	src/model/target/tensor_naming.c	src/model/core.c	yvex_tensor_role_name
baseline	link	src/model/target/tensor_naming.c	src/model/families/deepseek_v4.c	yvex_model_register_deepseek_v4
baseline	link	src/model/target/tensor_naming.c	src/model/target/catalog.c	yvex_model_target_family_key
baseline	link	src/model/target/tensor_naming.c	src/model/target/catalog.c	yvex_model_target_report_common_tail
baseline	link	src/model/target/tensor_naming.c	src/model/target/mapping_gate.c	yvex_model_mapping_report_deepseek
baseline	link	src/model/target/tensor_naming.c	src/model/target/report.c	yvex_model_target_probe_header
baseline	link	src/model/target/tensor_naming.c	src/model/target/report.c	yvex_model_target_probe_read
baseline	link	src/model/target/tensor_naming.c	src/model/target/report.c	yvex_model_target_probe_source_path
baseline	link	src/model/target/tensor_naming.c	src/model/target/report.c	yvex_model_target_report_add_output_contract
baseline	link	src/model/target/tensor_naming.c	src/model/target/report.c	yvex_model_target_report_add_row
baseline	link	src/model/target/tensor_naming.c	src/model/target/report.c	yvex_model_target_report_add_rows
baseline	link	src/model/target/tensor_naming.c	src/model/target/report.c	yvex_model_target_report_project_rows
baseline	link	src/model/target/tensor_naming.c	src/model/target/report.c	yvex_model_target_validate_supported
baseline	link	src/model/target/tensor_naming.c	src/model/target/sidecar_write.c	yvex_model_target_write_sidecar
baseline	link	src/model/target/tokenizer_map.c	src/core/status.c	yvex_error_set
baseline	link	src/model/target/tokenizer_map.c	src/model/target/catalog.c	yvex_model_target_family_key
baseline	link	src/model/target/tokenizer_map.c	src/model/target/catalog.c	yvex_model_target_report_common_tail
baseline	link	src/model/target/tokenizer_map.c	src/model/target/report.c	yvex_model_target_probe_directory
baseline	link	src/model/target/tokenizer_map.c	src/model/target/report.c	yvex_model_target_probe_file
baseline	link	src/model/target/tokenizer_map.c	src/model/target/report.c	yvex_model_target_probe_read
baseline	link	src/model/target/tokenizer_map.c	src/model/target/report.c	yvex_model_target_probe_source_path
baseline	link	src/model/target/tokenizer_map.c	src/model/target/report.c	yvex_model_target_report_add_row
baseline	link	src/model/target/tokenizer_map.c	src/model/target/report.c	yvex_model_target_report_project_rows
baseline	link	src/model/target/tokenizer_map.c	src/model/target/report.c	yvex_model_target_validate_supported
baseline	link	src/model/target/tokenizer_map.c	src/model/target/sidecar_write.c	yvex_model_target_write_sidecar
baseline	link	src/provider/core.c	src/core/json.c	yvex_json_complete
baseline	link	src/provider/core.c	src/core/json.c	yvex_json_init
baseline	link	src/provider/core.c	src/core/json.c	yvex_json_skip_value
baseline	link	src/provider/core.c	src/core/sha256.c	yvex_sha256_final
baseline	link	src/provider/core.c	src/core/sha256.c	yvex_sha256_hex
baseline	link	src/provider/core.c	src/core/sha256.c	yvex_sha256_init
baseline	link	src/provider/core.c	src/core/sha256.c	yvex_sha256_update
baseline	link	src/provider/core.c	src/core/sha256.c	yvex_sha256_update_text
baseline	link	src/provider/core.c	src/core/status.c	yvex_core_allocate
baseline	link	src/provider/core.c	src/core/status.c	yvex_error_clear
baseline	link	src/provider/core.c	src/core/status.c	yvex_error_code
baseline	link	src/provider/core.c	src/core/status.c	yvex_error_set
baseline	link	src/runtime/benchmark.c	src/core/fs.c	yvex_core_file_publish_noreplace
baseline	link	src/runtime/benchmark.c	src/core/fs.c	yvex_core_file_read_snapshot
baseline	link	src/runtime/benchmark.c	src/core/sha256.c	yvex_sha256_final
baseline	link	src/runtime/benchmark.c	src/core/sha256.c	yvex_sha256_hex
baseline	link	src/runtime/benchmark.c	src/core/sha256.c	yvex_sha256_hex_valid
baseline	link	src/runtime/benchmark.c	src/core/sha256.c	yvex_sha256_init
baseline	link	src/runtime/benchmark.c	src/core/sha256.c	yvex_sha256_update
baseline	link	src/runtime/benchmark.c	src/core/sha256.c	yvex_sha256_update_text
baseline	link	src/runtime/benchmark.c	src/core/sha256.c	yvex_sha256_update_u64
baseline	link	src/runtime/benchmark.c	src/core/status.c	yvex_core_allocate
baseline	link	src/runtime/benchmark.c	src/core/status.c	yvex_core_text_copy
baseline	link	src/runtime/benchmark.c	src/core/status.c	yvex_core_u64_add
baseline	link	src/runtime/benchmark.c	src/core/status.c	yvex_core_u64_mul
baseline	link	src/runtime/benchmark.c	src/core/status.c	yvex_error_clear
baseline	link	src/runtime/benchmark.c	src/core/status.c	yvex_error_code
baseline	link	src/runtime/benchmark.c	src/core/status.c	yvex_error_set
baseline	link	src/runtime/binding.c	src/artifact/core.c	yvex_artifact_path
baseline	link	src/runtime/binding.c	src/artifact/core.c	yvex_artifact_snapshot_get
baseline	link	src/runtime/binding.c	src/artifact/core.c	yvex_artifact_snapshot_validate
baseline	link	src/runtime/binding.c	src/artifact/identity.c	yvex_sha256_hex_is_valid
baseline	link	src/runtime/binding.c	src/artifact/materialize.c	yvex_materialization_failure_name
baseline	link	src/runtime/binding.c	src/artifact/materialize.c	yvex_materialization_plan_close
baseline	link	src/runtime/binding.c	src/artifact/materialize.c	yvex_materialization_plan_import
baseline	link	src/runtime/binding.c	src/artifact/materialize.c	yvex_materialization_session_close
baseline	link	src/runtime/binding.c	src/artifact/materialize.c	yvex_materialization_session_commit
baseline	link	src/runtime/binding.c	src/artifact/materialize.c	yvex_materialization_session_open
baseline	link	src/runtime/binding.c	src/artifact/materialize.c	yvex_materialization_session_summary
baseline	link	src/runtime/binding.c	src/artifact/materialize.c	yvex_materialization_session_tensor_at
baseline	link	src/runtime/binding.c	src/core/fs.c	yvex_core_file_publish_noreplace
baseline	link	src/runtime/binding.c	src/core/fs.c	yvex_core_file_read_snapshot
baseline	link	src/runtime/binding.c	src/core/sha256.c	yvex_sha256_final
baseline	link	src/runtime/binding.c	src/core/sha256.c	yvex_sha256_hex
baseline	link	src/runtime/binding.c	src/core/sha256.c	yvex_sha256_init
baseline	link	src/runtime/binding.c	src/core/sha256.c	yvex_sha256_update
baseline	link	src/runtime/binding.c	src/core/sha256.c	yvex_sha256_update_text
baseline	link	src/runtime/binding.c	src/core/sha256.c	yvex_sha256_update_u64
baseline	link	src/runtime/binding.c	src/core/status.c	yvex_core_allocate
baseline	link	src/runtime/binding.c	src/core/status.c	yvex_core_text_copy
baseline	link	src/runtime/binding.c	src/core/status.c	yvex_error_clear
baseline	link	src/runtime/binding.c	src/core/status.c	yvex_error_set
baseline	link	src/runtime/binding.c	src/graph/families/deepseek_v4.c	yvex_runtime_family_at
baseline	link	src/runtime/binding.c	src/graph/moe.c	yvex_moe_plan_build
baseline	link	src/runtime/binding.c	src/graph/moe.c	yvex_moe_plan_close
baseline	link	src/runtime/binding.c	src/graph/moe.c	yvex_moe_plan_summary_get
baseline	link	src/runtime/binding.c	src/graph/plan.c	yvex_attention_plan_close
baseline	link	src/runtime/binding.c	src/graph/plan.c	yvex_attention_plan_import
baseline	link	src/runtime/binding.c	src/graph/plan.c	yvex_attention_plan_layer_at
baseline	link	src/runtime/binding.c	src/graph/plan.c	yvex_attention_plan_layer_count
baseline	link	src/runtime/binding.c	src/graph/plan.c	yvex_attention_plan_summary
baseline	link	src/runtime/binding.c	src/runtime/descriptor.c	yvex_runtime_descriptor_close
baseline	link	src/runtime/binding.c	src/runtime/descriptor.c	yvex_runtime_descriptor_failure_name
baseline	link	src/runtime/binding.c	src/runtime/descriptor.c	yvex_runtime_descriptor_import
baseline	link	src/runtime/binding.c	src/runtime/descriptor.c	yvex_runtime_descriptor_summary_get
baseline	link	src/runtime/binding.c	src/runtime/descriptor.c	yvex_runtime_descriptor_tensor_at
baseline	link	src/runtime/core.c	src/artifact/core.c	yvex_artifact_close
baseline	link	src/runtime/core.c	src/artifact/core.c	yvex_artifact_open
baseline	link	src/runtime/core.c	src/artifact/core.c	yvex_artifact_path
baseline	link	src/runtime/core.c	src/artifact/core.c	yvex_artifact_size
baseline	link	src/runtime/core.c	src/artifact/core.c	yvex_artifact_snapshot_get
baseline	link	src/runtime/core.c	src/artifact/core.c	yvex_artifact_snapshot_validate
baseline	link	src/runtime/core.c	src/artifact/identity.c	yvex_sha256_hex_is_valid
baseline	link	src/runtime/core.c	src/artifact/materialize.c	yvex_materialization_options_default
baseline	link	src/runtime/core.c	src/artifact/materialize.c	yvex_materialization_plan_close
baseline	link	src/runtime/core.c	src/artifact/materialize.c	yvex_materialization_session_close
baseline	link	src/runtime/core.c	src/artifact/roundtrip_gate.c	yvex_artifact_admission_identity_verify
baseline	link	src/runtime/core.c	src/backend/core.c	yvex_backend_close_checked
baseline	link	src/runtime/core.c	src/backend/core.c	yvex_backend_get_device_info
baseline	link	src/runtime/core.c	src/backend/core.c	yvex_backend_host_workspace_detach
baseline	link	src/runtime/core.c	src/backend/core.c	yvex_backend_host_workspace_summary_get
baseline	link	src/runtime/core.c	src/backend/core.c	yvex_backend_open
baseline	link	src/runtime/core.c	src/backend/core.c	yvex_backend_query_capability
baseline	link	src/runtime/core.c	src/backend/core.c	yvex_backend_resident_detach
baseline	link	src/runtime/core.c	src/backend/core.c	yvex_backend_state_residency_detach
baseline	link	src/runtime/core.c	src/backend/core.c	yvex_backend_status_of
baseline	link	src/runtime/core.c	src/backend/core.c	yvex_backend_tensor_release
baseline	link	src/runtime/core.c	src/backend/core.c	yvex_backend_workspace_detach
baseline	link	src/runtime/core.c	src/backend/cuda/graph.c	yvex_backend_cuda_attention_graph_registry_apply
baseline	link	src/runtime/core.c	src/backend/cuda/graph.c	yvex_backend_cuda_graph_query
baseline	link	src/runtime/core.c	src/core/sha256.c	yvex_sha256_final
baseline	link	src/runtime/core.c	src/core/sha256.c	yvex_sha256_hex
baseline	link	src/runtime/core.c	src/core/sha256.c	yvex_sha256_init
baseline	link	src/runtime/core.c	src/core/sha256.c	yvex_sha256_update_text
baseline	link	src/runtime/core.c	src/core/sha256.c	yvex_sha256_update_u64
baseline	link	src/runtime/core.c	src/core/status.c	yvex_core_allocate
baseline	link	src/runtime/core.c	src/core/status.c	yvex_core_monotonic_ns
baseline	link	src/runtime/core.c	src/core/status.c	yvex_core_text_copy
baseline	link	src/runtime/core.c	src/core/status.c	yvex_core_u64_add
baseline	link	src/runtime/core.c	src/core/status.c	yvex_error_clear
baseline	link	src/runtime/core.c	src/core/status.c	yvex_error_set
baseline	link	src/runtime/core.c	src/gguf/core.c	yvex_gguf_close
baseline	link	src/runtime/core.c	src/gguf/core.c	yvex_gguf_open
baseline	link	src/runtime/core.c	src/graph/core.c	yvex_attention_workspace_capacity_resolve
baseline	link	src/runtime/core.c	src/graph/core.c	yvex_attention_workspace_close
baseline	link	src/runtime/core.c	src/graph/core.c	yvex_attention_workspace_open
baseline	link	src/runtime/core.c	src/graph/execution.c	yvex_physical_execution_ir_build
baseline	link	src/runtime/core.c	src/graph/execution.c	yvex_physical_execution_ir_close
baseline	link	src/runtime/core.c	src/graph/execution.c	yvex_physical_execution_ir_summary
baseline	link	src/runtime/core.c	src/graph/families/deepseek_v4.c	yvex_runtime_family_at
baseline	link	src/runtime/core.c	src/graph/state.c	yvex_attention_state_provider_open_persistent
baseline	link	src/runtime/core.c	src/model/core.c	yvex_tensor_table_close
baseline	link	src/runtime/core.c	src/model/core.c	yvex_tensor_table_from_gguf
baseline	link	src/runtime/core.c	src/runtime/binding.c	yvex_runtime_binding_close
baseline	link	src/runtime/core.c	src/runtime/binding.c	yvex_runtime_binding_import_graph
baseline	link	src/runtime/core.c	src/runtime/binding.c	yvex_runtime_binding_import_materialization
baseline	link	src/runtime/core.c	src/runtime/binding.c	yvex_runtime_binding_open
baseline	link	src/runtime/core.c	src/runtime/binding.c	yvex_runtime_capabilities_admitted_by
baseline	link	src/runtime/core.c	src/runtime/binding.c	yvex_runtime_capabilities_identity
baseline	link	src/runtime/core.c	src/runtime/descriptor.c	yvex_runtime_descriptor_close
baseline	link	src/runtime/core.c	src/runtime/descriptor.c	yvex_runtime_descriptor_summary_get
baseline	link	src/runtime/core.c	src/runtime/descriptor.c	yvex_runtime_workspace_identity_compute
baseline	link	src/runtime/core.c	src/runtime/logits.c	yvex_runtime_logits_capabilities_invalidate
baseline	link	src/runtime/core.c	src/runtime/logits.c	yvex_runtime_logits_residency_admit
baseline	link	src/runtime/core.c	src/runtime/residency.c	yvex_runtime_residency_close
baseline	link	src/runtime/core.c	src/runtime/residency.c	yvex_runtime_residency_cuda_session_attach
baseline	link	src/runtime/core.c	src/runtime/residency.c	yvex_runtime_residency_invalidate
baseline	link	src/runtime/core.c	src/runtime/residency.c	yvex_runtime_residency_prepare
baseline	link	src/runtime/core.c	src/runtime/residency.c	yvex_runtime_residency_snapshot
baseline	link	src/runtime/core.c	src/runtime/residency.c	yvex_runtime_state_residency_close
baseline	link	src/runtime/core.c	src/runtime/residency.c	yvex_runtime_state_residency_invalidate
baseline	link	src/runtime/core.c	src/runtime/residency.c	yvex_runtime_state_residency_summary_copy
baseline	link	src/runtime/core.c	src/tokenizer/core.c	yvex_tokenizer_close
baseline	link	src/runtime/core.c	src/tokenizer/core.c	yvex_tokenizer_from_gguf
baseline	link	src/runtime/core.c	src/tokenizer/execution.c	yvex_tokenizer_bind_runtime
baseline	link	src/runtime/core.c	src/tokenizer/execution.c	yvex_tokenizer_plan_summary_get
baseline	link	src/runtime/decode.c	src/core/sha256.c	yvex_sha256_final
baseline	link	src/runtime/decode.c	src/core/sha256.c	yvex_sha256_hex
baseline	link	src/runtime/decode.c	src/core/sha256.c	yvex_sha256_hex_valid
baseline	link	src/runtime/decode.c	src/core/sha256.c	yvex_sha256_init
baseline	link	src/runtime/decode.c	src/core/sha256.c	yvex_sha256_update_text
baseline	link	src/runtime/decode.c	src/core/sha256.c	yvex_sha256_update_u64
baseline	link	src/runtime/decode.c	src/core/status.c	yvex_core_allocate
baseline	link	src/runtime/decode.c	src/core/status.c	yvex_core_text_copy
baseline	link	src/runtime/decode.c	src/core/status.c	yvex_core_u64_add
baseline	link	src/runtime/decode.c	src/core/status.c	yvex_core_u64_mul
baseline	link	src/runtime/decode.c	src/core/status.c	yvex_error_clear
baseline	link	src/runtime/decode.c	src/core/status.c	yvex_error_code
baseline	link	src/runtime/decode.c	src/core/status.c	yvex_error_is_set
baseline	link	src/runtime/decode.c	src/core/status.c	yvex_error_message
baseline	link	src/runtime/decode.c	src/core/status.c	yvex_error_set
baseline	link	src/runtime/decode.c	src/graph/execution.c	yvex_execution_device_view_validate
baseline	link	src/runtime/decode.c	src/graph/transformer.c	yvex_transformer_plan_summary_get
baseline	link	src/runtime/decode.c	src/runtime/core.c	yvex_runtime_cleanup_lease_acquire
baseline	link	src/runtime/decode.c	src/runtime/core.c	yvex_runtime_cleanup_lease_adopt
baseline	link	src/runtime/decode.c	src/runtime/core.c	yvex_runtime_cleanup_lease_close
baseline	link	src/runtime/decode.c	src/runtime/core.c	yvex_runtime_model_view_get
baseline	link	src/runtime/decode.c	src/runtime/core.c	yvex_runtime_session_view_get
baseline	link	src/runtime/decode.c	src/runtime/transformer.c	yvex_runtime_transformer_context_close
baseline	link	src/runtime/decode.c	src/runtime/transformer.c	yvex_runtime_transformer_context_open
baseline	link	src/runtime/decode.c	src/runtime/transformer.c	yvex_runtime_transformer_context_plan
baseline	link	src/runtime/decode.c	src/runtime/transformer.c	yvex_runtime_transformer_context_session
baseline	link	src/runtime/decode.c	src/runtime/transformer.c	yvex_runtime_transformer_context_validate_input
baseline	link	src/runtime/decode.c	src/runtime/transformer.c	yvex_runtime_transformer_execute
baseline	link	src/runtime/decode.c	src/runtime/transformer_input.c	yvex_transformer_input_close
baseline	link	src/runtime/decode.c	src/runtime/transformer_input.c	yvex_transformer_input_open_file
baseline	link	src/runtime/decode.c	src/runtime/transformer_input.c	yvex_transformer_input_open_memory
baseline	link	src/runtime/decode.c	src/runtime/transformer_input.c	yvex_transformer_input_seal
baseline	link	src/runtime/decode.c	src/runtime/transformer_input.c	yvex_transformer_input_summary_get
baseline	link	src/runtime/decode.c	src/runtime/transformer_input.c	yvex_transformer_input_token_ids
baseline	link	src/runtime/descriptor.c	src/artifact/materialize.c	yvex_materialization_session_summary
baseline	link	src/runtime/descriptor.c	src/artifact/materialize.c	yvex_materialization_session_tensor_at
baseline	link	src/runtime/descriptor.c	src/core/sha256.c	yvex_sha256_final
baseline	link	src/runtime/descriptor.c	src/core/sha256.c	yvex_sha256_hex
baseline	link	src/runtime/descriptor.c	src/core/sha256.c	yvex_sha256_hex_valid
baseline	link	src/runtime/descriptor.c	src/core/sha256.c	yvex_sha256_init
baseline	link	src/runtime/descriptor.c	src/core/sha256.c	yvex_sha256_update_text
baseline	link	src/runtime/descriptor.c	src/core/sha256.c	yvex_sha256_update_u64
baseline	link	src/runtime/descriptor.c	src/core/status.c	yvex_core_allocate
baseline	link	src/runtime/descriptor.c	src/core/status.c	yvex_core_text_copy
baseline	link	src/runtime/descriptor.c	src/core/status.c	yvex_error_clear
baseline	link	src/runtime/descriptor.c	src/core/status.c	yvex_error_code
baseline	link	src/runtime/descriptor.c	src/core/status.c	yvex_error_set
baseline	link	src/runtime/generation.c	src/core/sha256.c	yvex_sha256_final
baseline	link	src/runtime/generation.c	src/core/sha256.c	yvex_sha256_hex
baseline	link	src/runtime/generation.c	src/core/sha256.c	yvex_sha256_hex_valid
baseline	link	src/runtime/generation.c	src/core/sha256.c	yvex_sha256_init
baseline	link	src/runtime/generation.c	src/core/sha256.c	yvex_sha256_update_text
baseline	link	src/runtime/generation.c	src/core/sha256.c	yvex_sha256_update_u64
baseline	link	src/runtime/generation.c	src/core/status.c	yvex_core_allocate
baseline	link	src/runtime/generation.c	src/core/status.c	yvex_core_monotonic_ns
baseline	link	src/runtime/generation.c	src/core/status.c	yvex_core_text_copy
baseline	link	src/runtime/generation.c	src/core/status.c	yvex_core_u64_add
baseline	link	src/runtime/generation.c	src/core/status.c	yvex_core_u64_mul
baseline	link	src/runtime/generation.c	src/core/status.c	yvex_error_clear
baseline	link	src/runtime/generation.c	src/core/status.c	yvex_error_code
baseline	link	src/runtime/generation.c	src/core/status.c	yvex_error_set
baseline	link	src/runtime/generation.c	src/graph/execution.c	yvex_execution_shape_registry_summary_copy
baseline	link	src/runtime/generation.c	src/graph/transformer.c	yvex_transformer_plan_summary_get
baseline	link	src/runtime/generation.c	src/runtime/core.c	yvex_runtime_session_view_get
baseline	link	src/runtime/generation.c	src/runtime/decode.c	yvex_runtime_decode_step
baseline	link	src/runtime/generation.c	src/runtime/generation_result.c	yvex_runtime_generation_bytes_digest
baseline	link	src/runtime/generation.c	src/runtime/generation_result.c	yvex_runtime_generation_execution_identity
baseline	link	src/runtime/generation.c	src/runtime/generation_result.c	yvex_runtime_generation_prefix_identity
baseline	link	src/runtime/generation.c	src/runtime/generation_result.c	yvex_runtime_generation_profile_decode
baseline	link	src/runtime/generation.c	src/runtime/generation_result.c	yvex_runtime_generation_profile_mode
baseline	link	src/runtime/generation.c	src/runtime/generation_result.c	yvex_runtime_generation_profile_phase
baseline	link	src/runtime/generation.c	src/runtime/generation_result.c	yvex_runtime_generation_profile_transformer
baseline	link	src/runtime/generation.c	src/runtime/generation_result.c	yvex_runtime_generation_token_identity
baseline	link	src/runtime/generation.c	src/runtime/generation_result.c	yvex_runtime_generation_tokens_identity
baseline	link	src/runtime/generation.c	src/runtime/generation_result.c	yvex_runtime_generation_workload_identity
baseline	link	src/runtime/generation.c	src/runtime/logits.c	yvex_runtime_logits_project
baseline	link	src/runtime/generation.c	src/runtime/logits.c	yvex_runtime_logits_source_from_decode
baseline	link	src/runtime/generation.c	src/runtime/logits.c	yvex_runtime_logits_source_from_transformer
baseline	link	src/runtime/generation.c	src/runtime/sampling.c	yvex_runtime_sampling_context_snapshot
baseline	link	src/runtime/generation.c	src/runtime/sampling.c	yvex_runtime_sampling_distribution
baseline	link	src/runtime/generation.c	src/runtime/sampling.c	yvex_runtime_sampling_select
baseline	link	src/runtime/generation.c	src/runtime/sampling.c	yvex_runtime_sampling_source_from_logits
baseline	link	src/runtime/generation.c	src/runtime/speculation.c	yvex_runtime_speculation_commit_prefix
baseline	link	src/runtime/generation.c	src/runtime/speculation.c	yvex_runtime_speculation_cycle
baseline	link	src/runtime/generation.c	src/runtime/speculation.c	yvex_runtime_speculation_cycle_abort
baseline	link	src/runtime/generation.c	src/runtime/speculation.c	yvex_runtime_speculation_finish_terminal
baseline	link	src/runtime/generation.c	src/runtime/speculation.c	yvex_runtime_speculation_policy_get
baseline	link	src/runtime/generation.c	src/runtime/speculation.c	yvex_runtime_speculation_prefill
baseline	link	src/runtime/generation.c	src/runtime/speculation.c	yvex_runtime_speculation_target_step
baseline	link	src/runtime/generation.c	src/runtime/speculation.c	yvex_speculation_candidate_extent
baseline	link	src/runtime/generation.c	src/runtime/speculation.c	yvex_speculation_commit_plan_build
baseline	link	src/runtime/generation.c	src/runtime/transformer.c	yvex_runtime_transformer_context_plan
baseline	link	src/runtime/generation.c	src/runtime/transformer.c	yvex_runtime_transformer_execute
baseline	link	src/runtime/generation.c	src/runtime/transformer_input.c	yvex_transformer_input_close
baseline	link	src/runtime/generation.c	src/runtime/transformer_input.c	yvex_transformer_input_open_memory
baseline	link	src/runtime/generation.c	src/runtime/transformer_input.c	yvex_transformer_input_seal
baseline	link	src/runtime/generation.c	src/tokenizer/core.c	yvex_tokenizer_vocab_size
baseline	link	src/runtime/generation.c	src/tokenizer/decode.c	yvex_tokenizer_decoder_finish
baseline	link	src/runtime/generation.c	src/tokenizer/decode.c	yvex_tokenizer_decoder_push
baseline	link	src/runtime/generation.c	src/tokenizer/decode.c	yvex_tokenizer_decoder_reset
baseline	link	src/runtime/generation.c	src/tokenizer/decode.c	yvex_tokenizer_decoder_transaction_abort
baseline	link	src/runtime/generation.c	src/tokenizer/decode.c	yvex_tokenizer_decoder_transaction_begin
baseline	link	src/runtime/generation.c	src/tokenizer/decode.c	yvex_tokenizer_decoder_transaction_prepare
baseline	link	src/runtime/generation.c	src/tokenizer/decode.c	yvex_tokenizer_decoder_transaction_publish
baseline	link	src/runtime/generation.c	src/tokenizer/decode.c	yvex_tokenizer_decoder_transaction_push
baseline	link	src/runtime/generation.c	src/tokenizer/decode.c	yvex_tokenizer_fragment_clear
baseline	link	src/runtime/generation.c	src/tokenizer/decode.c	yvex_tokenizer_token_classify
baseline	link	src/runtime/generation.c	src/tokenizer/execution.c	yvex_rendered_prompt_free
baseline	link	src/runtime/generation.c	src/tokenizer/execution.c	yvex_token_sequence_append
baseline	link	src/runtime/generation.c	src/tokenizer/execution.c	yvex_token_sequence_reset
baseline	link	src/runtime/generation.c	src/tokenizer/execution.c	yvex_token_sequence_summary_get
baseline	link	src/runtime/generation.c	src/tokenizer/execution.c	yvex_token_sequence_transaction_abort
baseline	link	src/runtime/generation.c	src/tokenizer/execution.c	yvex_token_sequence_transaction_append
baseline	link	src/runtime/generation.c	src/tokenizer/execution.c	yvex_token_sequence_transaction_begin
baseline	link	src/runtime/generation.c	src/tokenizer/execution.c	yvex_token_sequence_transaction_prepare
baseline	link	src/runtime/generation.c	src/tokenizer/execution.c	yvex_token_sequence_transaction_publish
baseline	link	src/runtime/generation.c	src/tokenizer/execution.c	yvex_token_sequence_transaction_transition
baseline	link	src/runtime/generation.c	src/tokenizer/execution.c	yvex_token_sequence_transition
baseline	link	src/runtime/generation.c	src/tokenizer/execution.c	yvex_tokenizer_encode
baseline	link	src/runtime/generation.c	src/tokenizer/execution.c	yvex_tokenizer_encode_prompt
baseline	link	src/runtime/generation.c	src/tokenizer/execution.c	yvex_tokenizer_encode_result_clear
baseline	link	src/runtime/generation.c	src/tokenizer/provider.c	yvex_tokenizer_encode_provider_prompt
baseline	link	src/runtime/generation_context.c	src/backend/cuda/graph.c	yvex_backend_cuda_attention_graph_summary_get
baseline	link	src/runtime/generation_context.c	src/core/sha256.c	yvex_sha256_hex_valid
baseline	link	src/runtime/generation_context.c	src/core/status.c	yvex_core_allocate
baseline	link	src/runtime/generation_context.c	src/core/status.c	yvex_core_text_copy
baseline	link	src/runtime/generation_context.c	src/core/status.c	yvex_core_u64_add
baseline	link	src/runtime/generation_context.c	src/core/status.c	yvex_core_u64_mul
baseline	link	src/runtime/generation_context.c	src/core/status.c	yvex_error_clear
baseline	link	src/runtime/generation_context.c	src/core/status.c	yvex_error_code
baseline	link	src/runtime/generation_context.c	src/core/status.c	yvex_error_set
baseline	link	src/runtime/generation_context.c	src/graph/execution.c	yvex_compiled_execution_profile_seal
baseline	link	src/runtime/generation_context.c	src/graph/execution.c	yvex_execution_shape_registry_close
baseline	link	src/runtime/generation_context.c	src/graph/execution.c	yvex_execution_shape_registry_open
baseline	link	src/runtime/generation_context.c	src/graph/execution.c	yvex_physical_execution_ir_summary
baseline	link	src/runtime/generation_context.c	src/graph/transformer.c	yvex_transformer_plan_summary_get
baseline	link	src/runtime/generation_context.c	src/runtime/core.c	yvex_runtime_model_summary_copy
baseline	link	src/runtime/generation_context.c	src/runtime/core.c	yvex_runtime_model_view_get
baseline	link	src/runtime/generation_context.c	src/runtime/core.c	yvex_runtime_session_summary_copy
baseline	link	src/runtime/generation_context.c	src/runtime/core.c	yvex_runtime_session_view_get
baseline	link	src/runtime/generation_context.c	src/runtime/decode.c	yvex_runtime_decode_context_close
baseline	link	src/runtime/generation_context.c	src/runtime/decode.c	yvex_runtime_decode_context_open
baseline	link	src/runtime/generation_context.c	src/runtime/generation_result.c	yvex_runtime_generation_plan_identity
baseline	link	src/runtime/generation_context.c	src/runtime/generation_result.c	yvex_runtime_generation_stop_identity
baseline	link	src/runtime/generation_context.c	src/runtime/logits.c	yvex_runtime_logits_context_close
baseline	link	src/runtime/generation_context.c	src/runtime/logits.c	yvex_runtime_logits_context_open
baseline	link	src/runtime/generation_context.c	src/runtime/logits.c	yvex_runtime_logits_plan_summary_get
baseline	link	src/runtime/generation_context.c	src/runtime/sampling.c	yvex_runtime_sampling_context_close
baseline	link	src/runtime/generation_context.c	src/runtime/sampling.c	yvex_runtime_sampling_context_open
baseline	link	src/runtime/generation_context.c	src/runtime/sampling.c	yvex_runtime_sampling_policy_seal
baseline	link	src/runtime/generation_context.c	src/runtime/speculation.c	yvex_runtime_speculation_context_close
baseline	link	src/runtime/generation_context.c	src/runtime/speculation.c	yvex_runtime_speculation_context_open
baseline	link	src/runtime/generation_context.c	src/runtime/speculation.c	yvex_runtime_speculation_policy_get
baseline	link	src/runtime/generation_context.c	src/runtime/transformer.c	yvex_runtime_transformer_context_close
baseline	link	src/runtime/generation_context.c	src/runtime/transformer.c	yvex_runtime_transformer_context_open
baseline	link	src/runtime/generation_context.c	src/runtime/transformer.c	yvex_runtime_transformer_context_plan
baseline	link	src/runtime/generation_context.c	src/tokenizer/core.c	yvex_tokenizer_vocab_size
baseline	link	src/runtime/generation_context.c	src/tokenizer/decode.c	yvex_tokenizer_decoder_close
baseline	link	src/runtime/generation_context.c	src/tokenizer/decode.c	yvex_tokenizer_decoder_open
baseline	link	src/runtime/generation_context.c	src/tokenizer/execution.c	yvex_token_sequence_close
baseline	link	src/runtime/generation_context.c	src/tokenizer/execution.c	yvex_token_sequence_open
baseline	link	src/runtime/generation_context.c	src/tokenizer/execution.c	yvex_tokenizer_plan_summary_get
baseline	link	src/runtime/generation_result.c	src/core/sha256.c	yvex_sha256_final
baseline	link	src/runtime/generation_result.c	src/core/sha256.c	yvex_sha256_hex
baseline	link	src/runtime/generation_result.c	src/core/sha256.c	yvex_sha256_hex_valid
baseline	link	src/runtime/generation_result.c	src/core/sha256.c	yvex_sha256_init
baseline	link	src/runtime/generation_result.c	src/core/sha256.c	yvex_sha256_update
baseline	link	src/runtime/generation_result.c	src/core/sha256.c	yvex_sha256_update_text
baseline	link	src/runtime/generation_result.c	src/core/sha256.c	yvex_sha256_update_u64
baseline	link	src/runtime/generation_result.c	src/core/status.c	yvex_core_allocate
baseline	link	src/runtime/generation_result.c	src/core/status.c	yvex_core_text_copy
baseline	link	src/runtime/generation_result.c	src/core/status.c	yvex_core_u64_add
baseline	link	src/runtime/generation_result.c	src/core/status.c	yvex_error_clear
baseline	link	src/runtime/generation_result.c	src/core/status.c	yvex_error_code
baseline	link	src/runtime/generation_result.c	src/core/status.c	yvex_error_is_set
baseline	link	src/runtime/generation_result.c	src/core/status.c	yvex_error_message
baseline	link	src/runtime/generation_result.c	src/core/status.c	yvex_error_set
baseline	link	src/runtime/generation_result.c	src/runtime/core.c	yvex_runtime_cleanup_lease_acquire
baseline	link	src/runtime/generation_result.c	src/runtime/core.c	yvex_runtime_cleanup_lease_adopt
baseline	link	src/runtime/generation_result.c	src/runtime/core.c	yvex_runtime_cleanup_lease_close
baseline	link	src/runtime/generation_result.c	src/runtime/core.c	yvex_runtime_model_view_get
baseline	link	src/runtime/generation_result.c	src/runtime/generation.c	yvex_runtime_generation_context_summary_copy
baseline	link	src/runtime/generation_result.c	src/runtime/generation.c	yvex_runtime_generation_turn_execute
baseline	link	src/runtime/generation_result.c	src/runtime/generation_context.c	yvex_runtime_generation_context_close
baseline	link	src/runtime/generation_result.c	src/runtime/generation_context.c	yvex_runtime_generation_context_open
baseline	link	src/runtime/generation_result.c	src/runtime/generation_context.c	yvex_runtime_generation_plan_summary_get
baseline	link	src/runtime/graph.c	src/artifact/materialize.c	yvex_materialization_session_access_summary
baseline	link	src/runtime/graph.c	src/artifact/materialize.c	yvex_materialization_session_summary
baseline	link	src/runtime/graph.c	src/backend/core.c	yvex_backend_get_memory_stats
baseline	link	src/runtime/graph.c	src/backend/core.c	yvex_backend_host_workspace_summary_get
baseline	link	src/runtime/graph.c	src/backend/core.c	yvex_backend_kind_name
baseline	link	src/runtime/graph.c	src/backend/core.c	yvex_backend_kind_of
baseline	link	src/runtime/graph.c	src/backend/cuda/graph.c	yvex_backend_cuda_attention_configure
baseline	link	src/runtime/graph.c	src/backend/cuda/graph.c	yvex_backend_cuda_attention_graph_registry_apply
baseline	link	src/runtime/graph.c	src/backend/cuda/graph.c	yvex_backend_cuda_attention_graph_registry_count
baseline	link	src/runtime/graph.c	src/backend/cuda/graph.c	yvex_backend_cuda_attention_graph_registry_get
baseline	link	src/runtime/graph.c	src/backend/cuda/graph.c	yvex_backend_cuda_attention_graph_summary_get
baseline	link	src/runtime/graph.c	src/backend/cuda/graph.c	yvex_backend_cuda_graph_query
baseline	link	src/runtime/graph.c	src/core/sha256.c	yvex_sha256_final
baseline	link	src/runtime/graph.c	src/core/sha256.c	yvex_sha256_hex
baseline	link	src/runtime/graph.c	src/core/sha256.c	yvex_sha256_hex_valid
baseline	link	src/runtime/graph.c	src/core/sha256.c	yvex_sha256_init
baseline	link	src/runtime/graph.c	src/core/sha256.c	yvex_sha256_update
baseline	link	src/runtime/graph.c	src/core/sha256.c	yvex_sha256_update_text
baseline	link	src/runtime/graph.c	src/core/sha256.c	yvex_sha256_update_u64
baseline	link	src/runtime/graph.c	src/core/status.c	yvex_core_allocate
baseline	link	src/runtime/graph.c	src/core/status.c	yvex_core_allocation_epoch_snapshot
baseline	link	src/runtime/graph.c	src/core/status.c	yvex_core_execution_observation_delta
baseline	link	src/runtime/graph.c	src/core/status.c	yvex_core_execution_observation_snapshot
baseline	link	src/runtime/graph.c	src/core/status.c	yvex_core_monotonic_ns
baseline	link	src/runtime/graph.c	src/core/status.c	yvex_core_text_copy
baseline	link	src/runtime/graph.c	src/core/status.c	yvex_core_u64_add
baseline	link	src/runtime/graph.c	src/core/status.c	yvex_core_u64_mul
baseline	link	src/runtime/graph.c	src/core/status.c	yvex_error_clear
baseline	link	src/runtime/graph.c	src/core/status.c	yvex_error_code
baseline	link	src/runtime/graph.c	src/core/status.c	yvex_error_is_set
baseline	link	src/runtime/graph.c	src/core/status.c	yvex_error_message
baseline	link	src/runtime/graph.c	src/core/status.c	yvex_error_set
baseline	link	src/runtime/graph.c	src/core/status.c	yvex_error_setf
baseline	link	src/runtime/graph.c	src/core/status.c	yvex_error_where
baseline	link	src/runtime/graph.c	src/core/status.c	yvex_status_name
baseline	link	src/runtime/graph.c	src/graph/attention.c	yvex_attention_execute
baseline	link	src/runtime/graph.c	src/graph/attention.c	yvex_attention_probe_execute
baseline	link	src/runtime/graph.c	src/graph/attention.c	yvex_attention_probe_history_close
baseline	link	src/runtime/graph.c	src/graph/attention.c	yvex_attention_probe_history_open
baseline	link	src/runtime/graph.c	src/graph/core.c	yvex_attention_workspace_summary_get
baseline	link	src/runtime/graph.c	src/graph/memory_plan.c	yvex_graph_attention_capacity_plan_build
baseline	link	src/runtime/graph.c	src/graph/memory_plan.c	yvex_graph_attention_capacity_plan_close
baseline	link	src/runtime/graph.c	src/graph/memory_plan.c	yvex_graph_attention_capacity_plan_layer
baseline	link	src/runtime/graph.c	src/graph/memory_plan.c	yvex_graph_attention_capacity_plan_summary
baseline	link	src/runtime/graph.c	src/graph/plan.c	yvex_attention_plan_layer_at
baseline	link	src/runtime/graph.c	src/graph/plan.c	yvex_attention_plan_summary
baseline	link	src/runtime/graph.c	src/graph/state.c	yvex_attention_state_provider_open_persistent
baseline	link	src/runtime/graph.c	src/graph/state_recipe.c	yvex_attention_state_recipe_seal
baseline	link	src/runtime/graph.c	src/runtime/benchmark.c	yvex_runtime_benchmark_samples_finish
baseline	link	src/runtime/graph.c	src/runtime/core.c	yvex_runtime_cleanup_lease_acquire
baseline	link	src/runtime/graph.c	src/runtime/core.c	yvex_runtime_cleanup_lease_adopt
baseline	link	src/runtime/graph.c	src/runtime/core.c	yvex_runtime_cleanup_lease_close
baseline	link	src/runtime/graph.c	src/runtime/core.c	yvex_runtime_cleanup_lease_session_open
baseline	link	src/runtime/graph.c	src/runtime/core.c	yvex_runtime_family_adapter_find
baseline	link	src/runtime/graph.c	src/runtime/core.c	yvex_runtime_model_summary_copy
baseline	link	src/runtime/graph.c	src/runtime/core.c	yvex_runtime_model_validate
baseline	link	src/runtime/graph.c	src/runtime/core.c	yvex_runtime_model_view_get
baseline	link	src/runtime/graph.c	src/runtime/core.c	yvex_runtime_session_summary_copy
baseline	link	src/runtime/graph.c	src/runtime/core.c	yvex_runtime_session_view_get
baseline	link	src/runtime/graph.c	src/runtime/descriptor.c	yvex_runtime_descriptor_summary_get
baseline	link	src/runtime/graph.c	src/runtime/descriptor.c	yvex_runtime_execution_descriptor_identity_compute
baseline	link	src/runtime/graph.c	src/runtime/descriptor.c	yvex_runtime_workspace_identity_compute
baseline	link	src/runtime/graph.c	src/runtime/prefill.c	yvex_runtime_activation_prefill_operator_execute
baseline	link	src/runtime/graph.c	src/runtime/residency.c	yvex_runtime_residency_snapshot
baseline	link	src/runtime/graph.c	src/runtime/residency.c	yvex_runtime_state_residency_stage
baseline	link	src/runtime/graph.c	src/runtime/residency.c	yvex_runtime_state_residency_summary_copy
baseline	link	src/runtime/graph.c	src/runtime/session.c	yvex_runtime_session_begin
baseline	link	src/runtime/graph.c	src/runtime/session.c	yvex_runtime_session_finish
baseline	link	src/runtime/graph.c	src/runtime/session.c	yvex_runtime_session_finish_scope
baseline	link	src/runtime/graph.c	src/runtime/session.c	yvex_runtime_session_prepare_attention_workspace
baseline	link	src/runtime/graph.c	src/runtime/session.c	yvex_runtime_session_prepare_persistent_scope_state
baseline	link	src/runtime/graph.c	src/runtime/session.c	yvex_runtime_session_reset_persistent_state
baseline	link	src/runtime/logits.c	src/artifact/materialize.c	yvex_materialization_session_tensor_at
baseline	link	src/runtime/logits.c	src/backend/core.c	yvex_backend_kind_of
baseline	link	src/runtime/logits.c	src/backend/core.c	yvex_backend_tensor_alloc
baseline	link	src/runtime/logits.c	src/backend/core.c	yvex_backend_tensor_f32_subview
baseline	link	src/runtime/logits.c	src/backend/core.c	yvex_backend_tensor_read
baseline	link	src/runtime/logits.c	src/backend/core.c	yvex_backend_tensor_release
baseline	link	src/runtime/logits.c	src/backend/core.c	yvex_backend_tensor_write
baseline	link	src/runtime/logits.c	src/backend/cuda/qtype.c	yvex_backend_cuda_encoded_matvec
baseline	link	src/runtime/logits.c	src/core/sha256.c	yvex_sha256_final
baseline	link	src/runtime/logits.c	src/core/sha256.c	yvex_sha256_hex
baseline	link	src/runtime/logits.c	src/core/sha256.c	yvex_sha256_hex_valid
baseline	link	src/runtime/logits.c	src/core/sha256.c	yvex_sha256_init
baseline	link	src/runtime/logits.c	src/core/sha256.c	yvex_sha256_update_text
baseline	link	src/runtime/logits.c	src/core/sha256.c	yvex_sha256_update_u64
baseline	link	src/runtime/logits.c	src/core/status.c	yvex_core_allocate
baseline	link	src/runtime/logits.c	src/core/status.c	yvex_core_text_copy
baseline	link	src/runtime/logits.c	src/core/status.c	yvex_core_u64_add
baseline	link	src/runtime/logits.c	src/core/status.c	yvex_core_u64_mul
baseline	link	src/runtime/logits.c	src/core/status.c	yvex_error_clear
baseline	link	src/runtime/logits.c	src/core/status.c	yvex_error_code
baseline	link	src/runtime/logits.c	src/core/status.c	yvex_error_is_set
baseline	link	src/runtime/logits.c	src/core/status.c	yvex_error_message
baseline	link	src/runtime/logits.c	src/core/status.c	yvex_error_set
baseline	link	src/runtime/logits.c	src/gguf/qtype.c	yvex_gguf_qtype_geometry_find
baseline	link	src/runtime/logits.c	src/gguf/quant_compute.c	yvex_quant_cpu_dot
baseline	link	src/runtime/logits.c	src/gguf/quant_registry.c	yvex_quant_numeric_capability_at
baseline	link	src/runtime/logits.c	src/graph/execution.c	yvex_execution_device_view_validate
baseline	link	src/runtime/logits.c	src/graph/transformer.c	yvex_transformer_plan_summary_get
baseline	link	src/runtime/logits.c	src/runtime/core.c	yvex_runtime_cleanup_lease_acquire
baseline	link	src/runtime/logits.c	src/runtime/core.c	yvex_runtime_cleanup_lease_adopt
baseline	link	src/runtime/logits.c	src/runtime/core.c	yvex_runtime_cleanup_lease_close
baseline	link	src/runtime/logits.c	src/runtime/core.c	yvex_runtime_model_summary_copy
baseline	link	src/runtime/logits.c	src/runtime/core.c	yvex_runtime_model_view_get
baseline	link	src/runtime/logits.c	src/runtime/core.c	yvex_runtime_session_view_get
baseline	link	src/runtime/logits.c	src/runtime/decode.c	yvex_runtime_decode_context_close
baseline	link	src/runtime/logits.c	src/runtime/decode.c	yvex_runtime_decode_context_open
baseline	link	src/runtime/logits.c	src/runtime/decode.c	yvex_runtime_decode_execute
baseline	link	src/runtime/logits.c	src/runtime/descriptor.c	yvex_runtime_descriptor_find_role
baseline	link	src/runtime/logits.c	src/runtime/descriptor.c	yvex_runtime_descriptor_summary_get
baseline	link	src/runtime/logits.c	src/runtime/residency.c	yvex_runtime_residency_binding_view
baseline	link	src/runtime/logits.c	src/runtime/residency.c	yvex_runtime_residency_snapshot
baseline	link	src/runtime/logits.c	src/runtime/session.c	yvex_runtime_device_view_bind
baseline	link	src/runtime/logits.c	src/runtime/transformer.c	yvex_runtime_transformer_context_close
baseline	link	src/runtime/logits.c	src/runtime/transformer.c	yvex_runtime_transformer_context_open
baseline	link	src/runtime/logits.c	src/runtime/transformer.c	yvex_runtime_transformer_context_plan
baseline	link	src/runtime/logits.c	src/runtime/transformer.c	yvex_runtime_transformer_execute
baseline	link	src/runtime/logits.c	src/runtime/transformer_input.c	yvex_transformer_input_close
baseline	link	src/runtime/logits.c	src/runtime/transformer_input.c	yvex_transformer_input_open_file
baseline	link	src/runtime/logits.c	src/runtime/transformer_input.c	yvex_transformer_input_open_memory
baseline	link	src/runtime/logits.c	src/runtime/transformer_input.c	yvex_transformer_input_seal
baseline	link	src/runtime/logits.c	src/runtime/transformer_input.c	yvex_transformer_input_summary_get
baseline	link	src/runtime/logits.c	src/runtime/transformer_input.c	yvex_transformer_input_token_ids
baseline	link	src/runtime/moe.c	src/artifact/materialize.c	yvex_materialization_session_expert_subview
baseline	link	src/runtime/moe.c	src/artifact/materialize.c	yvex_materialization_session_read
baseline	link	src/runtime/moe.c	src/artifact/materialize.c	yvex_materialization_session_tensor_at
baseline	link	src/runtime/moe.c	src/backend/core.c	yvex_backend_kind_of
baseline	link	src/runtime/moe.c	src/backend/core.c	yvex_backend_resident_resolve
baseline	link	src/runtime/moe.c	src/backend/core.c	yvex_backend_tensor_alloc
baseline	link	src/runtime/moe.c	src/backend/core.c	yvex_backend_tensor_f32_subview
baseline	link	src/runtime/moe.c	src/backend/core.c	yvex_backend_tensor_release
baseline	link	src/runtime/moe.c	src/backend/core.c	yvex_backend_workspace_attach
baseline	link	src/runtime/moe.c	src/backend/core.c	yvex_backend_workspace_detach
baseline	link	src/runtime/moe.c	src/backend/cuda/moe.c	yvex_backend_moe_add_expert
baseline	link	src/runtime/moe.c	src/backend/cuda/moe.c	yvex_backend_moe_begin
baseline	link	src/runtime/moe.c	src/backend/cuda/moe.c	yvex_backend_moe_close
baseline	link	src/runtime/moe.c	src/backend/cuda/moe.c	yvex_backend_moe_finish
baseline	link	src/runtime/moe.c	src/core/sha256.c	yvex_sha256_final
baseline	link	src/runtime/moe.c	src/core/sha256.c	yvex_sha256_hex
baseline	link	src/runtime/moe.c	src/core/sha256.c	yvex_sha256_init
baseline	link	src/runtime/moe.c	src/core/sha256.c	yvex_sha256_update
baseline	link	src/runtime/moe.c	src/core/sha256.c	yvex_sha256_update_text
baseline	link	src/runtime/moe.c	src/core/sha256.c	yvex_sha256_update_u64
baseline	link	src/runtime/moe.c	src/core/status.c	yvex_core_allocate
baseline	link	src/runtime/moe.c	src/core/status.c	yvex_core_text_copy
baseline	link	src/runtime/moe.c	src/core/status.c	yvex_core_u64_add
baseline	link	src/runtime/moe.c	src/core/status.c	yvex_core_u64_mul
baseline	link	src/runtime/moe.c	src/core/status.c	yvex_error_clear
baseline	link	src/runtime/moe.c	src/core/status.c	yvex_error_code
baseline	link	src/runtime/moe.c	src/core/status.c	yvex_error_is_set
baseline	link	src/runtime/moe.c	src/core/status.c	yvex_error_message
baseline	link	src/runtime/moe.c	src/core/status.c	yvex_error_set
baseline	link	src/runtime/moe.c	src/gguf/quant_scalar.c	yvex_quant_bf16_decode
baseline	link	src/runtime/moe.c	src/gguf/quant_scalar.c	yvex_quant_bf16_encode
baseline	link	src/runtime/moe.c	src/graph/moe.c	yvex_moe_expert_cpu
baseline	link	src/runtime/moe.c	src/graph/moe.c	yvex_moe_ffn_prepare_cpu
baseline	link	src/runtime/moe.c	src/graph/moe.c	yvex_moe_plan_build
baseline	link	src/runtime/moe.c	src/graph/moe.c	yvex_moe_plan_close
baseline	link	src/runtime/moe.c	src/graph/moe.c	yvex_moe_plan_layer_at
baseline	link	src/runtime/moe.c	src/graph/moe.c	yvex_moe_plan_summary_get
baseline	link	src/runtime/moe.c	src/graph/moe.c	yvex_moe_route_cpu
baseline	link	src/runtime/moe.c	src/graph/moe.c	yvex_moe_router_result_identity
baseline	link	src/runtime/moe.c	src/runtime/core.c	yvex_runtime_cleanup_lease_acquire
baseline	link	src/runtime/moe.c	src/runtime/core.c	yvex_runtime_cleanup_lease_adopt
baseline	link	src/runtime/moe.c	src/runtime/core.c	yvex_runtime_cleanup_lease_close
baseline	link	src/runtime/moe.c	src/runtime/core.c	yvex_runtime_model_view_get
baseline	link	src/runtime/moe.c	src/runtime/core.c	yvex_runtime_session_summary_copy
baseline	link	src/runtime/moe.c	src/runtime/core.c	yvex_runtime_session_view_get
baseline	link	src/runtime/moe.c	src/runtime/moe_input.c	yvex_moe_input_close
baseline	link	src/runtime/moe.c	src/runtime/moe_input.c	yvex_moe_input_layer_view
baseline	link	src/runtime/moe.c	src/runtime/moe_input.c	yvex_moe_input_open_file
baseline	link	src/runtime/moe.c	src/runtime/moe_input.c	yvex_moe_input_summary_get
baseline	link	src/runtime/moe.c	src/runtime/moe_input.c	yvex_moe_input_token_ids
baseline	link	src/runtime/moe.c	src/runtime/moe_input.c	yvex_moe_input_validate
baseline	link	src/runtime/moe.c	src/runtime/residency.c	yvex_runtime_residency_binding_view
baseline	link	src/runtime/moe.c	src/runtime/session.c	yvex_runtime_session_begin
baseline	link	src/runtime/moe.c	src/runtime/session.c	yvex_runtime_session_finish
baseline	link	src/runtime/moe_input.c	src/core/fs.c	yvex_core_file_publish_noreplace
baseline	link	src/runtime/moe_input.c	src/core/sha256.c	yvex_sha256_final
baseline	link	src/runtime/moe_input.c	src/core/sha256.c	yvex_sha256_hex
baseline	link	src/runtime/moe_input.c	src/core/sha256.c	yvex_sha256_hex_valid
baseline	link	src/runtime/moe_input.c	src/core/sha256.c	yvex_sha256_init
baseline	link	src/runtime/moe_input.c	src/core/sha256.c	yvex_sha256_update
baseline	link	src/runtime/moe_input.c	src/core/sha256.c	yvex_sha256_update_text
baseline	link	src/runtime/moe_input.c	src/core/sha256.c	yvex_sha256_update_u64
baseline	link	src/runtime/moe_input.c	src/core/status.c	yvex_core_allocate
baseline	link	src/runtime/moe_input.c	src/core/status.c	yvex_core_u64_add
baseline	link	src/runtime/moe_input.c	src/core/status.c	yvex_core_u64_mul
baseline	link	src/runtime/moe_input.c	src/core/status.c	yvex_error_clear
baseline	link	src/runtime/moe_input.c	src/core/status.c	yvex_error_code
baseline	link	src/runtime/moe_input.c	src/core/status.c	yvex_error_is_set
baseline	link	src/runtime/moe_input.c	src/core/status.c	yvex_error_set
baseline	link	src/runtime/moe_input.c	src/graph/moe.c	yvex_moe_plan_layer_at
baseline	link	src/runtime/moe_input.c	src/graph/moe.c	yvex_moe_plan_summary_get
baseline	link	src/runtime/prefill.c	src/backend/core.c	yvex_backend_kind_of
baseline	link	src/runtime/prefill.c	src/core/fs.c	yvex_core_file_publish_noreplace
baseline	link	src/runtime/prefill.c	src/core/sha256.c	yvex_sha256_final
baseline	link	src/runtime/prefill.c	src/core/sha256.c	yvex_sha256_hex
baseline	link	src/runtime/prefill.c	src/core/sha256.c	yvex_sha256_hex_valid
baseline	link	src/runtime/prefill.c	src/core/sha256.c	yvex_sha256_init
baseline	link	src/runtime/prefill.c	src/core/sha256.c	yvex_sha256_update
baseline	link	src/runtime/prefill.c	src/core/sha256.c	yvex_sha256_update_text
baseline	link	src/runtime/prefill.c	src/core/sha256.c	yvex_sha256_update_u64
baseline	link	src/runtime/prefill.c	src/core/status.c	yvex_core_allocate
baseline	link	src/runtime/prefill.c	src/core/status.c	yvex_core_text_copy
baseline	link	src/runtime/prefill.c	src/core/status.c	yvex_core_u64_add
baseline	link	src/runtime/prefill.c	src/core/status.c	yvex_core_u64_mul
baseline	link	src/runtime/prefill.c	src/core/status.c	yvex_error_clear
baseline	link	src/runtime/prefill.c	src/core/status.c	yvex_error_code
baseline	link	src/runtime/prefill.c	src/core/status.c	yvex_error_is_set
baseline	link	src/runtime/prefill.c	src/core/status.c	yvex_error_message
baseline	link	src/runtime/prefill.c	src/core/status.c	yvex_error_set
baseline	link	src/runtime/prefill.c	src/core/status.c	yvex_error_where
baseline	link	src/runtime/prefill.c	src/core/status.c	yvex_status_name
baseline	link	src/runtime/prefill.c	src/graph/memory_plan.c	yvex_graph_attention_capacity_plan_build
baseline	link	src/runtime/prefill.c	src/graph/memory_plan.c	yvex_graph_attention_capacity_plan_close
baseline	link	src/runtime/prefill.c	src/graph/plan.c	yvex_attention_plan_layer_at
baseline	link	src/runtime/prefill.c	src/graph/plan.c	yvex_attention_plan_layer_count
baseline	link	src/runtime/prefill.c	src/graph/plan.c	yvex_attention_plan_summary
baseline	link	src/runtime/prefill.c	src/runtime/core.c	yvex_runtime_cleanup_lease_acquire
baseline	link	src/runtime/prefill.c	src/runtime/core.c	yvex_runtime_cleanup_lease_close
baseline	link	src/runtime/prefill.c	src/runtime/core.c	yvex_runtime_model_summary_copy
baseline	link	src/runtime/prefill.c	src/runtime/core.c	yvex_runtime_model_view_get
baseline	link	src/runtime/prefill.c	src/runtime/core.c	yvex_runtime_session_summary_copy
baseline	link	src/runtime/prefill.c	src/runtime/core.c	yvex_runtime_session_view_get
baseline	link	src/runtime/prefill.c	src/runtime/graph.c	yvex_runtime_attention_probe_execute
baseline	link	src/runtime/prefill.c	src/runtime/graph.c	yvex_runtime_session_prepare_attention_probe_state
baseline	link	src/runtime/prefill.c	src/runtime/residency.c	yvex_runtime_state_residency_summary_copy
baseline	link	src/runtime/prefill.c	src/runtime/session.c	yvex_runtime_session_prepare_attention_workspace
baseline	link	src/runtime/residency.c	src/artifact/identity.c	yvex_artifact_sha256_hex_bytes
baseline	link	src/runtime/residency.c	src/artifact/materialize.c	yvex_materialization_session_attach_read_provider
baseline	link	src/runtime/residency.c	src/artifact/materialize.c	yvex_materialization_session_detach_read_provider
baseline	link	src/runtime/residency.c	src/artifact/materialize.c	yvex_materialization_session_read
baseline	link	src/runtime/residency.c	src/backend/core.c	yvex_backend_close_admit
baseline	link	src/runtime/residency.c	src/backend/core.c	yvex_backend_close_checked
baseline	link	src/runtime/residency.c	src/backend/core.c	yvex_backend_get_device_info
baseline	link	src/runtime/residency.c	src/backend/core.c	yvex_backend_kind_of
baseline	link	src/runtime/residency.c	src/backend/core.c	yvex_backend_open
baseline	link	src/runtime/residency.c	src/backend/core.c	yvex_backend_resident_attach
baseline	link	src/runtime/residency.c	src/backend/core.c	yvex_backend_resident_detach
baseline	link	src/runtime/residency.c	src/backend/core.c	yvex_backend_resident_resolve
baseline	link	src/runtime/residency.c	src/backend/core.c	yvex_backend_tensor_alloc
baseline	link	src/runtime/residency.c	src/backend/core.c	yvex_backend_tensor_release
baseline	link	src/runtime/residency.c	src/backend/core.c	yvex_backend_tensor_write
baseline	link	src/runtime/residency.c	src/backend/cuda/backend.c	yvex_backend_open_shared_cuda
baseline	link	src/runtime/residency.c	src/backend/cuda/graph.c	yvex_backend_cuda_attention_graph_registry_apply
baseline	link	src/runtime/residency.c	src/core/sha256.c	yvex_sha256_final
baseline	link	src/runtime/residency.c	src/core/sha256.c	yvex_sha256_hex
baseline	link	src/runtime/residency.c	src/core/sha256.c	yvex_sha256_init
baseline	link	src/runtime/residency.c	src/core/sha256.c	yvex_sha256_update_text
baseline	link	src/runtime/residency.c	src/core/sha256.c	yvex_sha256_update_u64
baseline	link	src/runtime/residency.c	src/core/status.c	yvex_core_allocate
baseline	link	src/runtime/residency.c	src/core/status.c	yvex_core_u64_add
baseline	link	src/runtime/residency.c	src/core/status.c	yvex_core_u64_mul
baseline	link	src/runtime/residency.c	src/core/status.c	yvex_error_clear
baseline	link	src/runtime/residency.c	src/core/status.c	yvex_error_code
baseline	link	src/runtime/residency.c	src/core/status.c	yvex_error_is_set
baseline	link	src/runtime/residency.c	src/core/status.c	yvex_error_set
baseline	link	src/runtime/residency.c	src/graph/memory_plan.c	yvex_graph_attention_capacity_plan_layer
baseline	link	src/runtime/residency.c	src/graph/memory_plan.c	yvex_graph_attention_capacity_plan_summary
baseline	link	src/runtime/residency.c	src/graph/plan.c	yvex_attention_plan_binding_classify
baseline	link	src/runtime/residency.c	src/graph/plan.c	yvex_attention_plan_summary
baseline	link	src/runtime/residency.c	src/runtime/core.c	yvex_runtime_model_summary_copy
baseline	link	src/runtime/residency.c	src/runtime/core.c	yvex_runtime_model_view_get
baseline	link	src/runtime/residency.c	src/runtime/descriptor.c	yvex_runtime_descriptor_summary_get
baseline	link	src/runtime/residency.c	src/runtime/descriptor.c	yvex_runtime_descriptor_tensor_at
baseline	link	src/runtime/sampling.c	src/backend/core.c	yvex_backend_tensor_f32_subview
baseline	link	src/runtime/sampling.c	src/backend/cuda/qtype.c	yvex_backend_cuda_argmax_f32
baseline	link	src/runtime/sampling.c	src/core/sha256.c	yvex_sha256_final
baseline	link	src/runtime/sampling.c	src/core/sha256.c	yvex_sha256_hex
baseline	link	src/runtime/sampling.c	src/core/sha256.c	yvex_sha256_hex_valid
baseline	link	src/runtime/sampling.c	src/core/sha256.c	yvex_sha256_init
baseline	link	src/runtime/sampling.c	src/core/sha256.c	yvex_sha256_update_text
baseline	link	src/runtime/sampling.c	src/core/sha256.c	yvex_sha256_update_u64
baseline	link	src/runtime/sampling.c	src/core/status.c	yvex_core_allocate
baseline	link	src/runtime/sampling.c	src/core/status.c	yvex_core_text_copy
baseline	link	src/runtime/sampling.c	src/core/status.c	yvex_core_u64_add
baseline	link	src/runtime/sampling.c	src/core/status.c	yvex_core_u64_mul
baseline	link	src/runtime/sampling.c	src/core/status.c	yvex_error_clear
baseline	link	src/runtime/sampling.c	src/core/status.c	yvex_error_code
baseline	link	src/runtime/sampling.c	src/core/status.c	yvex_error_is_set
baseline	link	src/runtime/sampling.c	src/core/status.c	yvex_error_message
baseline	link	src/runtime/sampling.c	src/core/status.c	yvex_error_set
baseline	link	src/runtime/sampling.c	src/graph/execution.c	yvex_execution_device_view_validate
baseline	link	src/runtime/sampling.c	src/runtime/logits.c	yvex_runtime_logits_operator_execute
baseline	link	src/runtime/sampling.c	src/runtime/logits.c	yvex_runtime_logits_operator_result_release
baseline	link	src/runtime/sampling.c	src/runtime/logits.c	yvex_runtime_logits_result_validate
baseline	link	src/runtime/sampling.c	src/runtime/logits.c	yvex_runtime_logits_row_validate
baseline	link	src/runtime/session.c	src/backend/core.c	yvex_backend_host_workspace_prepare_owned
baseline	link	src/runtime/session.c	src/backend/core.c	yvex_backend_host_workspace_summary_get
baseline	link	src/runtime/session.c	src/backend/core.c	yvex_backend_state_residency_attach
baseline	link	src/runtime/session.c	src/backend/core.c	yvex_backend_state_residency_detach
baseline	link	src/runtime/session.c	src/backend/core.c	yvex_backend_tensor_alloc
baseline	link	src/runtime/session.c	src/backend/core.c	yvex_backend_workspace_attach
baseline	link	src/runtime/session.c	src/backend/core.c	yvex_backend_workspace_detach
baseline	link	src/runtime/session.c	src/backend/cuda/ops.c	yvex_backend_attention_workspace_required_from_recipe
baseline	link	src/runtime/session.c	src/core/status.c	yvex_core_text_copy
baseline	link	src/runtime/session.c	src/core/status.c	yvex_core_u64_add
baseline	link	src/runtime/session.c	src/core/status.c	yvex_error_clear
baseline	link	src/runtime/session.c	src/core/status.c	yvex_error_set
baseline	link	src/runtime/session.c	src/graph/core.c	yvex_attention_workspace_summary_get
baseline	link	src/runtime/session.c	src/graph/execution.c	yvex_execution_device_view_validate
baseline	link	src/runtime/session.c	src/graph/memory_plan.c	yvex_graph_attention_capacity_plan_layer
baseline	link	src/runtime/session.c	src/graph/memory_plan.c	yvex_graph_attention_capacity_plan_summary
baseline	link	src/runtime/session.c	src/graph/plan.c	yvex_attention_plan_layer_at
baseline	link	src/runtime/session.c	src/graph/plan.c	yvex_attention_plan_layer_count
baseline	link	src/runtime/session.c	src/graph/plan.c	yvex_attention_plan_summary
baseline	link	src/runtime/session.c	src/graph/state_recipe.c	yvex_attention_state_recipe_seal
baseline	link	src/runtime/session.c	src/runtime/core.c	yvex_runtime_model_summary_copy
baseline	link	src/runtime/session.c	src/runtime/core.c	yvex_runtime_model_validate
baseline	link	src/runtime/session.c	src/runtime/core.c	yvex_runtime_model_view_get
baseline	link	src/runtime/session.c	src/runtime/core.c	yvex_runtime_private_failure_record
baseline	link	src/runtime/session.c	src/runtime/core.c	yvex_runtime_private_refuse
baseline	link	src/runtime/session.c	src/runtime/core.c	yvex_runtime_private_reject
baseline	link	src/runtime/session.c	src/runtime/core.c	yvex_runtime_private_session_capabilities_bind
baseline	link	src/runtime/session.c	src/runtime/core.c	yvex_runtime_private_session_invalidate
baseline	link	src/runtime/session.c	src/runtime/core.c	yvex_runtime_private_session_workspace_discard
baseline	link	src/runtime/session.c	src/runtime/core.c	yvex_runtime_private_success
baseline	link	src/runtime/session.c	src/runtime/core.c	yvex_runtime_session_summary_copy
baseline	link	src/runtime/session.c	src/runtime/core.c	yvex_runtime_session_view_get
baseline	link	src/runtime/session.c	src/runtime/descriptor.c	yvex_runtime_workspace_identity_compute
baseline	link	src/runtime/session.c	src/runtime/residency.c	yvex_runtime_private_state_residency_resolve
baseline	link	src/runtime/session.c	src/runtime/residency.c	yvex_runtime_residency_snapshot
baseline	link	src/runtime/session.c	src/runtime/residency.c	yvex_runtime_state_residency_abort
baseline	link	src/runtime/session.c	src/runtime/residency.c	yvex_runtime_state_residency_close
baseline	link	src/runtime/session.c	src/runtime/residency.c	yvex_runtime_state_residency_commit
baseline	link	src/runtime/session.c	src/runtime/residency.c	yvex_runtime_state_residency_prepare
baseline	link	src/runtime/session.c	src/runtime/residency.c	yvex_runtime_state_residency_publish
baseline	link	src/runtime/session.c	src/runtime/residency.c	yvex_runtime_state_residency_reset
baseline	link	src/runtime/session.c	src/runtime/residency.c	yvex_runtime_state_residency_stage
baseline	link	src/runtime/session.c	src/runtime/residency.c	yvex_runtime_state_residency_summary_copy
baseline	link	src/runtime/speculation.c	src/core/sha256.c	yvex_sha256_final
baseline	link	src/runtime/speculation.c	src/core/sha256.c	yvex_sha256_hex
baseline	link	src/runtime/speculation.c	src/core/sha256.c	yvex_sha256_hex_valid
baseline	link	src/runtime/speculation.c	src/core/sha256.c	yvex_sha256_init
baseline	link	src/runtime/speculation.c	src/core/sha256.c	yvex_sha256_update_text
baseline	link	src/runtime/speculation.c	src/core/sha256.c	yvex_sha256_update_u64
baseline	link	src/runtime/speculation.c	src/core/status.c	yvex_core_allocate
baseline	link	src/runtime/speculation.c	src/core/status.c	yvex_core_monotonic_ns
baseline	link	src/runtime/speculation.c	src/core/status.c	yvex_core_u64_add
baseline	link	src/runtime/speculation.c	src/core/status.c	yvex_core_u64_mul
baseline	link	src/runtime/speculation.c	src/core/status.c	yvex_error_clear
baseline	link	src/runtime/speculation.c	src/core/status.c	yvex_error_code
baseline	link	src/runtime/speculation.c	src/core/status.c	yvex_error_set
baseline	link	src/runtime/speculation.c	src/gguf/qtype.c	yvex_gguf_qtype_geometry_find
baseline	link	src/runtime/speculation.c	src/gguf/quant_block.c	yvex_quant_decode_block
baseline	link	src/runtime/speculation.c	src/gguf/quant_compute.c	yvex_quant_cpu_dot
baseline	link	src/runtime/speculation.c	src/graph/transformer.c	yvex_transformer_feature_normalize
baseline	link	src/runtime/speculation.c	src/graph/transformer.c	yvex_transformer_plan_summary_get
baseline	link	src/runtime/speculation.c	src/runtime/core.c	yvex_runtime_model_view_get
baseline	link	src/runtime/speculation.c	src/runtime/core.c	yvex_runtime_session_view_get
baseline	link	src/runtime/speculation.c	src/runtime/descriptor.c	yvex_runtime_descriptor_summary_get
baseline	link	src/runtime/speculation.c	src/runtime/descriptor.c	yvex_runtime_descriptor_tensor_at
baseline	link	src/runtime/speculation.c	src/runtime/logits.c	yvex_runtime_logits_additive_adjust
baseline	link	src/runtime/speculation.c	src/runtime/logits.c	yvex_runtime_logits_admit_shared_draft_plan
baseline	link	src/runtime/speculation.c	src/runtime/logits.c	yvex_runtime_logits_execute_rows
baseline	link	src/runtime/speculation.c	src/runtime/logits.c	yvex_runtime_logits_plan_summary_get
baseline	link	src/runtime/speculation.c	src/runtime/logits.c	yvex_runtime_logits_source_from_draft
baseline	link	src/runtime/speculation.c	src/runtime/logits.c	yvex_runtime_logits_source_from_transformer
baseline	link	src/runtime/speculation.c	src/runtime/residency.c	yvex_runtime_residency_binding_view
baseline	link	src/runtime/speculation.c	src/runtime/sampling.c	yvex_runtime_sampling_context_close
baseline	link	src/runtime/speculation.c	src/runtime/sampling.c	yvex_runtime_sampling_context_open
baseline	link	src/runtime/speculation.c	src/runtime/sampling.c	yvex_runtime_sampling_distribution
baseline	link	src/runtime/speculation.c	src/runtime/sampling.c	yvex_runtime_sampling_policy_seal
baseline	link	src/runtime/speculation.c	src/runtime/sampling.c	yvex_runtime_sampling_source_from_logits
baseline	link	src/runtime/speculation.c	src/runtime/sampling.c	yvex_runtime_sampling_transaction_abort
baseline	link	src/runtime/speculation.c	src/runtime/sampling.c	yvex_runtime_sampling_transaction_begin
baseline	link	src/runtime/speculation.c	src/runtime/sampling.c	yvex_runtime_sampling_transaction_prepare_commit
baseline	link	src/runtime/speculation.c	src/runtime/sampling.c	yvex_runtime_sampling_transaction_publish_commit
baseline	link	src/runtime/speculation.c	src/runtime/sampling.c	yvex_runtime_sampling_transaction_uniforms
baseline	link	src/runtime/speculation.c	src/runtime/session.c	yvex_runtime_session_begin
baseline	link	src/runtime/speculation.c	src/runtime/session.c	yvex_runtime_session_finish_coordinated
baseline	link	src/runtime/speculation.c	src/runtime/session.c	yvex_runtime_session_finish_scope
baseline	link	src/runtime/speculation.c	src/runtime/session.c	yvex_runtime_session_select_attention_prefix
baseline	link	src/runtime/speculation.c	src/runtime/transformer.c	yvex_runtime_transformer_context_close
baseline	link	src/runtime/speculation.c	src/runtime/transformer.c	yvex_runtime_transformer_context_open
baseline	link	src/runtime/speculation.c	src/runtime/transformer.c	yvex_runtime_transformer_context_plan
baseline	link	src/runtime/speculation.c	src/runtime/transformer.c	yvex_runtime_transformer_context_session
baseline	link	src/runtime/speculation.c	src/runtime/transformer.c	yvex_runtime_transformer_execute
baseline	link	src/runtime/speculation.c	src/runtime/transformer.c	yvex_runtime_transformer_stage_core_features
baseline	link	src/runtime/speculation.c	src/runtime/transformer_input.c	yvex_transformer_input_close
baseline	link	src/runtime/speculation.c	src/runtime/transformer_input.c	yvex_transformer_input_open_memory
baseline	link	src/runtime/speculation.c	src/runtime/transformer_input.c	yvex_transformer_input_seal
baseline	link	src/runtime/transformer.c	src/artifact/materialize.c	yvex_materialization_session_read
baseline	link	src/runtime/transformer.c	src/artifact/materialize.c	yvex_materialization_session_summary
baseline	link	src/runtime/transformer.c	src/artifact/materialize.c	yvex_materialization_session_tensor_at
baseline	link	src/runtime/transformer.c	src/backend/core.c	yvex_backend_kind_of
baseline	link	src/runtime/transformer.c	src/backend/core.c	yvex_backend_tensor_alloc
baseline	link	src/runtime/transformer.c	src/backend/core.c	yvex_backend_tensor_f32_subview
baseline	link	src/runtime/transformer.c	src/backend/core.c	yvex_backend_tensor_read
baseline	link	src/runtime/transformer.c	src/backend/core.c	yvex_backend_tensor_release
baseline	link	src/runtime/transformer.c	src/backend/core.c	yvex_backend_tensor_write
baseline	link	src/runtime/transformer.c	src/backend/cuda/ops.c	yvex_backend_transformer_cuda_final
baseline	link	src/runtime/transformer.c	src/backend/cuda/ops.c	yvex_backend_transformer_cuda_initial
baseline	link	src/runtime/transformer.c	src/core/sha256.c	yvex_sha256_final
baseline	link	src/runtime/transformer.c	src/core/sha256.c	yvex_sha256_hex
baseline	link	src/runtime/transformer.c	src/core/sha256.c	yvex_sha256_hex_valid
baseline	link	src/runtime/transformer.c	src/core/sha256.c	yvex_sha256_init
baseline	link	src/runtime/transformer.c	src/core/sha256.c	yvex_sha256_update_text
baseline	link	src/runtime/transformer.c	src/core/sha256.c	yvex_sha256_update_u64
baseline	link	src/runtime/transformer.c	src/core/status.c	yvex_core_allocate
baseline	link	src/runtime/transformer.c	src/core/status.c	yvex_core_monotonic_ns
baseline	link	src/runtime/transformer.c	src/core/status.c	yvex_core_text_copy
baseline	link	src/runtime/transformer.c	src/core/status.c	yvex_core_u64_add
baseline	link	src/runtime/transformer.c	src/core/status.c	yvex_core_u64_mul
baseline	link	src/runtime/transformer.c	src/core/status.c	yvex_error_clear
baseline	link	src/runtime/transformer.c	src/core/status.c	yvex_error_code
baseline	link	src/runtime/transformer.c	src/core/status.c	yvex_error_is_set
baseline	link	src/runtime/transformer.c	src/core/status.c	yvex_error_message
baseline	link	src/runtime/transformer.c	src/core/status.c	yvex_error_set
baseline	link	src/runtime/transformer.c	src/core/status.c	yvex_error_setf
baseline	link	src/runtime/transformer.c	src/gguf/qtype.c	yvex_gguf_qtype_geometry_find
baseline	link	src/runtime/transformer.c	src/gguf/quant_block.c	yvex_quant_decode_block
baseline	link	src/runtime/transformer.c	src/gguf/quant_registry.c	yvex_quant_numeric_capability_at
baseline	link	src/runtime/transformer.c	src/graph/execution.c	yvex_execution_shape_registry_register
baseline	link	src/runtime/transformer.c	src/graph/execution.c	yvex_execution_shape_registry_select
baseline	link	src/runtime/transformer.c	src/graph/execution.c	yvex_execution_shape_seal
baseline	link	src/runtime/transformer.c	src/graph/memory_plan.c	yvex_graph_attention_capacity_plan_build
baseline	link	src/runtime/transformer.c	src/graph/memory_plan.c	yvex_graph_attention_capacity_plan_close
baseline	link	src/runtime/transformer.c	src/graph/moe.c	yvex_moe_plan_layer_at
baseline	link	src/runtime/transformer.c	src/graph/plan.c	yvex_attention_plan_layer_at
baseline	link	src/runtime/transformer.c	src/graph/plan.c	yvex_attention_plan_summary
baseline	link	src/runtime/transformer.c	src/graph/transformer.c	yvex_transformer_deferred_post
baseline	link	src/runtime/transformer.c	src/graph/transformer.c	yvex_transformer_final_stage_capture
baseline	link	src/runtime/transformer.c	src/graph/transformer.c	yvex_transformer_initial_residual
baseline	link	src/runtime/transformer.c	src/graph/transformer.c	yvex_transformer_plan_build
baseline	link	src/runtime/transformer.c	src/graph/transformer.c	yvex_transformer_plan_close
baseline	link	src/runtime/transformer.c	src/graph/transformer.c	yvex_transformer_plan_summary_get
baseline	link	src/runtime/transformer.c	src/runtime/core.c	yvex_runtime_cleanup_lease_acquire
baseline	link	src/runtime/transformer.c	src/runtime/core.c	yvex_runtime_cleanup_lease_adopt
baseline	link	src/runtime/transformer.c	src/runtime/core.c	yvex_runtime_cleanup_lease_close
baseline	link	src/runtime/transformer.c	src/runtime/core.c	yvex_runtime_model_view_get
baseline	link	src/runtime/transformer.c	src/runtime/core.c	yvex_runtime_session_summary_copy
baseline	link	src/runtime/transformer.c	src/runtime/core.c	yvex_runtime_session_view_get
baseline	link	src/runtime/transformer.c	src/runtime/descriptor.c	yvex_runtime_descriptor_find_role
baseline	link	src/runtime/transformer.c	src/runtime/descriptor.c	yvex_runtime_descriptor_summary_get
baseline	link	src/runtime/transformer.c	src/runtime/graph.c	yvex_runtime_attention_probe_execute
baseline	link	src/runtime/transformer.c	src/runtime/graph.c	yvex_runtime_session_prepare_attention_scope_state
baseline	link	src/runtime/transformer.c	src/runtime/moe.c	yvex_runtime_moe_context_close
baseline	link	src/runtime/transformer.c	src/runtime/moe.c	yvex_runtime_moe_context_open
baseline	link	src/runtime/transformer.c	src/runtime/moe.c	yvex_runtime_moe_context_plan
baseline	link	src/runtime/transformer.c	src/runtime/moe.c	yvex_runtime_moe_execute_layer_rows
baseline	link	src/runtime/transformer.c	src/runtime/session.c	yvex_runtime_device_view_bind
baseline	link	src/runtime/transformer.c	src/runtime/session.c	yvex_runtime_session_prepare_attention_workspace
baseline	link	src/runtime/transformer.c	src/runtime/transformer_input.c	yvex_transformer_input_close
baseline	link	src/runtime/transformer.c	src/runtime/transformer_input.c	yvex_transformer_input_open_file
baseline	link	src/runtime/transformer.c	src/runtime/transformer_input.c	yvex_transformer_input_summary_get
baseline	link	src/runtime/transformer.c	src/runtime/transformer_input.c	yvex_transformer_input_token_ids
baseline	link	src/runtime/transformer.c	src/runtime/transformer_input.c	yvex_transformer_input_validate
baseline	link	src/runtime/transformer_input.c	src/core/sha256.c	yvex_sha256_final
baseline	link	src/runtime/transformer_input.c	src/core/sha256.c	yvex_sha256_hex
baseline	link	src/runtime/transformer_input.c	src/core/sha256.c	yvex_sha256_hex_valid
baseline	link	src/runtime/transformer_input.c	src/core/sha256.c	yvex_sha256_init
baseline	link	src/runtime/transformer_input.c	src/core/sha256.c	yvex_sha256_update
baseline	link	src/runtime/transformer_input.c	src/core/sha256.c	yvex_sha256_update_text
baseline	link	src/runtime/transformer_input.c	src/core/sha256.c	yvex_sha256_update_u64
baseline	link	src/runtime/transformer_input.c	src/core/status.c	yvex_core_allocate
baseline	link	src/runtime/transformer_input.c	src/core/status.c	yvex_core_u64_mul
baseline	link	src/runtime/transformer_input.c	src/core/status.c	yvex_error_clear
baseline	link	src/runtime/transformer_input.c	src/core/status.c	yvex_error_set
baseline	link	src/runtime/transformer_input.c	src/graph/transformer.c	yvex_transformer_plan_summary_get
baseline	link	src/server/core.c	src/core/status.c	yvex_core_allocate
baseline	link	src/server/core.c	src/core/status.c	yvex_core_text_copy
baseline	link	src/server/core.c	src/core/status.c	yvex_error_clear
baseline	link	src/server/core.c	src/core/status.c	yvex_error_code
baseline	link	src/server/core.c	src/core/status.c	yvex_error_message
baseline	link	src/server/core.c	src/core/status.c	yvex_error_set
baseline	link	src/server/core.c	src/provider/core.c	yvex_provider_request_close
baseline	link	src/server/core.c	src/runtime/core.c	yvex_runtime_model_close
baseline	link	src/server/core.c	src/runtime/core.c	yvex_runtime_model_open
baseline	link	src/server/core.c	src/runtime/core.c	yvex_runtime_model_summary_copy
baseline	link	src/server/core.c	src/runtime/core.c	yvex_runtime_model_view_get
baseline	link	src/server/core.c	src/runtime/core.c	yvex_runtime_session_close
baseline	link	src/server/core.c	src/runtime/core.c	yvex_runtime_session_open
baseline	link	src/server/core.c	src/runtime/core.c	yvex_runtime_session_summary_copy
baseline	link	src/server/core.c	src/runtime/residency.c	yvex_runtime_residency_snapshot
baseline	link	src/server/core.c	src/server/openai/core.c	yvex_server_openai_activate
baseline	link	src/server/core.c	src/server/openai/core.c	yvex_server_openai_close
baseline	link	src/server/core.c	src/server/openai/core.c	yvex_server_openai_finish
baseline	link	src/server/core.c	src/server/openai/core.c	yvex_server_openai_prepare
baseline	link	src/server/core.c	src/server/openai/core.c	yvex_server_openai_request_stop
baseline	link	src/server/core.c	src/server/openai/core.c	yvex_server_openai_snapshot
baseline	link	src/server/core.c	src/server/openai/core.c	yvex_server_openai_start
baseline	link	src/server/core.c	src/server/protocol.c	yvex_server_protocol_receive
baseline	link	src/server/core.c	src/server/protocol.c	yvex_server_protocol_send
baseline	link	src/server/core.c	src/server/protocol.c	yvex_server_socket_path
baseline	link	src/server/core.c	src/server/session.c	yvex_server_sessions_cancel
baseline	link	src/server/core.c	src/server/session.c	yvex_server_sessions_cancel_all
baseline	link	src/server/core.c	src/server/session.c	yvex_server_sessions_close
baseline	link	src/server/core.c	src/server/session.c	yvex_server_sessions_console_status
baseline	link	src/server/core.c	src/server/session.c	yvex_server_sessions_count
baseline	link	src/server/core.c	src/server/session.c	yvex_server_sessions_execute
baseline	link	src/server/core.c	src/server/session.c	yvex_server_sessions_open
baseline	link	src/server/core.c	src/server/telemetry.c	yvex_server_telemetry_close
baseline	link	src/server/core.c	src/server/telemetry.c	yvex_server_telemetry_emit
baseline	link	src/server/core.c	src/server/telemetry.c	yvex_server_telemetry_emit_provider
baseline	link	src/server/core.c	src/server/telemetry.c	yvex_server_telemetry_identities
baseline	link	src/server/core.c	src/server/telemetry.c	yvex_server_telemetry_metrics_copy
baseline	link	src/server/core.c	src/server/telemetry.c	yvex_server_telemetry_model_closed
baseline	link	src/server/core.c	src/server/telemetry.c	yvex_server_telemetry_model_opened
baseline	link	src/server/core.c	src/server/telemetry.c	yvex_server_telemetry_next
baseline	link	src/server/core.c	src/server/telemetry.c	yvex_server_telemetry_open
baseline	link	src/server/core.c	src/server/telemetry.c	yvex_server_telemetry_queue
baseline	link	src/server/core.c	src/server/telemetry.c	yvex_server_telemetry_request
baseline	link	src/server/core.c	src/tokenizer/execution.c	yvex_tokenizer_plan_summary_get
baseline	link	src/server/protocol.c	src/core/sha256.c	yvex_sha256_hex_valid
baseline	link	src/server/protocol.c	src/core/status.c	yvex_core_allocate
baseline	link	src/server/protocol.c	src/core/status.c	yvex_error_clear
baseline	link	src/server/protocol.c	src/core/status.c	yvex_error_code
baseline	link	src/server/protocol.c	src/core/status.c	yvex_error_set
baseline	link	src/server/protocol.c	src/provider/core.c	yvex_provider_request_close
baseline	link	src/server/protocol.c	src/provider/core.c	yvex_provider_request_wire_decode
baseline	link	src/server/protocol.c	src/provider/core.c	yvex_provider_request_wire_encode
baseline	link	src/server/protocol.c	src/provider/core.c	yvex_provider_sampling_default
baseline	link	src/server/protocol.c	src/server/telemetry.c	yvex_server_event_validate
baseline	link	src/server/session.c	src/core/sha256.c	yvex_sha256_final
baseline	link	src/server/session.c	src/core/sha256.c	yvex_sha256_hex
baseline	link	src/server/session.c	src/core/sha256.c	yvex_sha256_hex_valid
baseline	link	src/server/session.c	src/core/sha256.c	yvex_sha256_init
baseline	link	src/server/session.c	src/core/sha256.c	yvex_sha256_update_text
baseline	link	src/server/session.c	src/core/status.c	yvex_core_allocate
baseline	link	src/server/session.c	src/core/status.c	yvex_core_text_copy
baseline	link	src/server/session.c	src/core/status.c	yvex_core_u64_add
baseline	link	src/server/session.c	src/core/status.c	yvex_error_clear
baseline	link	src/server/session.c	src/core/status.c	yvex_error_message
baseline	link	src/server/session.c	src/core/status.c	yvex_error_set
baseline	link	src/server/session.c	src/provider/core.c	yvex_provider_json_value_validate
baseline	link	src/server/session.c	src/provider/core.c	yvex_provider_request_validate
baseline	link	src/server/session.c	src/runtime/core.c	yvex_runtime_model_summary_copy
baseline	link	src/server/session.c	src/runtime/core.c	yvex_runtime_model_view_get
baseline	link	src/server/session.c	src/runtime/core.c	yvex_runtime_session_close
baseline	link	src/server/session.c	src/runtime/core.c	yvex_runtime_session_open
baseline	link	src/server/session.c	src/runtime/core.c	yvex_runtime_session_summary_copy
baseline	link	src/server/session.c	src/runtime/generation.c	yvex_runtime_generation_turn_execute
baseline	link	src/server/session.c	src/runtime/generation_context.c	yvex_runtime_generation_context_close
baseline	link	src/server/session.c	src/runtime/generation_context.c	yvex_runtime_generation_context_open
baseline	link	src/server/session.c	src/runtime/sampling.c	yvex_runtime_sampling_policy_seal
baseline	link	src/server/session.c	src/server/telemetry.c	yvex_server_telemetry_emit
baseline	link	src/server/session.c	src/server/telemetry.c	yvex_server_telemetry_emit_provider
baseline	link	src/server/session.c	src/server/telemetry.c	yvex_server_telemetry_resources
baseline	link	src/server/session.c	src/server/telemetry.c	yvex_server_telemetry_session
baseline	link	src/server/session.c	src/tokenizer/core.c	yvex_tokenizer_vocab_size
baseline	link	src/server/session.c	src/tokenizer/execution.c	yvex_tokenizer_plan_summary_get
baseline	link	src/server/session.c	src/tokenizer/provider.c	yvex_tokenizer_parse_provider_completion
baseline	link	src/server/session.c	src/tokenizer/provider.c	yvex_tokenizer_provider_result_clear
baseline	link	src/server/session.c	src/tokenizer/provider.c	yvex_tokenizer_reasoning_stream_close
baseline	link	src/server/session.c	src/tokenizer/provider.c	yvex_tokenizer_reasoning_stream_finish
baseline	link	src/server/session.c	src/tokenizer/provider.c	yvex_tokenizer_reasoning_stream_open
baseline	link	src/server/session.c	src/tokenizer/provider.c	yvex_tokenizer_reasoning_stream_push
baseline	link	src/server/telemetry.c	src/core/sha256.c	yvex_sha256_final
baseline	link	src/server/telemetry.c	src/core/sha256.c	yvex_sha256_hex
baseline	link	src/server/telemetry.c	src/core/sha256.c	yvex_sha256_hex_valid
baseline	link	src/server/telemetry.c	src/core/sha256.c	yvex_sha256_init
baseline	link	src/server/telemetry.c	src/core/sha256.c	yvex_sha256_update_text
baseline	link	src/server/telemetry.c	src/core/sha256.c	yvex_sha256_update_u64
baseline	link	src/server/telemetry.c	src/core/status.c	yvex_core_allocate
baseline	link	src/server/telemetry.c	src/core/status.c	yvex_core_text_copy
baseline	link	src/server/telemetry.c	src/core/status.c	yvex_error_clear
baseline	link	src/server/telemetry.c	src/core/status.c	yvex_error_set
baseline	link	src/server/telemetry.c	src/provider/core.c	yvex_provider_request_validate
baseline	link	src/source/inventory.c	src/core/json.c	yvex_json_array_value
baseline	link	src/source/inventory.c	src/core/json.c	yvex_json_complete
baseline	link	src/source/inventory.c	src/core/json.c	yvex_json_init
baseline	link	src/source/inventory.c	src/core/json.c	yvex_json_iter_begin
baseline	link	src/source/inventory.c	src/core/json.c	yvex_json_object_member
baseline	link	src/source/inventory.c	src/core/json.c	yvex_json_skip_value
baseline	link	src/source/inventory.c	src/core/json.c	yvex_json_string
baseline	link	src/source/inventory.c	src/core/json.c	yvex_json_u64
baseline	link	src/source/inventory.c	src/core/json.c	yvex_read_bounded_file
baseline	link	src/source/inventory.c	src/core/status.c	yvex_core_allocate
baseline	link	src/source/inventory.c	src/core/status.c	yvex_core_strdup
baseline	link	src/source/inventory.c	src/core/status.c	yvex_core_u64_add
baseline	link	src/source/inventory.c	src/core/status.c	yvex_error_clear
baseline	link	src/source/inventory.c	src/core/status.c	yvex_error_code
baseline	link	src/source/inventory.c	src/core/status.c	yvex_error_message
baseline	link	src/source/inventory.c	src/core/status.c	yvex_error_set
baseline	link	src/source/inventory.c	src/core/status.c	yvex_error_where
baseline	link	src/source/inventory.c	src/source/native_weights.c	yvex_native_dtype_name
baseline	link	src/source/inventory.c	src/source/native_weights.c	yvex_native_weight_table_at
baseline	link	src/source/inventory.c	src/source/native_weights.c	yvex_native_weight_table_close
baseline	link	src/source/inventory.c	src/source/native_weights.c	yvex_native_weight_table_finalize
baseline	link	src/source/inventory.c	src/source/native_weights.c	yvex_native_weight_table_find
baseline	link	src/source/inventory.c	src/source/provenance.c	yvex_source_provenance_verify_file
baseline	link	src/source/inventory.c	src/source/safetensors_header.c	yvex_safetensors_read_header_file_with_facts
baseline	link	src/source/inventory.c	src/source/scan.c	yvex_source_manifest_file_list_free
baseline	link	src/source/inventory.c	src/source/scan.c	yvex_source_manifest_file_list_init
baseline	link	src/source/inventory.c	src/source/scan.c	yvex_source_manifest_scan_files
baseline	link	src/source/inventory.c	src/source/verify.c	yvex_source_path_join
baseline	link	src/source/inventory.c	src/source/verify.c	yvex_source_regular_file
baseline	link	src/source/inventory.c	src/source/verify.c	yvex_source_verification_add_blocker
baseline	link	src/source/inventory.c	src/source/verify.c	yvex_source_verification_has_blocker
baseline	link	src/source/manifest.c	src/core/status.c	yvex_error_set
baseline	link	src/source/manifest.c	src/source/scan.c	yvex_source_manifest_file_list_free
baseline	link	src/source/manifest.c	src/source/scan.c	yvex_source_manifest_file_list_init
baseline	link	src/source/manifest.c	src/source/scan.c	yvex_source_manifest_scan_files
baseline	link	src/source/native_weights.c	src/core/status.c	yvex_core_allocate
baseline	link	src/source/native_weights.c	src/core/status.c	yvex_core_strdup
baseline	link	src/source/native_weights.c	src/core/status.c	yvex_error_code
baseline	link	src/source/native_weights.c	src/core/status.c	yvex_error_set
baseline	link	src/source/native_weights.c	src/core/status.c	yvex_error_setf
baseline	link	src/source/native_weights.c	src/source/safetensors_header.c	yvex_safetensors_read_header_file
baseline	link	src/source/native_weights.c	src/source/verify.c	yvex_source_ends_with
baseline	link	src/source/native_weights.c	src/source/verify.c	yvex_source_path_alloc
baseline	link	src/source/payload.c	src/core/sha256.c	yvex_sha256_hex_valid
baseline	link	src/source/payload.c	src/core/shard_index.c	yvex_shard_index_at
baseline	link	src/source/payload.c	src/core/shard_index.c	yvex_shard_index_init
baseline	link	src/source/payload.c	src/core/shard_index.c	yvex_shard_index_reset
baseline	link	src/source/payload.c	src/core/status.c	yvex_core_execution_observation_record
baseline	link	src/source/payload.c	src/core/status.c	yvex_core_text_copy
baseline	link	src/source/payload.c	src/core/status.c	yvex_core_u64_add
baseline	link	src/source/payload.c	src/core/status.c	yvex_core_u64_mul
baseline	link	src/source/payload.c	src/core/status.c	yvex_error_clear
baseline	link	src/source/payload.c	src/core/status.c	yvex_error_set
baseline	link	src/source/payload.c	src/source/inventory.c	yvex_source_tensor_snapshot_at
baseline	link	src/source/payload.c	src/source/inventory.c	yvex_source_tensor_snapshot_facts_get
baseline	link	src/source/payload.c	src/source/inventory.c	yvex_source_tensor_snapshot_find_index
baseline	link	src/source/payload.c	src/source/inventory.c	yvex_source_tensor_snapshot_has_shard_catalog
baseline	link	src/source/payload.c	src/source/inventory.c	yvex_source_tensor_snapshot_release
baseline	link	src/source/payload.c	src/source/inventory.c	yvex_source_tensor_snapshot_retain
baseline	link	src/source/payload.c	src/source/inventory.c	yvex_source_tensor_snapshot_shard_at
baseline	link	src/source/payload.c	src/source/inventory.c	yvex_source_tensor_snapshot_shard_find
baseline	link	src/source/payload.c	src/source/payload_identity.c	yvex_source_payload_identity_compute
baseline	link	src/source/payload.c	src/source/payload_stream.c	yvex_source_payload_session_verify
baseline	link	src/source/payload.c	src/source/provenance.c	yvex_source_provenance_payload_digest
baseline	link	src/source/payload.c	src/source/verify.c	yvex_source_verify
baseline	link	src/source/payload.c	src/source/verify.c	yvex_source_verify_with_snapshot
baseline	link	src/source/payload_identity.c	src/core/sha256.c	yvex_sha256_final
baseline	link	src/source/payload_identity.c	src/core/sha256.c	yvex_sha256_hex
baseline	link	src/source/payload_identity.c	src/core/sha256.c	yvex_sha256_init
baseline	link	src/source/payload_identity.c	src/core/sha256.c	yvex_sha256_update_text
baseline	link	src/source/payload_identity.c	src/core/sha256.c	yvex_sha256_update_u64
baseline	link	src/source/payload_identity.c	src/core/status.c	yvex_error_clear
baseline	link	src/source/payload_identity.c	src/core/status.c	yvex_error_set
baseline	link	src/source/payload_identity.c	src/source/payload.c	yvex_source_payload_refuse
baseline	link	src/source/payload_identity.c	src/source/payload.c	yvex_source_payload_refuse_at
baseline	link	src/source/payload_identity.c	src/source/payload.c	yvex_source_payload_trust_class_name
baseline	link	src/source/payload_identity.c	src/source/write.c	yvex_source_publish
baseline	link	src/source/payload_plan.c	src/core/status.c	yvex_core_u64_add
baseline	link	src/source/payload_plan.c	src/core/status.c	yvex_error_clear
baseline	link	src/source/payload_plan.c	src/source/payload.c	yvex_source_payload_refuse
baseline	link	src/source/payload_plan.c	src/source/payload.c	yvex_source_payload_refuse_at
baseline	link	src/source/payload_stream.c	src/core/sha256.c	yvex_sha256_final
baseline	link	src/source/payload_stream.c	src/core/sha256.c	yvex_sha256_hex
baseline	link	src/source/payload_stream.c	src/core/sha256.c	yvex_sha256_init
baseline	link	src/source/payload_stream.c	src/core/sha256.c	yvex_sha256_update
baseline	link	src/source/payload_stream.c	src/core/status.c	yvex_core_u64_add
baseline	link	src/source/payload_stream.c	src/core/status.c	yvex_error_clear
baseline	link	src/source/payload_stream.c	src/core/status.c	yvex_error_code
baseline	link	src/source/payload_stream.c	src/source/payload.c	yvex_source_payload_buffer_acquire
baseline	link	src/source/payload_stream.c	src/source/payload.c	yvex_source_payload_buffer_release
baseline	link	src/source/payload_stream.c	src/source/payload.c	yvex_source_payload_exact_read
baseline	link	src/source/payload_stream.c	src/source/payload.c	yvex_source_payload_fail
baseline	link	src/source/payload_stream.c	src/source/payload.c	yvex_source_payload_handle_acquire
baseline	link	src/source/payload_stream.c	src/source/payload.c	yvex_source_payload_handle_release
baseline	link	src/source/payload_stream.c	src/source/payload.c	yvex_source_payload_refuse
baseline	link	src/source/payload_stream.c	src/source/payload.c	yvex_source_payload_refuse_at
baseline	link	src/source/payload_stream.c	src/source/payload.c	yvex_source_payload_session_facts_get
baseline	link	src/source/payload_stream.c	src/source/payload_identity.c	yvex_source_payload_identity_compute
baseline	link	src/source/payload_stream.c	src/source/payload_identity.c	yvex_source_payload_manifest_publish
baseline	link	src/source/payload_stream.c	src/source/payload_plan.c	yvex_source_payload_plan_build
baseline	link	src/source/payload_stream.c	src/source/payload_plan.c	yvex_source_payload_plan_close
baseline	link	src/source/provenance.c	src/core/json.c	yvex_core_keyed_row_find
baseline	link	src/source/provenance.c	src/core/json.c	yvex_json_array_value
baseline	link	src/source/provenance.c	src/core/json.c	yvex_json_complete
baseline	link	src/source/provenance.c	src/core/json.c	yvex_json_init
baseline	link	src/source/provenance.c	src/core/json.c	yvex_json_iter_begin
baseline	link	src/source/provenance.c	src/core/json.c	yvex_json_object_member
baseline	link	src/source/provenance.c	src/core/json.c	yvex_json_skip_value
baseline	link	src/source/provenance.c	src/core/json.c	yvex_json_space
baseline	link	src/source/provenance.c	src/core/json.c	yvex_json_string
baseline	link	src/source/provenance.c	src/core/json.c	yvex_json_u64
baseline	link	src/source/provenance.c	src/core/json.c	yvex_read_bounded_file
baseline	link	src/source/provenance.c	src/core/sha256.c	yvex_sha256_hex_valid
baseline	link	src/source/provenance.c	src/core/status.c	yvex_core_allocate
baseline	link	src/source/provenance.c	src/core/status.c	yvex_core_text_copy
baseline	link	src/source/provenance.c	src/core/status.c	yvex_core_u64_add
baseline	link	src/source/provenance.c	src/core/status.c	yvex_error_clear
baseline	link	src/source/provenance.c	src/core/status.c	yvex_error_code
baseline	link	src/source/provenance.c	src/core/status.c	yvex_error_set
baseline	link	src/source/provenance.c	src/core/status.c	yvex_error_setf
baseline	link	src/source/provenance.c	src/source/verify.c	yvex_source_path_join
baseline	link	src/source/provenance.c	src/source/verify.c	yvex_source_regular_file
baseline	link	src/source/provenance.c	src/source/verify.c	yvex_source_revision_is_commit
baseline	link	src/source/provenance.c	src/source/verify.c	yvex_source_verification_add_blocker
baseline	link	src/source/provenance.c	src/source/verify.c	yvex_source_verification_has_blocker
baseline	link	src/source/report.c	src/core/fs.c	yvex_core_file_read_text_prefix
baseline	link	src/source/report.c	src/core/fs.c	yvex_operator_paths_resolve
baseline	link	src/source/report.c	src/core/fs.c	yvex_paths_default
baseline	link	src/source/report.c	src/core/json.c	yvex_json_probe_field_value
baseline	link	src/source/report.c	src/core/json.c	yvex_json_probe_string_field
baseline	link	src/source/report.c	src/core/status.c	yvex_core_allocate
baseline	link	src/source/report.c	src/core/status.c	yvex_core_text_copy
baseline	link	src/source/report.c	src/core/status.c	yvex_core_u64_add
baseline	link	src/source/report.c	src/core/status.c	yvex_core_u64_mul
baseline	link	src/source/report.c	src/core/status.c	yvex_error_clear
baseline	link	src/source/report.c	src/core/status.c	yvex_error_set
baseline	link	src/source/report.c	src/core/status.c	yvex_error_setf
baseline	link	src/source/report.c	src/source/native_weights.c	yvex_native_dtype_name
baseline	link	src/source/report.c	src/source/native_weights.c	yvex_native_weight_table_close
baseline	link	src/source/report.c	src/source/provenance.c	yvex_source_is_release_target
baseline	link	src/source/report.c	src/source/provenance.c	yvex_source_release_identity
baseline	link	src/source/report.c	src/source/provenance.c	yvex_source_target_path
baseline	link	src/source/report.c	src/source/safetensors_header.c	yvex_safetensors_read_header_file
baseline	link	src/source/report.c	src/source/verify.c	yvex_source_ends_with
baseline	link	src/source/report.c	src/source/verify.c	yvex_source_verification_status
baseline	link	src/source/report.c	src/source/verify.c	yvex_source_verify
baseline	link	src/source/safetensors_header.c	src/core/json.c	yvex_json_complete
baseline	link	src/source/safetensors_header.c	src/core/json.c	yvex_json_init
baseline	link	src/source/safetensors_header.c	src/core/json.c	yvex_json_iter_begin
baseline	link	src/source/safetensors_header.c	src/core/json.c	yvex_json_object_member
baseline	link	src/source/safetensors_header.c	src/core/json.c	yvex_json_skip_value
baseline	link	src/source/safetensors_header.c	src/core/json.c	yvex_json_space
baseline	link	src/source/safetensors_header.c	src/core/json.c	yvex_json_string_dup
baseline	link	src/source/safetensors_header.c	src/core/json.c	yvex_json_u64
baseline	link	src/source/safetensors_header.c	src/core/status.c	yvex_core_allocate
baseline	link	src/source/safetensors_header.c	src/core/status.c	yvex_core_execution_observation_record
baseline	link	src/source/safetensors_header.c	src/core/status.c	yvex_error_set
baseline	link	src/source/safetensors_header.c	src/core/status.c	yvex_error_setf
baseline	link	src/source/safetensors_header.c	src/source/native_weights.c	yvex_native_weight_table_add
baseline	link	src/source/scan.c	src/core/status.c	yvex_core_allocate
baseline	link	src/source/scan.c	src/core/status.c	yvex_core_strdup
baseline	link	src/source/scan.c	src/core/status.c	yvex_error_set
baseline	link	src/source/scan.c	src/core/status.c	yvex_error_setf
baseline	link	src/source/scan.c	src/source/verify.c	yvex_source_ends_with
baseline	link	src/source/scan.c	src/source/verify.c	yvex_source_path_alloc
baseline	link	src/source/verify.c	src/core/json.c	yvex_core_keyed_row_find
baseline	link	src/source/verify.c	src/core/json.c	yvex_json_array_value
baseline	link	src/source/verify.c	src/core/json.c	yvex_json_bool
baseline	link	src/source/verify.c	src/core/json.c	yvex_json_complete
baseline	link	src/source/verify.c	src/core/json.c	yvex_json_init
baseline	link	src/source/verify.c	src/core/json.c	yvex_json_iter_begin
baseline	link	src/source/verify.c	src/core/json.c	yvex_json_number_text
baseline	link	src/source/verify.c	src/core/json.c	yvex_json_object_member
baseline	link	src/source/verify.c	src/core/json.c	yvex_json_skip_value
baseline	link	src/source/verify.c	src/core/json.c	yvex_json_space
baseline	link	src/source/verify.c	src/core/json.c	yvex_json_string
baseline	link	src/source/verify.c	src/core/json.c	yvex_json_u64
baseline	link	src/source/verify.c	src/core/json.c	yvex_json_u64_array
baseline	link	src/source/verify.c	src/core/json.c	yvex_read_bounded_file
baseline	link	src/source/verify.c	src/core/status.c	yvex_core_allocate
baseline	link	src/source/verify.c	src/core/status.c	yvex_error_clear
baseline	link	src/source/verify.c	src/core/status.c	yvex_error_code
baseline	link	src/source/verify.c	src/core/status.c	yvex_error_set
baseline	link	src/source/verify.c	src/source/inventory.c	yvex_source_derived_inventory_free
baseline	link	src/source/verify.c	src/source/inventory.c	yvex_source_inventory_verify
baseline	link	src/source/verify.c	src/source/inventory.c	yvex_source_tensor_snapshot_facts_get
baseline	link	src/source/verify.c	src/source/inventory.c	yvex_source_tensor_snapshot_release
baseline	link	src/source/verify.c	src/source/provenance.c	yvex_source_provenance_finalize
baseline	link	src/source/verify.c	src/source/provenance.c	yvex_source_provenance_manifest_matches
baseline	link	src/source/verify.c	src/source/provenance.c	yvex_source_provenance_manifest_read
baseline	link	src/source/verify.c	src/source/provenance.c	yvex_source_provenance_verify_file
baseline	link	src/source/verify.c	src/source/write.c	yvex_source_publish
baseline	link	src/source/write.c	src/core/status.c	yvex_error_set
baseline	link	src/source/write.c	src/core/status.c	yvex_error_setf
baseline	link	src/source/write.c	src/io/writer.c	yvex_file_json_write_field
baseline	link	src/source/write.c	src/io/writer.c	yvex_file_json_write_string
baseline	link	src/source/write.c	src/source/manifest.c	yvex_source_status_name
baseline	link	src/source/write.c	src/source/payload.c	yvex_source_payload_trust_class_name
baseline	link	src/source/write.c	src/source/scan.c	yvex_source_manifest_file_list_free
baseline	link	src/source/write.c	src/source/scan.c	yvex_source_manifest_file_list_init
baseline	link	src/source/write.c	src/source/scan.c	yvex_source_manifest_scan_files
baseline	link	src/tokenizer/core.c	src/core/status.c	yvex_error_clear
baseline	link	src/tokenizer/core.c	src/core/status.c	yvex_error_set
baseline	link	src/tokenizer/core.c	src/core/status.c	yvex_error_setf
baseline	link	src/tokenizer/core.c	src/gguf/core.c	yvex_gguf_metadata_find
baseline	link	src/tokenizer/core.c	src/gguf/core.c	yvex_gguf_value_array_at
baseline	link	src/tokenizer/core.c	src/gguf/core.c	yvex_gguf_value_array_info
baseline	link	src/tokenizer/core.c	src/gguf/core.c	yvex_gguf_value_as_f64
baseline	link	src/tokenizer/core.c	src/gguf/core.c	yvex_gguf_value_as_i64
baseline	link	src/tokenizer/core.c	src/gguf/core.c	yvex_gguf_value_as_string
baseline	link	src/tokenizer/core.c	src/gguf/core.c	yvex_gguf_value_as_u64
baseline	link	src/tokenizer/core.c	src/gguf/core.c	yvex_gguf_value_type_of
baseline	link	src/tokenizer/core.c	src/tokenizer/decode.c	yvex_tokenizer_decode
baseline	link	src/tokenizer/core.c	src/tokenizer/decode.c	yvex_tokenizer_decode_result_clear
baseline	link	src/tokenizer/core.c	src/tokenizer/execution.c	yvex_tokenizer_encode
baseline	link	src/tokenizer/core.c	src/tokenizer/execution.c	yvex_tokenizer_execution_release
baseline	link	src/tokenizer/core.c	src/tokenizer/execution.c	yvex_tokenizer_execution_seal
baseline	link	src/tokenizer/decode.c	src/artifact/identity.c	yvex_artifact_sha256_hex_bytes
baseline	link	src/tokenizer/decode.c	src/core/sha256.c	yvex_sha256_final
baseline	link	src/tokenizer/decode.c	src/core/sha256.c	yvex_sha256_hex
baseline	link	src/tokenizer/decode.c	src/core/sha256.c	yvex_sha256_init
baseline	link	src/tokenizer/decode.c	src/core/sha256.c	yvex_sha256_update
baseline	link	src/tokenizer/decode.c	src/core/sha256.c	yvex_sha256_update_text
baseline	link	src/tokenizer/decode.c	src/core/status.c	yvex_core_allocate
baseline	link	src/tokenizer/decode.c	src/core/status.c	yvex_core_text_copy
baseline	link	src/tokenizer/decode.c	src/core/status.c	yvex_error_clear
baseline	link	src/tokenizer/decode.c	src/core/status.c	yvex_error_set
baseline	link	src/tokenizer/decode.c	src/tokenizer/unicode.c	yvex_tokenizer_utf8_next
baseline	link	src/tokenizer/execution.c	src/artifact/identity.c	yvex_sha256_hex_is_valid
baseline	link	src/tokenizer/execution.c	src/core/sha256.c	yvex_sha256_final
baseline	link	src/tokenizer/execution.c	src/core/sha256.c	yvex_sha256_hex
baseline	link	src/tokenizer/execution.c	src/core/sha256.c	yvex_sha256_init
baseline	link	src/tokenizer/execution.c	src/core/sha256.c	yvex_sha256_update
baseline	link	src/tokenizer/execution.c	src/core/sha256.c	yvex_sha256_update_text
baseline	link	src/tokenizer/execution.c	src/core/status.c	yvex_core_allocate
baseline	link	src/tokenizer/execution.c	src/core/status.c	yvex_core_text_copy
baseline	link	src/tokenizer/execution.c	src/core/status.c	yvex_core_u64_add
baseline	link	src/tokenizer/execution.c	src/core/status.c	yvex_error_clear
baseline	link	src/tokenizer/execution.c	src/core/status.c	yvex_error_set
baseline	link	src/tokenizer/execution.c	src/core/status.c	yvex_error_setf
baseline	link	src/tokenizer/execution.c	src/gguf/core.c	yvex_gguf_metadata_find
baseline	link	src/tokenizer/execution.c	src/gguf/core.c	yvex_gguf_value_array_at
baseline	link	src/tokenizer/execution.c	src/gguf/core.c	yvex_gguf_value_array_info
baseline	link	src/tokenizer/execution.c	src/gguf/core.c	yvex_gguf_value_as_string
baseline	link	src/tokenizer/execution.c	src/tokenizer/core.c	yvex_tokens_free
baseline	link	src/tokenizer/execution.c	src/tokenizer/unicode.c	yvex_tokenizer_unicode_class
baseline	link	src/tokenizer/execution.c	src/tokenizer/unicode.c	yvex_tokenizer_utf8_next
baseline	link	src/tokenizer/provider.c	src/core/json.c	yvex_json_complete
baseline	link	src/tokenizer/provider.c	src/core/json.c	yvex_json_init
baseline	link	src/tokenizer/provider.c	src/core/json.c	yvex_json_iter_begin
baseline	link	src/tokenizer/provider.c	src/core/json.c	yvex_json_object_member
baseline	link	src/tokenizer/provider.c	src/core/json.c	yvex_json_skip_value
baseline	link	src/tokenizer/provider.c	src/core/json.c	yvex_json_space
baseline	link	src/tokenizer/provider.c	src/core/json.c	yvex_json_string
baseline	link	src/tokenizer/provider.c	src/core/sha256.c	yvex_sha256_final
baseline	link	src/tokenizer/provider.c	src/core/sha256.c	yvex_sha256_hex
baseline	link	src/tokenizer/provider.c	src/core/sha256.c	yvex_sha256_init
baseline	link	src/tokenizer/provider.c	src/core/sha256.c	yvex_sha256_update
baseline	link	src/tokenizer/provider.c	src/core/sha256.c	yvex_sha256_update_text
baseline	link	src/tokenizer/provider.c	src/core/status.c	yvex_core_allocate
baseline	link	src/tokenizer/provider.c	src/core/status.c	yvex_error_clear
baseline	link	src/tokenizer/provider.c	src/core/status.c	yvex_error_code
baseline	link	src/tokenizer/provider.c	src/core/status.c	yvex_error_set
baseline	link	src/tokenizer/provider.c	src/provider/core.c	yvex_provider_json_value_validate
baseline	link	src/tokenizer/provider.c	src/provider/core.c	yvex_provider_request_validate
baseline	link	src/tokenizer/provider.c	src/tokenizer/execution.c	yvex_rendered_prompt_free
baseline	link	src/tokenizer/provider.c	src/tokenizer/execution.c	yvex_tokenizer_encode
baseline	link	src/tokenizer/provider.c	src/tokenizer/execution.c	yvex_tokenizer_encode_result_clear
baseline	link	src/tokenizer/provider.c	src/tokenizer/unicode.c	yvex_tokenizer_utf8_next
baseline	link	src/tokenizer/token_input.c	src/core/status.c	yvex_error_clear
baseline	link	src/tokenizer/token_input.c	src/core/status.c	yvex_error_code
baseline	link	src/tokenizer/token_input.c	src/core/status.c	yvex_error_set
baseline	link	src/tokenizer/token_input.c	src/core/status.c	yvex_error_setf
final	authority	config/source_owners.tsv	tools/generate_source_manifest.py	validated input
final	build-include	build/generated/sources.mk	Makefile	product class projection
final	build-membership	config/source_owners.tsv	include/yvex/api.h	interface
final	build-membership	config/source_owners.tsv	include/yvex/artifact.h	interface
final	build-membership	config/source_owners.tsv	include/yvex/backend.h	interface
final	build-membership	config/source_owners.tsv	include/yvex/core.h	interface
final	build-membership	config/source_owners.tsv	include/yvex/gguf.h	interface
final	build-membership	config/source_owners.tsv	include/yvex/graph.h	interface
final	build-membership	config/source_owners.tsv	include/yvex/internal/artifact.h	interface
final	build-membership	config/source_owners.tsv	include/yvex/internal/backend.h	interface
final	build-membership	config/source_owners.tsv	include/yvex/internal/benchmark.h	interface
final	build-membership	config/source_owners.tsv	include/yvex/internal/candidate.h	interface
final	build-membership	config/source_owners.tsv	include/yvex/internal/compilation.h	interface
final	build-membership	config/source_owners.tsv	include/yvex/internal/core.h	interface
final	build-membership	config/source_owners.tsv	include/yvex/internal/decode.h	interface
final	build-membership	config/source_owners.tsv	include/yvex/internal/execution.h	interface
final	build-membership	config/source_owners.tsv	include/yvex/internal/families/deepseek_v4.h	interface
final	build-membership	config/source_owners.tsv	include/yvex/internal/generation.h	interface
final	build-membership	config/source_owners.tsv	include/yvex/internal/gguf.h	interface
final	build-membership	config/source_owners.tsv	include/yvex/internal/gguf_writer.h	interface
final	build-membership	config/source_owners.tsv	include/yvex/internal/graph.h	interface
final	build-membership	config/source_owners.tsv	include/yvex/internal/graph_state.h	interface
final	build-membership	config/source_owners.tsv	include/yvex/internal/io.h	interface
final	build-membership	config/source_owners.tsv	include/yvex/internal/logits.h	interface
final	build-membership	config/source_owners.tsv	include/yvex/internal/model.h	interface
final	build-membership	config/source_owners.tsv	include/yvex/internal/model_artifact.h	interface
final	build-membership	config/source_owners.tsv	include/yvex/internal/model_target.h	interface
final	build-membership	config/source_owners.tsv	include/yvex/internal/moe.h	interface
final	build-membership	config/source_owners.tsv	include/yvex/internal/quant_numeric.h	interface
final	build-membership	config/source_owners.tsv	include/yvex/internal/runtime.h	interface
final	build-membership	config/source_owners.tsv	include/yvex/internal/runtime_prefill.h	interface
final	build-membership	config/source_owners.tsv	include/yvex/internal/sampling.h	interface
final	build-membership	config/source_owners.tsv	include/yvex/internal/source.h	interface
final	build-membership	config/source_owners.tsv	include/yvex/internal/source_payload.h	interface
final	build-membership	config/source_owners.tsv	include/yvex/internal/transformer.h	interface
final	build-membership	config/source_owners.tsv	include/yvex/model.h	interface
final	build-membership	config/source_owners.tsv	include/yvex/provider.h	interface
final	build-membership	config/source_owners.tsv	include/yvex/qtype.h	interface
final	build-membership	config/source_owners.tsv	include/yvex/quant.h	interface
final	build-membership	config/source_owners.tsv	include/yvex/registry.h	interface
final	build-membership	config/source_owners.tsv	include/yvex/server.h	interface
final	build-membership	config/source_owners.tsv	include/yvex/source.h	interface
final	build-membership	config/source_owners.tsv	include/yvex/tokenizer.h	interface
final	build-membership	config/source_owners.tsv	src/accounts/provider.c	libyvex
final	build-membership	config/source_owners.tsv	src/artifact/core.c	libyvex
final	build-membership	config/source_owners.tsv	src/artifact/descriptor.c	libyvex
final	build-membership	config/source_owners.tsv	src/artifact/identity.c	libyvex
final	build-membership	config/source_owners.tsv	src/artifact/integrity.c	libyvex
final	build-membership	config/source_owners.tsv	src/artifact/materialize.c	libyvex
final	build-membership	config/source_owners.tsv	src/artifact/roundtrip_gate.c	libyvex
final	build-membership	config/source_owners.tsv	src/backend/core.c	libyvex
final	build-membership	config/source_owners.tsv	src/backend/cpu.c	libyvex
final	build-membership	config/source_owners.tsv	src/backend/cuda/backend.c	libyvex
final	build-membership	config/source_owners.tsv	src/backend/cuda/capability.c	libyvex
final	build-membership	config/source_owners.tsv	src/backend/cuda/errors.c	libyvex
final	build-membership	config/source_owners.tsv	src/backend/cuda/families/deepseek_v4.c	libyvex
final	build-membership	config/source_owners.tsv	src/backend/cuda/graph.c	libyvex
final	build-membership	config/source_owners.tsv	src/backend/cuda/info.c	libyvex
final	build-membership	config/source_owners.tsv	src/backend/cuda/kernels.cu	cuda-ptx
final	build-membership	config/source_owners.tsv	src/backend/cuda/moe.c	libyvex
final	build-membership	config/source_owners.tsv	src/backend/cuda/ops.c	libyvex
final	build-membership	config/source_owners.tsv	src/backend/cuda/private.h	interface
final	build-membership	config/source_owners.tsv	src/backend/cuda/qtype.c	libyvex
final	build-membership	config/source_owners.tsv	src/cli/commands/accounts.c	yvex
final	build-membership	config/source_owners.tsv	src/cli/commands/artifact.c	yvex
final	build-membership	config/source_owners.tsv	src/cli/commands/backend.c	yvex
final	build-membership	config/source_owners.tsv	src/cli/commands/gguf.c	yvex
final	build-membership	config/source_owners.tsv	src/cli/commands/graph.c	yvex
final	build-membership	config/source_owners.tsv	src/cli/commands/model_artifacts.c	yvex
final	build-membership	config/source_owners.tsv	src/cli/commands/model_target.c	yvex
final	build-membership	config/source_owners.tsv	src/cli/commands/paths.c	yvex
final	build-membership	config/source_owners.tsv	src/cli/commands/quant.c	yvex
final	build-membership	config/source_owners.tsv	src/cli/commands/source.c	yvex
final	build-membership	config/source_owners.tsv	src/cli/commands/tokenizer.c	yvex
final	build-membership	config/source_owners.tsv	src/cli/input/backend.c	yvex
final	build-membership	config/source_owners.tsv	src/cli/input/graph.c	yvex
final	build-membership	config/source_owners.tsv	src/cli/input/model_artifacts.c	yvex
final	build-membership	config/source_owners.tsv	src/cli/input/model_target.c	yvex
final	build-membership	config/source_owners.tsv	src/cli/input/operator.c	yvex
final	build-membership	config/source_owners.tsv	src/cli/input/private.h	interface
final	build-membership	config/source_owners.tsv	src/cli/input/source.c	yvex
final	build-membership	config/source_owners.tsv	src/cli/io/client.c	yvex
final	build-membership	config/source_owners.tsv	src/cli/io/out.c	yvex
final	build-membership	config/source_owners.tsv	src/cli/io/private.h	interface
final	build-membership	config/source_owners.tsv	src/cli/main.c	yvex
final	build-membership	config/source_owners.tsv	src/cli/model_artifacts/artifacts.c	yvex
final	build-membership	config/source_owners.tsv	src/cli/model_artifacts/context.c	yvex
final	build-membership	config/source_owners.tsv	src/cli/model_artifacts/download.c	yvex
final	build-membership	config/source_owners.tsv	src/cli/model_artifacts/fullmodel.c	yvex
final	build-membership	config/source_owners.tsv	src/cli/model_artifacts/models.c	yvex
final	build-membership	config/source_owners.tsv	src/cli/model_artifacts/moe.c	yvex
final	build-membership	config/source_owners.tsv	src/cli/model_artifacts/prepare.c	yvex
final	build-membership	config/source_owners.tsv	src/cli/model_artifacts/private.h	interface
final	build-membership	config/source_owners.tsv	src/cli/model_artifacts/tensors.c	yvex
final	build-membership	config/source_owners.tsv	src/cli/private.h	interface
final	build-membership	config/source_owners.tsv	src/cli/render/backend.c	yvex
final	build-membership	config/source_owners.tsv	src/cli/render/common.c	yvex
final	build-membership	config/source_owners.tsv	src/cli/render/graph.c	yvex
final	build-membership	config/source_owners.tsv	src/cli/render/model_artifacts.c	yvex
final	build-membership	config/source_owners.tsv	src/cli/render/model_target.c	yvex
final	build-membership	config/source_owners.tsv	src/cli/render/private.h	interface
final	build-membership	config/source_owners.tsv	src/cli/render/source.c	yvex
final	build-membership	config/source_owners.tsv	src/core/fs.c	libyvex
final	build-membership	config/source_owners.tsv	src/core/json.c	libyvex
final	build-membership	config/source_owners.tsv	src/core/sha256.c	libyvex
final	build-membership	config/source_owners.tsv	src/core/shard_index.c	libyvex
final	build-membership	config/source_owners.tsv	src/core/status.c	libyvex
final	build-membership	config/source_owners.tsv	src/daemon/yvexd.c	yvexd
final	build-membership	config/source_owners.tsv	src/gguf/conversion.c	libyvex
final	build-membership	config/source_owners.tsv	src/gguf/core.c	libyvex
final	build-membership	config/source_owners.tsv	src/gguf/descriptor.c	libyvex
final	build-membership	config/source_owners.tsv	src/gguf/file_sink.c	libyvex
final	build-membership	config/source_owners.tsv	src/gguf/imatrix.c	libyvex
final	build-membership	config/source_owners.tsv	src/gguf/layout_integrity.c	libyvex
final	build-membership	config/source_owners.tsv	src/gguf/qtype.c	libyvex
final	build-membership	config/source_owners.tsv	src/gguf/quant_block.c	libyvex
final	build-membership	config/source_owners.tsv	src/gguf/quant_compute.c	libyvex
final	build-membership	config/source_owners.tsv	src/gguf/quant_execute.c	libyvex
final	build-membership	config/source_owners.tsv	src/gguf/quant_job.c	libyvex
final	build-membership	config/source_owners.tsv	src/gguf/quant_plan.c	libyvex
final	build-membership	config/source_owners.tsv	src/gguf/quant_policy.c	libyvex
final	build-membership	config/source_owners.tsv	src/gguf/quant_registry.c	libyvex
final	build-membership	config/source_owners.tsv	src/gguf/quant_scalar.c	libyvex
final	build-membership	config/source_owners.tsv	src/gguf/quant_sink.c	libyvex
final	build-membership	config/source_owners.tsv	src/gguf/tokenizer_metadata.c	libyvex
final	build-membership	config/source_owners.tsv	src/gguf/tools.c	libyvex
final	build-membership	config/source_owners.tsv	src/gguf/variant.c	libyvex
final	build-membership	config/source_owners.tsv	src/gguf/writer.c	libyvex
final	build-membership	config/source_owners.tsv	src/graph/attention.c	libyvex
final	build-membership	config/source_owners.tsv	src/graph/candidate.c	libyvex
final	build-membership	config/source_owners.tsv	src/graph/core.c	libyvex
final	build-membership	config/source_owners.tsv	src/graph/execution.c	libyvex
final	build-membership	config/source_owners.tsv	src/graph/families/deepseek_v4.c	libyvex
final	build-membership	config/source_owners.tsv	src/graph/memory_plan.c	libyvex
final	build-membership	config/source_owners.tsv	src/graph/moe.c	libyvex
final	build-membership	config/source_owners.tsv	src/graph/numeric.c	libyvex
final	build-membership	config/source_owners.tsv	src/graph/plan.c	libyvex
final	build-membership	config/source_owners.tsv	src/graph/private.h	interface
final	build-membership	config/source_owners.tsv	src/graph/state.c	libyvex
final	build-membership	config/source_owners.tsv	src/graph/state_recipe.c	libyvex
final	build-membership	config/source_owners.tsv	src/graph/transformer.c	libyvex
final	build-membership	config/source_owners.tsv	src/io/writer.c	libyvex
final	build-membership	config/source_owners.tsv	src/model/artifacts/gate.c	libyvex
final	build-membership	config/source_owners.tsv	src/model/artifacts/ref.c	libyvex
final	build-membership	config/source_owners.tsv	src/model/artifacts/registry.c	libyvex
final	build-membership	config/source_owners.tsv	src/model/compilation/binding.c	libyvex
final	build-membership	config/source_owners.tsv	src/model/compilation/ir.c	libyvex
final	build-membership	config/source_owners.tsv	src/model/compilation/ir_identity.c	libyvex
final	build-membership	config/source_owners.tsv	src/model/compilation/ir_validate.c	libyvex
final	build-membership	config/source_owners.tsv	src/model/core.c	libyvex
final	build-membership	config/source_owners.tsv	src/model/families/deepseek_v4.c	libyvex
final	build-membership	config/source_owners.tsv	src/model/target/catalog.c	libyvex
final	build-membership	config/source_owners.tsv	src/model/target/mapping_gate.c	libyvex
final	build-membership	config/source_owners.tsv	src/model/target/missing_role.c	libyvex
final	build-membership	config/source_owners.tsv	src/model/target/output_head_map.c	libyvex
final	build-membership	config/source_owners.tsv	src/model/target/qtype_policy.c	libyvex
final	build-membership	config/source_owners.tsv	src/model/target/report.c	libyvex
final	build-membership	config/source_owners.tsv	src/model/target/sidecar_write.c	libyvex
final	build-membership	config/source_owners.tsv	src/model/target/tensor_collection.c	libyvex
final	build-membership	config/source_owners.tsv	src/model/target/tensor_naming.c	libyvex
final	build-membership	config/source_owners.tsv	src/model/target/tokenizer_map.c	libyvex
final	build-membership	config/source_owners.tsv	src/provider/core.c	libyvex
final	build-membership	config/source_owners.tsv	src/runtime/benchmark.c	libyvex
final	build-membership	config/source_owners.tsv	src/runtime/binding.c	libyvex
final	build-membership	config/source_owners.tsv	src/runtime/core.c	libyvex
final	build-membership	config/source_owners.tsv	src/runtime/decode.c	libyvex
final	build-membership	config/source_owners.tsv	src/runtime/descriptor.c	libyvex
final	build-membership	config/source_owners.tsv	src/runtime/generation.c	libyvex
final	build-membership	config/source_owners.tsv	src/runtime/generation_context.c	libyvex
final	build-membership	config/source_owners.tsv	src/runtime/generation_result.c	libyvex
final	build-membership	config/source_owners.tsv	src/runtime/graph.c	libyvex
final	build-membership	config/source_owners.tsv	src/runtime/logits.c	libyvex
final	build-membership	config/source_owners.tsv	src/runtime/moe.c	libyvex
final	build-membership	config/source_owners.tsv	src/runtime/moe_input.c	libyvex
final	build-membership	config/source_owners.tsv	src/runtime/prefill.c	libyvex
final	build-membership	config/source_owners.tsv	src/runtime/private.h	interface
final	build-membership	config/source_owners.tsv	src/runtime/residency.c	libyvex
final	build-membership	config/source_owners.tsv	src/runtime/sampling.c	libyvex
final	build-membership	config/source_owners.tsv	src/runtime/session.c	libyvex
final	build-membership	config/source_owners.tsv	src/runtime/speculation.c	libyvex
final	build-membership	config/source_owners.tsv	src/runtime/transformer.c	libyvex
final	build-membership	config/source_owners.tsv	src/runtime/transformer_input.c	libyvex
final	build-membership	config/source_owners.tsv	src/server/core.c	libyvex
final	build-membership	config/source_owners.tsv	src/server/openai/core.c	yvexd
final	build-membership	config/source_owners.tsv	src/server/openai/http.c	yvexd
final	build-membership	config/source_owners.tsv	src/server/openai/json.c	yvexd
final	build-membership	config/source_owners.tsv	src/server/openai/private.h	interface
final	build-membership	config/source_owners.tsv	src/server/openai/render.c	yvexd
final	build-membership	config/source_owners.tsv	src/server/openai/state.c	yvexd
final	build-membership	config/source_owners.tsv	src/server/private.h	interface
final	build-membership	config/source_owners.tsv	src/server/protocol.c	libyvex
final	build-membership	config/source_owners.tsv	src/server/session.c	libyvex
final	build-membership	config/source_owners.tsv	src/server/telemetry.c	libyvex
final	build-membership	config/source_owners.tsv	src/source/inventory.c	libyvex
final	build-membership	config/source_owners.tsv	src/source/native_weights.c	libyvex
final	build-membership	config/source_owners.tsv	src/source/payload.c	libyvex
final	build-membership	config/source_owners.tsv	src/source/payload_identity.c	libyvex
final	build-membership	config/source_owners.tsv	src/source/payload_plan.c	libyvex
final	build-membership	config/source_owners.tsv	src/source/payload_stream.c	libyvex
final	build-membership	config/source_owners.tsv	src/source/provenance.c	libyvex
final	build-membership	config/source_owners.tsv	src/source/report.c	libyvex
final	build-membership	config/source_owners.tsv	src/source/safetensors_header.c	libyvex
final	build-membership	config/source_owners.tsv	src/source/scan.c	libyvex
final	build-membership	config/source_owners.tsv	src/source/verify.c	libyvex
final	build-membership	config/source_owners.tsv	src/source/write.c	libyvex
final	build-membership	config/source_owners.tsv	src/tokenizer/core.c	libyvex
final	build-membership	config/source_owners.tsv	src/tokenizer/decode.c	libyvex
final	build-membership	config/source_owners.tsv	src/tokenizer/execution.c	libyvex
final	build-membership	config/source_owners.tsv	src/tokenizer/private.h	interface
final	build-membership	config/source_owners.tsv	src/tokenizer/provider.c	libyvex
final	build-membership	config/source_owners.tsv	src/tokenizer/token_input.c	libyvex
final	build-membership	config/source_owners.tsv	src/tokenizer/unicode.c	libyvex
final	generated-projection	tools/generate_source_manifest.py	build/generated/sources.mk	deterministic ignored output
