surface_id	current_form	disposition	proposed_form	rationale	dependency	migration_risk	implementation_milestone	acceptance_requirement
binary.libyvex	libyvex.a	retain	libyvex.a	classified library owned by Makefile + config/source_owners.tsv	accepted product topology	low	V010.OPERATOR.COMMAND.CONSOLE.0	preserve authoritative owner; no compatibility executable; focused discovery or behavior guard
binary.yvex	./yvex	retain	./yvex	classified executable owned by src/cli/main.c	accepted product topology	medium	V010.OPERATOR.COMMAND.CONSOLE.0	preserve authoritative owner; no compatibility executable; focused discovery or behavior guard
binary.yvexd	./yvexd	retain	./yvexd	classified executable owned by src/daemon/yvexd.c	accepted product topology	medium	V010.OPERATOR.COMMAND.CONSOLE.0	preserve authoritative owner; no compatibility executable; focused discovery or behavior guard
catalog.artifact_options	src/cli/catalog/artifact_options.def	remove-after-command-registry-migration	canonical generated registry or none	orphan CLI catalog; none	V010.OPERATOR.COMMAND.CONSOLE.0	low	V010.OPERATOR.COMMAND.CONSOLE.0	no production consumer or one explicit adapter authority; source/help/dispatch freshness guard
catalog.backend_options	src/cli/catalog/backend_options.def	remove-after-command-registry-migration	canonical generated registry or none	orphan CLI catalog; none	V010.OPERATOR.COMMAND.CONSOLE.0	low	V010.OPERATOR.COMMAND.CONSOLE.0	no production consumer or one explicit adapter authority; source/help/dispatch freshness guard
catalog.generate_boundaries	src/cli/catalog/generate_boundaries.def	remove-after-command-registry-migration	canonical generated registry or none	orphan CLI catalog; none	V010.OPERATOR.COMMAND.CONSOLE.0	low	V010.OPERATOR.COMMAND.CONSOLE.0	no production consumer or one explicit adapter authority; source/help/dispatch freshness guard
catalog.generate_fields	src/cli/catalog/generate_fields.def	remove-after-command-registry-migration	canonical generated registry or none	orphan CLI catalog; none	V010.OPERATOR.COMMAND.CONSOLE.0	low	V010.OPERATOR.COMMAND.CONSOLE.0	no production consumer or one explicit adapter authority; source/help/dispatch freshness guard
catalog.generate_options	src/cli/catalog/generate_options.def	remove-after-command-registry-migration	canonical generated registry or none	orphan CLI catalog; none	V010.OPERATOR.COMMAND.CONSOLE.0	low	V010.OPERATOR.COMMAND.CONSOLE.0	no production consumer or one explicit adapter authority; source/help/dispatch freshness guard
catalog.generate_trace_fields	src/cli/catalog/generate_trace_fields.def	remove-after-command-registry-migration	canonical generated registry or none	orphan CLI catalog; none	V010.OPERATOR.COMMAND.CONSOLE.0	low	V010.OPERATOR.COMMAND.CONSOLE.0	no production consumer or one explicit adapter authority; source/help/dispatch freshness guard
catalog.graph_boundaries	src/cli/catalog/graph_boundaries.def	remove-after-command-registry-migration	canonical generated registry or none	orphan CLI catalog; none	V010.OPERATOR.COMMAND.CONSOLE.0	low	V010.OPERATOR.COMMAND.CONSOLE.0	no production consumer or one explicit adapter authority; source/help/dispatch freshness guard
catalog.graph_fields	src/cli/catalog/graph_fields.def	remove-after-command-registry-migration	canonical generated registry or none	orphan CLI catalog; none	V010.OPERATOR.COMMAND.CONSOLE.0	low	V010.OPERATOR.COMMAND.CONSOLE.0	no production consumer or one explicit adapter authority; source/help/dispatch freshness guard
catalog.graph_options	src/cli/catalog/graph_options.def	remove-after-command-registry-migration	canonical generated registry or none	orphan CLI catalog; none	V010.OPERATOR.COMMAND.CONSOLE.0	low	V010.OPERATOR.COMMAND.CONSOLE.0	no production consumer or one explicit adapter authority; source/help/dispatch freshness guard
catalog.kv_boundaries	src/cli/catalog/kv_boundaries.def	remove-after-command-registry-migration	canonical generated registry or none	orphan CLI catalog; none	V010.OPERATOR.COMMAND.CONSOLE.0	low	V010.OPERATOR.COMMAND.CONSOLE.0	no production consumer or one explicit adapter authority; source/help/dispatch freshness guard
catalog.kv_fields	src/cli/catalog/kv_fields.def	remove-after-command-registry-migration	canonical generated registry or none	orphan CLI catalog; none	V010.OPERATOR.COMMAND.CONSOLE.0	low	V010.OPERATOR.COMMAND.CONSOLE.0	no production consumer or one explicit adapter authority; source/help/dispatch freshness guard
catalog.kv_options	src/cli/catalog/kv_options.def	remove-after-command-registry-migration	canonical generated registry or none	orphan CLI catalog; none	V010.OPERATOR.COMMAND.CONSOLE.0	low	V010.OPERATOR.COMMAND.CONSOLE.0	no production consumer or one explicit adapter authority; source/help/dispatch freshness guard
catalog.model_artifacts_boundaries	src/cli/catalog/model_artifacts_boundaries.def	remove-after-command-registry-migration	canonical generated registry or none	orphan CLI catalog; none	V010.OPERATOR.COMMAND.CONSOLE.0	low	V010.OPERATOR.COMMAND.CONSOLE.0	no production consumer or one explicit adapter authority; source/help/dispatch freshness guard
catalog.model_artifacts_fields	src/cli/catalog/model_artifacts_fields.def	remove-after-command-registry-migration	canonical generated registry or none	orphan CLI catalog; none	V010.OPERATOR.COMMAND.CONSOLE.0	low	V010.OPERATOR.COMMAND.CONSOLE.0	no production consumer or one explicit adapter authority; source/help/dispatch freshness guard
catalog.model_artifacts_options	src/cli/catalog/model_artifacts_options.def	remove-after-command-registry-migration	canonical generated registry or none	orphan CLI catalog; none	V010.OPERATOR.COMMAND.CONSOLE.0	low	V010.OPERATOR.COMMAND.CONSOLE.0	no production consumer or one explicit adapter authority; source/help/dispatch freshness guard
catalog.model_artifacts_status	src/cli/catalog/model_artifacts_status.def	remove-after-command-registry-migration	canonical generated registry or none	orphan CLI catalog; none	V010.OPERATOR.COMMAND.CONSOLE.0	low	V010.OPERATOR.COMMAND.CONSOLE.0	no production consumer or one explicit adapter authority; source/help/dispatch freshness guard
catalog.model_target_boundaries	src/cli/catalog/model_target_boundaries.def	remove-after-command-registry-migration	canonical generated registry or none	orphan CLI catalog; none	V010.OPERATOR.COMMAND.CONSOLE.0	low	V010.OPERATOR.COMMAND.CONSOLE.0	no production consumer or one explicit adapter authority; source/help/dispatch freshness guard
catalog.model_target_fields	src/cli/catalog/model_target_fields.def	remove-after-command-registry-migration	canonical generated registry or none	orphan CLI catalog; none	V010.OPERATOR.COMMAND.CONSOLE.0	low	V010.OPERATOR.COMMAND.CONSOLE.0	no production consumer or one explicit adapter authority; source/help/dispatch freshness guard
catalog.model_target_options	src/cli/catalog/model_target_options.def	remove-after-command-registry-migration	canonical generated registry or none	orphan CLI catalog; none	V010.OPERATOR.COMMAND.CONSOLE.0	low	V010.OPERATOR.COMMAND.CONSOLE.0	no production consumer or one explicit adapter authority; source/help/dispatch freshness guard
catalog.model_target_reports	src/cli/catalog/model_target_reports.def	remove-after-command-registry-migration	canonical generated registry or none	orphan CLI catalog; none	V010.OPERATOR.COMMAND.CONSOLE.0	low	V010.OPERATOR.COMMAND.CONSOLE.0	no production consumer or one explicit adapter authority; source/help/dispatch freshness guard
catalog.runtime_options	src/cli/catalog/runtime_options.def	remove-after-command-registry-migration	canonical generated registry or none	orphan CLI catalog; none	V010.OPERATOR.COMMAND.CONSOLE.0	low	V010.OPERATOR.COMMAND.CONSOLE.0	no production consumer or one explicit adapter authority; source/help/dispatch freshness guard
catalog.sampling_boundaries	src/cli/catalog/sampling_boundaries.def	remove-after-command-registry-migration	canonical generated registry or none	orphan CLI catalog; none	V010.OPERATOR.COMMAND.CONSOLE.0	low	V010.OPERATOR.COMMAND.CONSOLE.0	no production consumer or one explicit adapter authority; source/help/dispatch freshness guard
catalog.sampling_fields	src/cli/catalog/sampling_fields.def	remove-after-command-registry-migration	canonical generated registry or none	orphan CLI catalog; none	V010.OPERATOR.COMMAND.CONSOLE.0	low	V010.OPERATOR.COMMAND.CONSOLE.0	no production consumer or one explicit adapter authority; source/help/dispatch freshness guard
catalog.sampling_options	src/cli/catalog/sampling_options.def	remove-after-command-registry-migration	canonical generated registry or none	orphan CLI catalog; none	V010.OPERATOR.COMMAND.CONSOLE.0	low	V010.OPERATOR.COMMAND.CONSOLE.0	no production consumer or one explicit adapter authority; source/help/dispatch freshness guard
catalog.source_options	src/cli/catalog/source_options.def	remove-after-command-registry-migration	canonical generated registry or none	orphan CLI catalog; none	V010.OPERATOR.COMMAND.CONSOLE.0	low	V010.OPERATOR.COMMAND.CONSOLE.0	no production consumer or one explicit adapter authority; source/help/dispatch freshness guard
catalog.tokenizer_options	src/cli/catalog/tokenizer_options.def	remove-after-command-registry-migration	canonical generated registry or none	orphan CLI catalog; none	V010.OPERATOR.COMMAND.CONSOLE.0	low	V010.OPERATOR.COMMAND.CONSOLE.0	no production consumer or one explicit adapter authority; source/help/dispatch freshness guard
cli.offline.artifact.emit	yvex artifact emit	consolidate	yvex compile artifact emit	adapter projects gguf-emit	canonical operation registry and approved taxonomy	low	V010.OPERATOR.COMMAND.CONSOLE.0	one authoritative operation; generated or validated help; behavior and refusal regression
cli.offline.artifact.materialize	yvex artifact materialize	keep	yvex artifact prepare	truthful	canonical operation registry and approved taxonomy	medium	V010.OPERATOR.COMMAND.CONSOLE.0	one authoritative operation; generated or validated help; behavior and refusal regression
cli.offline.artifact.materialize_gate	yvex artifact materialize-gate	move	yvex execute artifact materialization-gate	truthful engineering surface	canonical operation registry and approved taxonomy	low	V010.OPERATOR.COMMAND.CONSOLE.0	one authoritative operation; generated or validated help; behavior and refusal regression
cli.offline.artifact.metadata	yvex artifact metadata	move	yvex inspect artifact metadata	truthful	canonical operation registry and approved taxonomy	medium	V010.OPERATOR.COMMAND.CONSOLE.0	one authoritative operation; generated or validated help; behavior and refusal regression
cli.offline.artifact.model_gate	yvex artifact model-gate	move	yvex execute artifact model-gate	truthful engineering surface	canonical operation registry and approved taxonomy	low	V010.OPERATOR.COMMAND.CONSOLE.0	one authoritative operation; generated or validated help; behavior and refusal regression
cli.offline.artifact.show	yvex artifact show	keep	yvex artifact show	truthful adapter projection inspect	canonical operation registry and approved taxonomy	medium	V010.OPERATOR.COMMAND.CONSOLE.0	one authoritative operation; generated or validated help; behavior and refusal regression
cli.offline.artifact.template	yvex artifact template	move	yvex compile template	adapter projects gguf-template	canonical operation registry and approved taxonomy	low	V010.OPERATOR.COMMAND.CONSOLE.0	one authoritative operation; generated or validated help; behavior and refusal regression
cli.offline.artifact.tensors	yvex artifact tensors	move	yvex inspect artifact tensors	truthful	canonical operation registry and approved taxonomy	medium	V010.OPERATOR.COMMAND.CONSOLE.0	one authoritative operation; generated or validated help; behavior and refusal regression
cli.offline.artifact.verify	yvex artifact verify	normalize	yvex artifact verify	hidden argv reconstruction for bare FILE	canonical operation registry and approved taxonomy	high	V010.OPERATOR.COMMAND.CONSOLE.0	one authoritative operation; generated or validated help; behavior and refusal regression
cli.offline.evidence.accounts	yvex evidence accounts	move	yvex system accounts	side-effecting system operation under evidence	canonical operation registry and approved taxonomy	medium	V010.OPERATOR.COMMAND.CONSOLE.0	one authoritative operation; generated or validated help; behavior and refusal regression
cli.offline.evidence.backend	yvex evidence backend	move	yvex system backend	claim namespace obscures system operation	canonical operation registry and approved taxonomy	medium	V010.OPERATOR.COMMAND.CONSOLE.0	one authoritative operation; generated or validated help; behavior and refusal regression
cli.offline.evidence.cuda	yvex evidence cuda	move	yvex system cuda	claim namespace obscures system operation	canonical operation registry and approved taxonomy	medium	V010.OPERATOR.COMMAND.CONSOLE.0	one authoritative operation; generated or validated help; behavior and refusal regression
cli.offline.evidence.model	yvex evidence model	split	yvex inspect model / execute materialization	mixes reports and bounded execution	canonical operation registry and approved taxonomy	low	V010.OPERATOR.COMMAND.CONSOLE.0	one authoritative operation; generated or validated help; behavior and refusal regression
cli.offline.evidence.models	yvex evidence models	split	yvex model registry / compile acquire / inspect artifact	large side-effecting catalog under evidence; overlaps product model	canonical operation registry and approved taxonomy	medium	V010.OPERATOR.COMMAND.CONSOLE.0	one authoritative operation; generated or validated help; behavior and refusal regression
cli.offline.evidence.moe	yvex evidence moe	move	yvex inspect moe	report-only but named by claim audience	canonical operation registry and approved taxonomy	low	V010.OPERATOR.COMMAND.CONSOLE.0	one authoritative operation; generated or validated help; behavior and refusal regression
cli.offline.evidence.paths	yvex evidence paths	move	yvex system paths	configuration operation under evidence	canonical operation registry and approved taxonomy	medium	V010.OPERATOR.COMMAND.CONSOLE.0	one authoritative operation; generated or validated help; behavior and refusal regression
cli.offline.evidence.target	yvex evidence target	dissolve	yvex inspect target	audience/claim namespace, not stable domain	canonical operation registry and approved taxonomy	low	V010.OPERATOR.COMMAND.CONSOLE.0	one authoritative operation; generated or validated help; behavior and refusal regression
cli.offline.graph	yvex graph	split-by-operation	yvex execute ... / profile ...	broad implementation namespace	canonical operation registry and approved taxonomy	low	V010.OPERATOR.COMMAND.CONSOLE.0	one authoritative operation; generated or validated help; behavior and refusal regression
cli.offline.quant.convert	yvex quant convert	move	yvex compile convert	truthful	canonical operation registry and approved taxonomy	low	V010.OPERATOR.COMMAND.CONSOLE.0	one authoritative operation; generated or validated help; behavior and refusal regression
cli.offline.quant.emit	yvex quant emit	move	yvex compile quant emit	truthful	canonical operation registry and approved taxonomy	high	V010.OPERATOR.COMMAND.CONSOLE.0	one authoritative operation; generated or validated help; behavior and refusal regression
cli.offline.quant.explain	yvex quant explain	move	yvex inspect quant decision	truthful	canonical operation registry and approved taxonomy	medium	V010.OPERATOR.COMMAND.CONSOLE.0	one authoritative operation; generated or validated help; behavior and refusal regression
cli.offline.quant.help	yvex quant --help	replace-registry-projection	yvex compile quant --help	manual command help	canonical operation registry and approved taxonomy	medium	V010.OPERATOR.COMMAND.CONSOLE.0	one authoritative operation; generated or validated help; behavior and refusal regression
cli.offline.quant.imatrix	yvex quant imatrix	move	yvex compile calibration	truthful	canonical operation registry and approved taxonomy	low	V010.OPERATOR.COMMAND.CONSOLE.0	one authoritative operation; generated or validated help; behavior and refusal regression
cli.offline.quant.job	yvex quant job	move	yvex compile quant job	adapter projects quant-job	canonical operation registry and approved taxonomy	low	V010.OPERATOR.COMMAND.CONSOLE.0	one authoritative operation; generated or validated help; behavior and refusal regression
cli.offline.quant.plan	yvex quant plan	move	yvex compile quant plan	truthful	canonical operation registry and approved taxonomy	high	V010.OPERATOR.COMMAND.CONSOLE.0	one authoritative operation; generated or validated help; behavior and refusal regression
cli.offline.quant.policy	yvex quant policy	move	yvex compile quant policy	adapter projects quant-policy	canonical operation registry and approved taxonomy	medium	V010.OPERATOR.COMMAND.CONSOLE.0	one authoritative operation; generated or validated help; behavior and refusal regression
cli.offline.quant.preset	yvex quant preset	move	yvex compile quant preset	truthful	canonical operation registry and approved taxonomy	high	V010.OPERATOR.COMMAND.CONSOLE.0	one authoritative operation; generated or validated help; behavior and refusal regression
cli.offline.quant.qtype	yvex quant qtype	move	yvex inspect qtype	adapter projects qtype-support	canonical operation registry and approved taxonomy	medium	V010.OPERATOR.COMMAND.CONSOLE.0	one authoritative operation; generated or validated help; behavior and refusal regression
cli.offline.quant.summarize	yvex quant summarize	move	yvex inspect quant plan	truthful	canonical operation registry and approved taxonomy	medium	V010.OPERATOR.COMMAND.CONSOLE.0	one authoritative operation; generated or validated help; behavior and refusal regression
cli.offline.runtime.context	yvex runtime context	move	yvex inspect context	misplaced under hosted runtime namespace	canonical operation registry and approved taxonomy	low	V010.OPERATOR.COMMAND.CONSOLE.0	one authoritative operation; generated or validated help; behavior and refusal regression
cli.offline.runtime.input	yvex runtime input	move	yvex execute input	misplaced under hosted runtime namespace	canonical operation registry and approved taxonomy	low	V010.OPERATOR.COMMAND.CONSOLE.0	one authoritative operation; generated or validated help; behavior and refusal regression
cli.offline.source.manifest	yvex source manifest	move	yvex compile source	truthful but report and mutation share route	canonical operation registry and approved taxonomy	high	V010.OPERATOR.COMMAND.CONSOLE.0	one authoritative operation; generated or validated help; behavior and refusal regression
cli.offline.source.native	yvex source native	move	yvex inspect source tensors	adapter projects native-weights	canonical operation registry and approved taxonomy	medium	V010.OPERATOR.COMMAND.CONSOLE.0	one authoritative operation; generated or validated help; behavior and refusal regression
cli.offline.tensor.collection	yvex tensor collection	move	yvex inspect tensor collection	adapter projects tensor-collection	canonical operation registry and approved taxonomy	low	V010.OPERATOR.COMMAND.CONSOLE.0	one authoritative operation; generated or validated help; behavior and refusal regression
cli.offline.tensor.map	yvex tensor map	move	yvex compile tensor-map	adapter projects tensor-map	canonical operation registry and approved taxonomy	low	V010.OPERATOR.COMMAND.CONSOLE.0	one authoritative operation; generated or validated help; behavior and refusal regression
cli.offline.tokenizer.decode	yvex tokenizer decode	move	yvex execute tokenizer decode	truthful	canonical operation registry and approved taxonomy	medium	V010.OPERATOR.COMMAND.CONSOLE.0	one authoritative operation; generated or validated help; behavior and refusal regression
cli.offline.tokenizer.encode	yvex tokenizer encode	move	yvex execute tokenizer encode	truthful	canonical operation registry and approved taxonomy	medium	V010.OPERATOR.COMMAND.CONSOLE.0	one authoritative operation; generated or validated help; behavior and refusal regression
cli.offline.tokenizer.prompt	yvex tokenizer prompt	move	yvex execute prompt	truthful	canonical operation registry and approved taxonomy	medium	V010.OPERATOR.COMMAND.CONSOLE.0	one authoritative operation; generated or validated help; behavior and refusal regression
cli.offline.tokenizer.show	yvex tokenizer show	move	yvex inspect tokenizer	truthful	canonical operation registry and approved taxonomy	medium	V010.OPERATOR.COMMAND.CONSOLE.0	one authoritative operation; generated or validated help; behavior and refusal regression
cli.yvex.chat	yvex chat	keep	yvex chat	truthful; namespace help absent	canonical operation registry and approved taxonomy	high	V010.OPERATOR.COMMAND.CONSOLE.0	one authoritative operation; generated or validated help; behavior and refusal regression
cli.yvex.default	yvex	keep	yvex	truthful alias	canonical operation registry and approved taxonomy	high	V010.OPERATOR.COMMAND.CONSOLE.0	one authoritative operation; generated or validated help; behavior and refusal regression
cli.yvex.help	yvex help	replace-registry-projection	yvex help [PATH]	incomplete and manually duplicated	canonical operation registry and approved taxonomy	high	V010.OPERATOR.COMMAND.CONSOLE.0	one authoritative operation; generated or validated help; behavior and refusal regression
cli.yvex.model.list	yvex model list	rename-or-remove	yvex model selected	misleading: identical to model show and does not list models	canonical operation registry and approved taxonomy	high	V010.OPERATOR.COMMAND.CONSOLE.0	one authoritative operation; generated or validated help; behavior and refusal regression
cli.yvex.model.show	yvex model show	rename	yvex model selected	misleading: selected configuration is not live runtime identity	canonical operation registry and approved taxonomy	high	V010.OPERATOR.COMMAND.CONSOLE.0	one authoritative operation; generated or validated help; behavior and refusal regression
cli.yvex.model.use	yvex model use	normalize	yvex model select NAME	truthful but DeepSeek/CUDA/4096 defaults are client-local policy	canonical operation registry and approved taxonomy	medium	V010.OPERATOR.COMMAND.CONSOLE.0	one authoritative operation; generated or validated help; behavior and refusal regression
cli.yvex.run	yvex run	keep	yvex run	truthful; detailed help absent	canonical operation registry and approved taxonomy	high	V010.OPERATOR.COMMAND.CONSOLE.0	one authoritative operation; generated or validated help; behavior and refusal regression
cli.yvex.runtime.start	yvex runtime start	keep	yvex runtime start	truthful foreground exec; selected config fallback	canonical operation registry and approved taxonomy	high	V010.OPERATOR.COMMAND.CONSOLE.0	one authoritative operation; generated or validated help; behavior and refusal regression
cli.yvex.runtime.status	yvex runtime status	keep-and-expand-renderer	yvex runtime status	human view omits authoritative variant/context facts	canonical operation registry and approved taxonomy	high	V010.OPERATOR.COMMAND.CONSOLE.0	one authoritative operation; generated or validated help; behavior and refusal regression
cli.yvex.runtime.stop	yvex runtime stop	keep	yvex runtime stop	truthful	canonical operation registry and approved taxonomy	high	V010.OPERATOR.COMMAND.CONSOLE.0	one authoritative operation; generated or validated help; behavior and refusal regression
cli.yvex.runtime.trace	yvex runtime trace	normalize-flag	yvex runtime trace [--json]	--follow is inert because trace always follows	canonical operation registry and approved taxonomy	high	V010.OPERATOR.COMMAND.CONSOLE.0	one authoritative operation; generated or validated help; behavior and refusal regression
cli.yvex.runtime.watch	yvex runtime watch	replace-renderer	yvex runtime watch	claims operational view but renders generic a/b fields	canonical operation registry and approved taxonomy	high	V010.OPERATOR.COMMAND.CONSOLE.0	one authoritative operation; generated or validated help; behavior and refusal regression
cli.yvex.session.attach	yvex session attach	keep	yvex session attach	truthful; namespace help absent	canonical operation registry and approved taxonomy	high	V010.OPERATOR.COMMAND.CONSOLE.0	one authoritative operation; generated or validated help; behavior and refusal regression
cli.yvex.session.close	yvex session close	keep	yvex session close	truthful; namespace help absent	canonical operation registry and approved taxonomy	high	V010.OPERATOR.COMMAND.CONSOLE.0	one authoritative operation; generated or validated help; behavior and refusal regression
cli.yvex.session.detach	yvex session detach	keep	yvex session detach	truthful; namespace help absent	canonical operation registry and approved taxonomy	high	V010.OPERATOR.COMMAND.CONSOLE.0	one authoritative operation; generated or validated help; behavior and refusal regression
cli.yvex.session.list	yvex session list	keep	yvex session list	truthful; namespace help absent	canonical operation registry and approved taxonomy	high	V010.OPERATOR.COMMAND.CONSOLE.0	one authoritative operation; generated or validated help; behavior and refusal regression
cli.yvex.session.new	yvex session new	keep	yvex session new	truthful; namespace help absent	canonical operation registry and approved taxonomy	high	V010.OPERATOR.COMMAND.CONSOLE.0	one authoritative operation; generated or validated help; behavior and refusal regression
cli.yvex.session.reset	yvex session reset	keep	yvex session reset	truthful; namespace help absent	canonical operation registry and approved taxonomy	high	V010.OPERATOR.COMMAND.CONSOLE.0	one authoritative operation; generated or validated help; behavior and refusal regression
cli.yvex.session.show	yvex session show	keep	yvex session show	truthful; namespace help absent	canonical operation registry and approved taxonomy	high	V010.OPERATOR.COMMAND.CONSOLE.0	one authoritative operation; generated or validated help; behavior and refusal regression
cli.yvex.version	yvex version	keep	yvex version	truthful	canonical operation registry and approved taxonomy	high	V010.OPERATOR.COMMAND.CONSOLE.0	one authoritative operation; generated or validated help; behavior and refusal regression
config.model.selected	$XDG_CONFIG_HOME/yvex/model.conf	rename-and-distinguish-live	$XDG_CONFIG_HOME/yvex/model.conf	classified configuration owned by src/cli/io/client.c	accepted product topology	low	V010.OPERATOR.COMMAND.CONSOLE.0	preserve authoritative owner; no compatibility executable; focused discovery or behavior guard
config.package.manifest	config/package_manifest.tsv	retain	config/package_manifest.tsv	classified configuration owned by release/package	accepted product topology	low	V010.OPERATOR.COMMAND.CONSOLE.0	preserve authoritative owner; no compatibility executable; focused discovery or behavior guard
config.runtime.socket	$XDG_RUNTIME_DIR/yvex/yvexd.sock	retain	$XDG_RUNTIME_DIR/yvex/yvexd.sock	classified configuration owned by src/server/protocol.c	accepted product topology	low	V010.OPERATOR.COMMAND.CONSOLE.0	preserve authoritative owner; no compatibility executable; focused discovery or behavior guard
daemon.yvexd	yvexd	retain-configure	yvexd (normally through yvex runtime start/service config)	truthful but service policy repeated as flags	canonical operation registry and approved taxonomy	medium	V010.OPERATOR.COMMAND.CONSOLE.0	one authoritative operation; generated or validated help; behavior and refusal regression
env.ar	AR	retain-build-only	AR	classified environment owned by Makefile	accepted product topology	low	V010.OPERATOR.COMMAND.CONSOLE.0	preserve authoritative owner; no compatibility executable; focused discovery or behavior guard
env.build_dir	BUILD_DIR	retain-build-only	BUILD_DIR	classified environment owned by Makefile	accepted product topology	low	V010.OPERATOR.COMMAND.CONSOLE.0	preserve authoritative owner; no compatibility executable; focused discovery or behavior guard
env.cc	CC	retain-build-only	CC	classified environment owned by Makefile	accepted product topology	low	V010.OPERATOR.COMMAND.CONSOLE.0	preserve authoritative owner; no compatibility executable; focused discovery or behavior guard
env.cflags	CFLAGS	retain-build-only	CFLAGS	classified environment owned by Makefile	accepted product topology	low	V010.OPERATOR.COMMAND.CONSOLE.0	preserve authoritative owner; no compatibility executable; focused discovery or behavior guard
env.cppflags	CPPFLAGS	retain-build-only	CPPFLAGS	classified environment owned by Makefile	accepted product topology	low	V010.OPERATOR.COMMAND.CONSOLE.0	preserve authoritative owner; no compatibility executable; focused discovery or behavior guard
env.cuda_home	CUDA_HOME	retain-build-only	CUDA_HOME	classified environment owned by Makefile	accepted product topology	low	V010.OPERATOR.COMMAND.CONSOLE.0	preserve authoritative owner; no compatibility executable; focused discovery or behavior guard
env.cuda_ldflags	CUDA_LDFLAGS	retain-external-evidence	CUDA_LDFLAGS	classified environment owned by test/live harness	accepted product topology	medium	V010.OPERATOR.COMMAND.CONSOLE.0	preserve authoritative owner; no compatibility executable; focused discovery or behavior guard
env.deepseek_models_root	DEEPSEEK_MODELS_ROOT	retain-build-only	DEEPSEEK_MODELS_ROOT	classified environment owned by Makefile	accepted product topology	low	V010.OPERATOR.COMMAND.CONSOLE.0	preserve authoritative owner; no compatibility executable; focused discovery or behavior guard
env.deepseek_operator_models_root	DEEPSEEK_OPERATOR_MODELS_ROOT	retain-build-only	DEEPSEEK_OPERATOR_MODELS_ROOT	classified environment owned by Makefile	accepted product topology	low	V010.OPERATOR.COMMAND.CONSOLE.0	preserve authoritative owner; no compatibility executable; focused discovery or behavior guard
env.deepseek_selected_artifact	DEEPSEEK_SELECTED_ARTIFACT	retain-build-only	DEEPSEEK_SELECTED_ARTIFACT	classified environment owned by Makefile	accepted product topology	low	V010.OPERATOR.COMMAND.CONSOLE.0	preserve authoritative owner; no compatibility executable; focused discovery or behavior guard
env.deepseek_source	DEEPSEEK_SOURCE	retain-build-only	DEEPSEEK_SOURCE	classified environment owned by Makefile	accepted product topology	low	V010.OPERATOR.COMMAND.CONSOLE.0	preserve authoritative owner; no compatibility executable; focused discovery or behavior guard
env.deepseek_source_manifest	DEEPSEEK_SOURCE_MANIFEST	retain-build-only	DEEPSEEK_SOURCE_MANIFEST	classified environment owned by Makefile	accepted product topology	low	V010.OPERATOR.COMMAND.CONSOLE.0	preserve authoritative owner; no compatibility executable; focused discovery or behavior guard
env.depflags	DEPFLAGS	retain-external-evidence	DEPFLAGS	classified environment owned by test/live harness	accepted product topology	medium	V010.OPERATOR.COMMAND.CONSOLE.0	preserve authoritative owner; no compatibility executable; focused discovery or behavior guard
env.home	HOME	retain-normalize	HOME	classified environment owned by product path/config owner	accepted product topology	medium	V010.OPERATOR.COMMAND.CONSOLE.0	preserve authoritative owner; no compatibility executable; focused discovery or behavior guard
env.ldflags	LDFLAGS	retain-build-only	LDFLAGS	classified environment owned by Makefile	accepted product topology	low	V010.OPERATOR.COMMAND.CONSOLE.0	preserve authoritative owner; no compatibility executable; focused discovery or behavior guard
env.ldlibs	LDLIBS	retain-build-only	LDLIBS	classified environment owned by Makefile	accepted product topology	low	V010.OPERATOR.COMMAND.CONSOLE.0	preserve authoritative owner; no compatibility executable; focused discovery or behavior guard
env.lib_dir	LIB_DIR	retain-build-only	LIB_DIR	classified environment owned by Makefile	accepted product topology	low	V010.OPERATOR.COMMAND.CONSOLE.0	preserve authoritative owner; no compatibility executable; focused discovery or behavior guard
env.libyvex	LIBYVEX	retain-build-only	LIBYVEX	classified environment owned by Makefile	accepted product topology	low	V010.OPERATOR.COMMAND.CONSOLE.0	preserve authoritative owner; no compatibility executable; focused discovery or behavior guard
env.nvcc	NVCC	retain-build-only	NVCC	classified environment owned by Makefile	accepted product topology	low	V010.OPERATOR.COMMAND.CONSOLE.0	preserve authoritative owner; no compatibility executable; focused discovery or behavior guard
env.nvccflags	NVCCFLAGS	retain-build-only	NVCCFLAGS	classified environment owned by Makefile	accepted product topology	low	V010.OPERATOR.COMMAND.CONSOLE.0	preserve authoritative owner; no compatibility executable; focused discovery or behavior guard
env.obj_dir	OBJ_DIR	retain-build-only	OBJ_DIR	classified environment owned by Makefile	accepted product topology	low	V010.OPERATOR.COMMAND.CONSOLE.0	preserve authoritative owner; no compatibility executable; focused discovery or behavior guard
env.path	PATH	retain-normalize	PATH	classified environment owned by product path/config owner	accepted product topology	medium	V010.OPERATOR.COMMAND.CONSOLE.0	preserve authoritative owner; no compatibility executable; focused discovery or behavior guard
env.pinned_ggml_build	PINNED_GGML_BUILD	retain-build-only	PINNED_GGML_BUILD	classified environment owned by Makefile	accepted product topology	low	V010.OPERATOR.COMMAND.CONSOLE.0	preserve authoritative owner; no compatibility executable; focused discovery or behavior guard
env.pinned_ggml_root	PINNED_GGML_ROOT	retain-build-only	PINNED_GGML_ROOT	classified environment owned by Makefile	accepted product topology	low	V010.OPERATOR.COMMAND.CONSOLE.0	preserve authoritative owner; no compatibility executable; focused discovery or behavior guard
env.test_dir	TEST_DIR	retain-build-only	TEST_DIR	classified environment owned by Makefile	accepted product topology	low	V010.OPERATOR.COMMAND.CONSOLE.0	preserve authoritative owner; no compatibility executable; focused discovery or behavior guard
env.xdg_config_home	XDG_CONFIG_HOME	retain-normalize	XDG_CONFIG_HOME	classified environment owned by product path/config owner	accepted product topology	medium	V010.OPERATOR.COMMAND.CONSOLE.0	preserve authoritative owner; no compatibility executable; focused discovery or behavior guard
env.xdg_runtime_dir	XDG_RUNTIME_DIR	retain-normalize	XDG_RUNTIME_DIR	classified environment owned by product path/config owner	accepted product topology	medium	V010.OPERATOR.COMMAND.CONSOLE.0	preserve authoritative owner; no compatibility executable; focused discovery or behavior guard
env.yvex_attention_artifact	YVEX_ATTENTION_ARTIFACT	retain-external-evidence	YVEX_ATTENTION_ARTIFACT	classified environment owned by test/live harness	accepted product topology	medium	V010.OPERATOR.COMMAND.CONSOLE.0	preserve authoritative owner; no compatibility executable; focused discovery or behavior guard
env.yvex_attention_cpu_quick_only	YVEX_ATTENTION_CPU_QUICK_ONLY	retain-external-evidence	YVEX_ATTENTION_CPU_QUICK_ONLY	classified environment owned by test/live harness	accepted product topology	medium	V010.OPERATOR.COMMAND.CONSOLE.0	preserve authoritative owner; no compatibility executable; focused discovery or behavior guard
env.yvex_attention_cuda_only	YVEX_ATTENTION_CUDA_ONLY	retain-external-evidence	YVEX_ATTENTION_CUDA_ONLY	classified environment owned by test/live harness	accepted product topology	medium	V010.OPERATOR.COMMAND.CONSOLE.0	preserve authoritative owner; no compatibility executable; focused discovery or behavior guard
env.yvex_attention_live	YVEX_ATTENTION_LIVE	retain-external-evidence	YVEX_ATTENTION_LIVE	classified environment owned by test/live harness	accepted product topology	medium	V010.OPERATOR.COMMAND.CONSOLE.0	preserve authoritative owner; no compatibility executable; focused discovery or behavior guard
env.yvex_attention_models_root	YVEX_ATTENTION_MODELS_ROOT	retain-external-evidence	YVEX_ATTENTION_MODELS_ROOT	classified environment owned by test/live harness	accepted product topology	medium	V010.OPERATOR.COMMAND.CONSOLE.0	preserve authoritative owner; no compatibility executable; focused discovery or behavior guard
env.yvex_attention_runtime_binding	YVEX_ATTENTION_RUNTIME_BINDING	retain-external-evidence	YVEX_ATTENTION_RUNTIME_BINDING	classified environment owned by test/live harness	accepted product topology	medium	V010.OPERATOR.COMMAND.CONSOLE.0	preserve authoritative owner; no compatibility executable; focused discovery or behavior guard
env.yvex_bet_tennis_root	YVEX_BET_TENNIS_ROOT	retain-external-evidence	YVEX_BET_TENNIS_ROOT	classified environment owned by test/live harness	accepted product topology	medium	V010.OPERATOR.COMMAND.CONSOLE.0	preserve authoritative owner; no compatibility executable; focused discovery or behavior guard
env.yvex_bin	YVEX_BIN	retain-build-only	YVEX_BIN	classified environment owned by Makefile	accepted product topology	low	V010.OPERATOR.COMMAND.CONSOLE.0	preserve authoritative owner; no compatibility executable; focused discovery or behavior guard
env.yvex_build_commit	YVEX_BUILD_COMMIT	retain-build-only	YVEX_BUILD_COMMIT	classified environment owned by Makefile	accepted product topology	low	V010.OPERATOR.COMMAND.CONSOLE.0	preserve authoritative owner; no compatibility executable; focused discovery or behavior guard
env.yvex_build_identity	YVEX_BUILD_IDENTITY	retain-build-only	YVEX_BUILD_IDENTITY	classified environment owned by Makefile	accepted product topology	low	V010.OPERATOR.COMMAND.CONSOLE.0	preserve authoritative owner; no compatibility executable; focused discovery or behavior guard
env.yvex_build_source_delta_identity	YVEX_BUILD_SOURCE_DELTA_IDENTITY	retain-build-only	YVEX_BUILD_SOURCE_DELTA_IDENTITY	classified environment owned by Makefile	accepted product topology	low	V010.OPERATOR.COMMAND.CONSOLE.0	preserve authoritative owner; no compatibility executable; focused discovery or behavior guard
env.yvex_build_source_root	YVEX_BUILD_SOURCE_ROOT	retain-build-only	YVEX_BUILD_SOURCE_ROOT	classified environment owned by Makefile	accepted product topology	low	V010.OPERATOR.COMMAND.CONSOLE.0	preserve authoritative owner; no compatibility executable; focused discovery or behavior guard
env.yvex_build_source_state	YVEX_BUILD_SOURCE_STATE	retain-build-only	YVEX_BUILD_SOURCE_STATE	classified environment owned by Makefile	accepted product topology	low	V010.OPERATOR.COMMAND.CONSOLE.0	preserve authoritative owner; no compatibility executable; focused discovery or behavior guard
env.yvex_client_lane_obj	YVEX_CLIENT_LANE_OBJ	retain-external-evidence	YVEX_CLIENT_LANE_OBJ	classified environment owned by test/live harness	accepted product topology	medium	V010.OPERATOR.COMMAND.CONSOLE.0	preserve authoritative owner; no compatibility executable; focused discovery or behavior guard
env.yvex_cuda_arch	YVEX_CUDA_ARCH	retain-build-only	YVEX_CUDA_ARCH	classified environment owned by Makefile	accepted product topology	low	V010.OPERATOR.COMMAND.CONSOLE.0	preserve authoritative owner; no compatibility executable; focused discovery or behavior guard
env.yvex_cuda_test_filter	YVEX_CUDA_TEST_FILTER	retain-external-evidence	YVEX_CUDA_TEST_FILTER	classified environment owned by test/live harness	accepted product topology	medium	V010.OPERATOR.COMMAND.CONSOLE.0	preserve authoritative owner; no compatibility executable; focused discovery or behavior guard
env.yvex_deepseek_models_root	YVEX_DEEPSEEK_MODELS_ROOT	retain-external-evidence	YVEX_DEEPSEEK_MODELS_ROOT	classified environment owned by test/live harness	accepted product topology	medium	V010.OPERATOR.COMMAND.CONSOLE.0	preserve authoritative owner; no compatibility executable; focused discovery or behavior guard
env.yvex_deepseek_source	YVEX_DEEPSEEK_SOURCE	retain-external-evidence	YVEX_DEEPSEEK_SOURCE	classified environment owned by test/live harness	accepted product topology	medium	V010.OPERATOR.COMMAND.CONSOLE.0	preserve authoritative owner; no compatibility executable; focused discovery or behavior guard
env.yvex_deepseek_source_manifest	YVEX_DEEPSEEK_SOURCE_MANIFEST	retain-external-evidence	YVEX_DEEPSEEK_SOURCE_MANIFEST	classified environment owned by test/live harness	accepted product topology	medium	V010.OPERATOR.COMMAND.CONSOLE.0	preserve authoritative owner; no compatibility executable; focused discovery or behavior guard
env.yvex_ggml_checker	YVEX_GGML_CHECKER	retain-external-evidence	YVEX_GGML_CHECKER	classified environment owned by test/live harness	accepted product topology	medium	V010.OPERATOR.COMMAND.CONSOLE.0	preserve authoritative owner; no compatibility executable; focused discovery or behavior guard
env.yvex_imatrix_path	YVEX_IMATRIX_PATH	retain-external-evidence	YVEX_IMATRIX_PATH	classified environment owned by test/live harness	accepted product topology	medium	V010.OPERATOR.COMMAND.CONSOLE.0	preserve authoritative owner; no compatibility executable; focused discovery or behavior guard
env.yvex_keep_test_output	YVEX_KEEP_TEST_OUTPUT	retain-external-evidence	YVEX_KEEP_TEST_OUTPUT	classified environment owned by test/live harness	accepted product topology	medium	V010.OPERATOR.COMMAND.CONSOLE.0	preserve authoritative owner; no compatibility executable; focused discovery or behavior guard
env.yvex_lib	YVEX_LIB	retain-external-evidence	YVEX_LIB	classified environment owned by test/live harness	accepted product topology	medium	V010.OPERATOR.COMMAND.CONSOLE.0	preserve authoritative owner; no compatibility executable; focused discovery or behavior guard
env.yvex_model_artifact	YVEX_MODEL_ARTIFACT	retain-external-evidence	YVEX_MODEL_ARTIFACT	classified environment owned by test/live harness	accepted product topology	medium	V010.OPERATOR.COMMAND.CONSOLE.0	preserve authoritative owner; no compatibility executable; focused discovery or behavior guard
env.yvex_models_registry	YVEX_MODELS_REGISTRY	retain-normalize	YVEX_MODELS_REGISTRY	classified environment owned by product path/config owner	accepted product topology	medium	V010.OPERATOR.COMMAND.CONSOLE.0	preserve authoritative owner; no compatibility executable; focused discovery or behavior guard
env.yvex_models_root	YVEX_MODELS_ROOT	retain-normalize	YVEX_MODELS_ROOT	classified environment owned by product path/config owner	accepted product topology	medium	V010.OPERATOR.COMMAND.CONSOLE.0	preserve authoritative owner; no compatibility executable; focused discovery or behavior guard
env.yvex_node_bin	YVEX_NODE_BIN	retain-external-evidence	YVEX_NODE_BIN	classified environment owned by test/live harness	accepted product topology	medium	V010.OPERATOR.COMMAND.CONSOLE.0	preserve authoritative owner; no compatibility executable; focused discovery or behavior guard
env.yvex_npm_bin	YVEX_NPM_BIN	retain-external-evidence	YVEX_NPM_BIN	classified environment owned by test/live harness	accepted product topology	medium	V010.OPERATOR.COMMAND.CONSOLE.0	preserve authoritative owner; no compatibility executable; focused discovery or behavior guard
env.yvex_openai_adapter	YVEX_OPENAI_ADAPTER	retain-external-evidence	YVEX_OPENAI_ADAPTER	classified environment owned by test/live harness	accepted product topology	medium	V010.OPERATOR.COMMAND.CONSOLE.0	preserve authoritative owner; no compatibility executable; focused discovery or behavior guard
env.yvex_openai_host	YVEX_OPENAI_HOST	retain-external-evidence	YVEX_OPENAI_HOST	classified environment owned by test/live harness	accepted product topology	medium	V010.OPERATOR.COMMAND.CONSOLE.0	preserve authoritative owner; no compatibility executable; focused discovery or behavior guard
env.yvex_prefill_cpu_only	YVEX_PREFILL_CPU_ONLY	retain-external-evidence	YVEX_PREFILL_CPU_ONLY	classified environment owned by test/live harness	accepted product topology	medium	V010.OPERATOR.COMMAND.CONSOLE.0	preserve authoritative owner; no compatibility executable; focused discovery or behavior guard
env.yvex_quant_ds4_preset	YVEX_QUANT_DS4_PRESET	retain-external-evidence	YVEX_QUANT_DS4_PRESET	classified environment owned by test/live harness	accepted product topology	medium	V010.OPERATOR.COMMAND.CONSOLE.0	preserve authoritative owner; no compatibility executable; focused discovery or behavior guard
env.yvex_quant_preset	YVEX_QUANT_PRESET	retain-external-evidence	YVEX_QUANT_PRESET	classified environment owned by test/live harness	accepted product topology	medium	V010.OPERATOR.COMMAND.CONSOLE.0	preserve authoritative owner; no compatibility executable; focused discovery or behavior guard
env.yvex_reference_objs	YVEX_REFERENCE_OBJS	retain-external-evidence	YVEX_REFERENCE_OBJS	classified environment owned by test/live harness	accepted product topology	medium	V010.OPERATOR.COMMAND.CONSOLE.0	preserve authoritative owner; no compatibility executable; focused discovery or behavior guard
env.yvex_runtime_benchmark_dir	YVEX_RUNTIME_BENCHMARK_DIR	retain-build-only	YVEX_RUNTIME_BENCHMARK_DIR	classified environment owned by Makefile	accepted product topology	low	V010.OPERATOR.COMMAND.CONSOLE.0	preserve authoritative owner; no compatibility executable; focused discovery or behavior guard
env.yvex_runtime_binding	YVEX_RUNTIME_BINDING	retain-external-evidence	YVEX_RUNTIME_BINDING	classified environment owned by test/live harness	accepted product topology	medium	V010.OPERATOR.COMMAND.CONSOLE.0	preserve authoritative owner; no compatibility executable; focused discovery or behavior guard
env.yvex_test_cuda_attention_failure	YVEX_TEST_CUDA_ATTENTION_FAILURE	retain-test-only	YVEX_TEST_CUDA_ATTENTION_FAILURE	classified environment owned by fault-injection owner	accepted product topology	low	V010.OPERATOR.COMMAND.CONSOLE.0	preserve authoritative owner; no compatibility executable; focused discovery or behavior guard
env.yvex_test_cuda_bundle_failure	YVEX_TEST_CUDA_BUNDLE_FAILURE	retain-test-only	YVEX_TEST_CUDA_BUNDLE_FAILURE	classified environment owned by fault-injection owner	accepted product topology	low	V010.OPERATOR.COMMAND.CONSOLE.0	preserve authoritative owner; no compatibility executable; focused discovery or behavior guard
env.yvex_test_cuda_cleanup_failure	YVEX_TEST_CUDA_CLEANUP_FAILURE	retain-test-only	YVEX_TEST_CUDA_CLEANUP_FAILURE	classified environment owned by fault-injection owner	accepted product topology	low	V010.OPERATOR.COMMAND.CONSOLE.0	preserve authoritative owner; no compatibility executable; focused discovery or behavior guard
env.yvex_test_cuda_event_failure	YVEX_TEST_CUDA_EVENT_FAILURE	retain-test-only	YVEX_TEST_CUDA_EVENT_FAILURE	classified environment owned by fault-injection owner	accepted product topology	low	V010.OPERATOR.COMMAND.CONSOLE.0	preserve authoritative owner; no compatibility executable; focused discovery or behavior guard
env.yvex_test_cuda_graph_api	YVEX_TEST_CUDA_GRAPH_API	retain-test-only	YVEX_TEST_CUDA_GRAPH_API	classified environment owned by fault-injection owner	accepted product topology	low	V010.OPERATOR.COMMAND.CONSOLE.0	preserve authoritative owner; no compatibility executable; focused discovery or behavior guard
env.yvex_test_cuda_graph_failure	YVEX_TEST_CUDA_GRAPH_FAILURE	retain-test-only	YVEX_TEST_CUDA_GRAPH_FAILURE	classified environment owned by fault-injection owner	accepted product topology	low	V010.OPERATOR.COMMAND.CONSOLE.0	preserve authoritative owner; no compatibility executable; focused discovery or behavior guard
env.yvex_test_cuda_graph_node_order	YVEX_TEST_CUDA_GRAPH_NODE_ORDER	retain-test-only	YVEX_TEST_CUDA_GRAPH_NODE_ORDER	classified environment owned by fault-injection owner	accepted product topology	low	V010.OPERATOR.COMMAND.CONSOLE.0	preserve authoritative owner; no compatibility executable; focused discovery or behavior guard
env.yvex_test_cuda_host_register_failure	YVEX_TEST_CUDA_HOST_REGISTER_FAILURE	retain-test-only	YVEX_TEST_CUDA_HOST_REGISTER_FAILURE	classified environment owned by fault-injection owner	accepted product topology	low	V010.OPERATOR.COMMAND.CONSOLE.0	preserve authoritative owner; no compatibility executable; focused discovery or behavior guard
env.yvex_test_cuda_managed_alloc_failure	YVEX_TEST_CUDA_MANAGED_ALLOC_FAILURE	retain-test-only	YVEX_TEST_CUDA_MANAGED_ALLOC_FAILURE	classified environment owned by fault-injection owner	accepted product topology	low	V010.OPERATOR.COMMAND.CONSOLE.0	preserve authoritative owner; no compatibility executable; focused discovery or behavior guard
env.yvex_test_cuda_qtype_copy_failure	YVEX_TEST_CUDA_QTYPE_COPY_FAILURE	retain-test-only	YVEX_TEST_CUDA_QTYPE_COPY_FAILURE	classified environment owned by fault-injection owner	accepted product topology	low	V010.OPERATOR.COMMAND.CONSOLE.0	preserve authoritative owner; no compatibility executable; focused discovery or behavior guard
env.yvex_test_fail_materialize_after_alloc	YVEX_TEST_FAIL_MATERIALIZE_AFTER_ALLOC	retain-test-only	YVEX_TEST_FAIL_MATERIALIZE_AFTER_ALLOC	classified environment owned by fault-injection owner	accepted product topology	low	V010.OPERATOR.COMMAND.CONSOLE.0	preserve authoritative owner; no compatibility executable; focused discovery or behavior guard
env.yvex_test_fail_materialize_after_transfer	YVEX_TEST_FAIL_MATERIALIZE_AFTER_TRANSFER	retain-test-only	YVEX_TEST_FAIL_MATERIALIZE_AFTER_TRANSFER	classified environment owned by fault-injection owner	accepted product topology	low	V010.OPERATOR.COMMAND.CONSOLE.0	preserve authoritative owner; no compatibility executable; focused discovery or behavior guard
env.yvex_test_fail_source_publish_after_write	YVEX_TEST_FAIL_SOURCE_PUBLISH_AFTER_WRITE	retain-test-only	YVEX_TEST_FAIL_SOURCE_PUBLISH_AFTER_WRITE	classified environment owned by fault-injection owner	accepted product topology	low	V010.OPERATOR.COMMAND.CONSOLE.0	preserve authoritative owner; no compatibility executable; focused discovery or behavior guard
env.yvex_test_filter	YVEX_TEST_FILTER	retain-test-only	YVEX_TEST_FILTER	classified environment owned by fault-injection owner	accepted product topology	low	V010.OPERATOR.COMMAND.CONSOLE.0	preserve authoritative owner; no compatibility executable; focused discovery or behavior guard
env.yvex_test_materialization_cleanup_failure	YVEX_TEST_MATERIALIZATION_CLEANUP_FAILURE	retain-test-only	YVEX_TEST_MATERIALIZATION_CLEANUP_FAILURE	classified environment owned by fault-injection owner	accepted product topology	low	V010.OPERATOR.COMMAND.CONSOLE.0	preserve authoritative owner; no compatibility executable; focused discovery or behavior guard
env.yvex_test_out_dir	YVEX_TEST_OUT_DIR	retain-test-only	YVEX_TEST_OUT_DIR	classified environment owned by fault-injection owner	accepted product topology	low	V010.OPERATOR.COMMAND.CONSOLE.0	preserve authoritative owner; no compatibility executable; focused discovery or behavior guard
env.yvex_test_runtime_auto_disable_full	YVEX_TEST_RUNTIME_AUTO_DISABLE_FULL	retain-test-only	YVEX_TEST_RUNTIME_AUTO_DISABLE_FULL	classified environment owned by fault-injection owner	accepted product topology	low	V010.OPERATOR.COMMAND.CONSOLE.0	preserve authoritative owner; no compatibility executable; focused discovery or behavior guard
env.yvex_test_runtime_auto_disable_piecewise	YVEX_TEST_RUNTIME_AUTO_DISABLE_PIECEWISE	retain-test-only	YVEX_TEST_RUNTIME_AUTO_DISABLE_PIECEWISE	classified environment owned by fault-injection owner	accepted product topology	low	V010.OPERATOR.COMMAND.CONSOLE.0	preserve authoritative owner; no compatibility executable; focused discovery or behavior guard
env.yvex_test_runtime_binding_validate_failure	YVEX_TEST_RUNTIME_BINDING_VALIDATE_FAILURE	retain-test-only	YVEX_TEST_RUNTIME_BINDING_VALIDATE_FAILURE	classified environment owned by fault-injection owner	accepted product topology	low	V010.OPERATOR.COMMAND.CONSOLE.0	preserve authoritative owner; no compatibility executable; focused discovery or behavior guard
env.yvex_test_runtime_model_cleanup_failure	YVEX_TEST_RUNTIME_MODEL_CLEANUP_FAILURE	retain-test-only	YVEX_TEST_RUNTIME_MODEL_CLEANUP_FAILURE	classified environment owned by fault-injection owner	accepted product topology	low	V010.OPERATOR.COMMAND.CONSOLE.0	preserve authoritative owner; no compatibility executable; focused discovery or behavior guard
env.yvex_test_runtime_model_drift	YVEX_TEST_RUNTIME_MODEL_DRIFT	retain-test-only	YVEX_TEST_RUNTIME_MODEL_DRIFT	classified environment owned by fault-injection owner	accepted product topology	low	V010.OPERATOR.COMMAND.CONSOLE.0	preserve authoritative owner; no compatibility executable; focused discovery or behavior guard
env.yvex_test_runtime_phase_cleanup_failure	YVEX_TEST_RUNTIME_PHASE_CLEANUP_FAILURE	retain-test-only	YVEX_TEST_RUNTIME_PHASE_CLEANUP_FAILURE	classified environment owned by fault-injection owner	accepted product topology	low	V010.OPERATOR.COMMAND.CONSOLE.0	preserve authoritative owner; no compatibility executable; focused discovery or behavior guard
env.yvex_test_runtime_prefill_fail_layer	YVEX_TEST_RUNTIME_PREFILL_FAIL_LAYER	retain-test-only	YVEX_TEST_RUNTIME_PREFILL_FAIL_LAYER	classified environment owned by fault-injection owner	accepted product topology	low	V010.OPERATOR.COMMAND.CONSOLE.0	preserve authoritative owner; no compatibility executable; focused discovery or behavior guard
env.yvex_test_runtime_residency_invalidate_failure	YVEX_TEST_RUNTIME_RESIDENCY_INVALIDATE_FAILURE	retain-test-only	YVEX_TEST_RUNTIME_RESIDENCY_INVALIDATE_FAILURE	classified environment owned by fault-injection owner	accepted product topology	low	V010.OPERATOR.COMMAND.CONSOLE.0	preserve authoritative owner; no compatibility executable; focused discovery or behavior guard
env.yvex_test_runtime_session_cleanup_failure	YVEX_TEST_RUNTIME_SESSION_CLEANUP_FAILURE	retain-test-only	YVEX_TEST_RUNTIME_SESSION_CLEANUP_FAILURE	classified environment owned by fault-injection owner	accepted product topology	low	V010.OPERATOR.COMMAND.CONSOLE.0	preserve authoritative owner; no compatibility executable; focused discovery or behavior guard
env.yvex_test_runtime_session_counter_overflow	YVEX_TEST_RUNTIME_SESSION_COUNTER_OVERFLOW	retain-test-only	YVEX_TEST_RUNTIME_SESSION_COUNTER_OVERFLOW	classified environment owned by fault-injection owner	accepted product topology	low	V010.OPERATOR.COMMAND.CONSOLE.0	preserve authoritative owner; no compatibility executable; focused discovery or behavior guard
env.yvex_test_runtime_session_open_failure	YVEX_TEST_RUNTIME_SESSION_OPEN_FAILURE	retain-test-only	YVEX_TEST_RUNTIME_SESSION_OPEN_FAILURE	classified environment owned by fault-injection owner	accepted product topology	low	V010.OPERATOR.COMMAND.CONSOLE.0	preserve authoritative owner; no compatibility executable; focused discovery or behavior guard
env.yvex_test_runtime_session_unreserve_failure	YVEX_TEST_RUNTIME_SESSION_UNRESERVE_FAILURE	retain-test-only	YVEX_TEST_RUNTIME_SESSION_UNRESERVE_FAILURE	classified environment owned by fault-injection owner	accepted product topology	low	V010.OPERATOR.COMMAND.CONSOLE.0	preserve authoritative owner; no compatibility executable; focused discovery or behavior guard
env.yvex_test_runtime_state_abort_failure	YVEX_TEST_RUNTIME_STATE_ABORT_FAILURE	retain-test-only	YVEX_TEST_RUNTIME_STATE_ABORT_FAILURE	classified environment owned by fault-injection owner	accepted product topology	low	V010.OPERATOR.COMMAND.CONSOLE.0	preserve authoritative owner; no compatibility executable; focused discovery or behavior guard
env.yvex_test_runtime_state_invalidate_failure	YVEX_TEST_RUNTIME_STATE_INVALIDATE_FAILURE	retain-test-only	YVEX_TEST_RUNTIME_STATE_INVALIDATE_FAILURE	classified environment owned by fault-injection owner	accepted product topology	low	V010.OPERATOR.COMMAND.CONSOLE.0	preserve authoritative owner; no compatibility executable; focused discovery or behavior guard
env.yvex_test_runtime_state_publish_failure	YVEX_TEST_RUNTIME_STATE_PUBLISH_FAILURE	retain-test-only	YVEX_TEST_RUNTIME_STATE_PUBLISH_FAILURE	classified environment owned by fault-injection owner	accepted product topology	low	V010.OPERATOR.COMMAND.CONSOLE.0	preserve authoritative owner; no compatibility executable; focused discovery or behavior guard
env.yvex_test_runtime_warm_host_allocation	YVEX_TEST_RUNTIME_WARM_HOST_ALLOCATION	retain-test-only	YVEX_TEST_RUNTIME_WARM_HOST_ALLOCATION	classified environment owned by fault-injection owner	accepted product topology	low	V010.OPERATOR.COMMAND.CONSOLE.0	preserve authoritative owner; no compatibility executable; focused discovery or behavior guard
env.yvex_test_runtime_workspace_failure	YVEX_TEST_RUNTIME_WORKSPACE_FAILURE	retain-test-only	YVEX_TEST_RUNTIME_WORKSPACE_FAILURE	classified environment owned by fault-injection owner	accepted product topology	low	V010.OPERATOR.COMMAND.CONSOLE.0	preserve authoritative owner; no compatibility executable; focused discovery or behavior guard
env.yvex_tokenizer_reference_python	YVEX_TOKENIZER_REFERENCE_PYTHON	retain-build-only	YVEX_TOKENIZER_REFERENCE_PYTHON	classified environment owned by Makefile	accepted product topology	low	V010.OPERATOR.COMMAND.CONSOLE.0	preserve authoritative owner; no compatibility executable; focused discovery or behavior guard
env.yvex_variant_artifact	YVEX_VARIANT_ARTIFACT	retain-build-only	YVEX_VARIANT_ARTIFACT	classified environment owned by Makefile	accepted product topology	low	V010.OPERATOR.COMMAND.CONSOLE.0	preserve authoritative owner; no compatibility executable; focused discovery or behavior guard
env.yvex_variant_binding_dir	YVEX_VARIANT_BINDING_DIR	retain-build-only	YVEX_VARIANT_BINDING_DIR	classified environment owned by Makefile	accepted product topology	low	V010.OPERATOR.COMMAND.CONSOLE.0	preserve authoritative owner; no compatibility executable; focused discovery or behavior guard
env.yvexd_bin	YVEXD_BIN	retain-build-only	YVEXD_BIN	classified environment owned by Makefile	accepted product topology	low	V010.OPERATOR.COMMAND.CONSOLE.0	preserve authoritative owner; no compatibility executable; focused discovery or behavior guard
external.provider.gh_cli	gh release download argv constructed by evidence models download	retain-adapter-not-yvex-flags	gh release download argv constructed by evidence models download	external child CLI projection; discovered GitHub CLI contract	V010.OPERATOR.COMMAND.CONSOLE.0	low	V010.OPERATOR.COMMAND.CONSOLE.0	no production consumer or one explicit adapter authority; source/help/dispatch freshness guard
external.provider.hf_cli	hf download argv constructed by evidence models download	retain-adapter-not-yvex-flags	hf download argv constructed by evidence models download	external child CLI projection; pinned/discovered Hugging Face CLI contract	V010.OPERATOR.COMMAND.CONSOLE.0	low	V010.OPERATOR.COMMAND.CONSOLE.0	no production consumer or one explicit adapter authority; source/help/dispatch freshness guard
make.all	make all	retain	make all	classified Make target owned by Makefile	project-control and CI ownership	medium	V010.OPERATOR.COMMAND.CONSOLE.0	preserve authoritative owner; no compatibility executable; focused discovery or behavior guard
make.check	make check	retain	make check	classified Make target owned by Makefile	project-control and CI ownership	low	V010.OPERATOR.COMMAND.CONSOLE.0	preserve authoritative owner; no compatibility executable; focused discovery or behavior guard
make.check_cuda	make check-cuda	retain	make check-cuda	classified Make target owned by Makefile	project-control and CI ownership	low	V010.OPERATOR.COMMAND.CONSOLE.0	preserve authoritative owner; no compatibility executable; focused discovery or behavior guard
make.check_docs	make check-docs	retain	make check-docs	classified Make target owned by Makefile	project-control and CI ownership	low	V010.OPERATOR.COMMAND.CONSOLE.0	preserve authoritative owner; no compatibility executable; focused discovery or behavior guard
make.check_guardrails	make check-guardrails	retain	make check-guardrails	classified Make target owned by Makefile	project-control and CI ownership	low	V010.OPERATOR.COMMAND.CONSOLE.0	preserve authoritative owner; no compatibility executable; focused discovery or behavior guard
make.clean	make clean	retain	make clean	classified Make target owned by Makefile	project-control and CI ownership	low	V010.OPERATOR.COMMAND.CONSOLE.0	preserve authoritative owner; no compatibility executable; focused discovery or behavior guard
make.cli	make cli	retain	make cli	classified Make target owned by Makefile	project-control and CI ownership	medium	V010.OPERATOR.COMMAND.CONSOLE.0	preserve authoritative owner; no compatibility executable; focused discovery or behavior guard
make.client	make client	retain	make client	classified Make target owned by Makefile	project-control and CI ownership	medium	V010.OPERATOR.COMMAND.CONSOLE.0	preserve authoritative owner; no compatibility executable; focused discovery or behavior guard
make.cuda	make cuda	retain	make cuda	classified Make target owned by Makefile	project-control and CI ownership	medium	V010.OPERATOR.COMMAND.CONSOLE.0	preserve authoritative owner; no compatibility executable; focused discovery or behavior guard
make.cuda_info	make cuda-info	retain	make cuda-info	classified Make target owned by Makefile	project-control and CI ownership	medium	V010.OPERATOR.COMMAND.CONSOLE.0	preserve authoritative owner; no compatibility executable; focused discovery or behavior guard
make.cuda_kernels	make cuda-kernels	retain	make cuda-kernels	classified Make target owned by Makefile	project-control and CI ownership	medium	V010.OPERATOR.COMMAND.CONSOLE.0	preserve authoritative owner; no compatibility executable; focused discovery or behavior guard
make.daemon	make daemon	retain	make daemon	classified Make target owned by Makefile	project-control and CI ownership	medium	V010.OPERATOR.COMMAND.CONSOLE.0	preserve authoritative owner; no compatibility executable; focused discovery or behavior guard
make.info	make info	retain	make info	classified Make target owned by Makefile	project-control and CI ownership	low	V010.OPERATOR.COMMAND.CONSOLE.0	preserve authoritative owner; no compatibility executable; focused discovery or behavior guard
make.lib	make lib	retain	make lib	classified Make target owned by Makefile	project-control and CI ownership	medium	V010.OPERATOR.COMMAND.CONSOLE.0	preserve authoritative owner; no compatibility executable; focused discovery or behavior guard
make.package	make package	retain	make package	classified Make target owned by Makefile	project-control and CI ownership	medium	V010.OPERATOR.COMMAND.CONSOLE.0	preserve authoritative owner; no compatibility executable; focused discovery or behavior guard
make.server	make server	retain	make server	classified Make target owned by Makefile	project-control and CI ownership	medium	V010.OPERATOR.COMMAND.CONSOLE.0	preserve authoritative owner; no compatibility executable; focused discovery or behavior guard
make.smoke	make smoke	retain	make smoke	classified Make target owned by Makefile	project-control and CI ownership	low	V010.OPERATOR.COMMAND.CONSOLE.0	preserve authoritative owner; no compatibility executable; focused discovery or behavior guard
make.smoke_cuda	make smoke-cuda	retain	make smoke-cuda	classified Make target owned by Makefile	project-control and CI ownership	low	V010.OPERATOR.COMMAND.CONSOLE.0	preserve authoritative owner; no compatibility executable; focused discovery or behavior guard
make.test	make test	retain	make test	classified Make target owned by Makefile	project-control and CI ownership	low	V010.OPERATOR.COMMAND.CONSOLE.0	preserve authoritative owner; no compatibility executable; focused discovery or behavior guard
make.test_architecture_boundaries	make test-architecture-boundaries	retain	make test-architecture-boundaries	classified Make target owned by Makefile	project-control and CI ownership	low	V010.OPERATOR.COMMAND.CONSOLE.0	preserve authoritative owner; no compatibility executable; focused discovery or behavior guard
make.test_artifact_emit_deepseek_variant_live	make test-artifact-emit-deepseek-variant-live	retain	make test-artifact-emit-deepseek-variant-live	classified Make target owned by Makefile	project-control and CI ownership	low	V010.OPERATOR.COMMAND.CONSOLE.0	preserve authoritative owner; no compatibility executable; focused discovery or behavior guard
make.test_artifact_live	make test-artifact-live	retain	make test-artifact-live	classified Make target owned by Makefile	project-control and CI ownership	low	V010.OPERATOR.COMMAND.CONSOLE.0	preserve authoritative owner; no compatibility executable; focused discovery or behavior guard
make.test_artifact_live_plan	make test-artifact-live-plan	retain	make test-artifact-live-plan	classified Make target owned by Makefile	project-control and CI ownership	low	V010.OPERATOR.COMMAND.CONSOLE.0	preserve authoritative owner; no compatibility executable; focused discovery or behavior guard
make.test_artifact_live_structure	make test-artifact-live-structure	retain	make test-artifact-live-structure	classified Make target owned by Makefile	project-control and CI ownership	low	V010.OPERATOR.COMMAND.CONSOLE.0	preserve authoritative owner; no compatibility executable; focused discovery or behavior guard
make.test_artifact_writer	make test-artifact-writer	retain	make test-artifact-writer	classified Make target owned by Makefile	project-control and CI ownership	low	V010.OPERATOR.COMMAND.CONSOLE.0	preserve authoritative owner; no compatibility executable; focused discovery or behavior guard
make.test_artifact_writer_fault	make test-artifact-writer-fault	retain	make test-artifact-writer-fault	classified Make target owned by Makefile	project-control and CI ownership	low	V010.OPERATOR.COMMAND.CONSOLE.0	preserve authoritative owner; no compatibility executable; focused discovery or behavior guard
make.test_attention	make test-attention	retain	make test-attention	classified Make target owned by Makefile	project-control and CI ownership	low	V010.OPERATOR.COMMAND.CONSOLE.0	preserve authoritative owner; no compatibility executable; focused discovery or behavior guard
make.test_attention_cli_live	make test-attention-cli-live	retain	make test-attention-cli-live	classified Make target owned by Makefile	project-control and CI ownership	low	V010.OPERATOR.COMMAND.CONSOLE.0	preserve authoritative owner; no compatibility executable; focused discovery or behavior guard
make.test_attention_cuda	make test-attention-cuda	retain	make test-attention-cuda	classified Make target owned by Makefile	project-control and CI ownership	low	V010.OPERATOR.COMMAND.CONSOLE.0	preserve authoritative owner; no compatibility executable; focused discovery or behavior guard
make.test_attention_fixture_isolation	make test-attention-fixture-isolation	retain	make test-attention-fixture-isolation	classified Make target owned by Makefile	project-control and CI ownership	low	V010.OPERATOR.COMMAND.CONSOLE.0	preserve authoritative owner; no compatibility executable; focused discovery or behavior guard
make.test_attention_live	make test-attention-live	retain	make test-attention-live	classified Make target owned by Makefile	project-control and CI ownership	low	V010.OPERATOR.COMMAND.CONSOLE.0	preserve authoritative owner; no compatibility executable; focused discovery or behavior guard
make.test_attention_live_plan	make test-attention-live-plan	retain	make test-attention-live-plan	classified Make target owned by Makefile	project-control and CI ownership	low	V010.OPERATOR.COMMAND.CONSOLE.0	preserve authoritative owner; no compatibility executable; focused discovery or behavior guard
make.test_cli	make test-cli	retain	make test-cli	classified Make target owned by Makefile	project-control and CI ownership	low	V010.OPERATOR.COMMAND.CONSOLE.0	preserve authoritative owner; no compatibility executable; focused discovery or behavior guard
make.test_cli_cutover	make test-cli-cutover	retain	make test-cli-cutover	classified Make target owned by Makefile	project-control and CI ownership	low	V010.OPERATOR.COMMAND.CONSOLE.0	preserve authoritative owner; no compatibility executable; focused discovery or behavior guard
make.test_client	make test-client	retain	make test-client	classified Make target owned by Makefile	project-control and CI ownership	low	V010.OPERATOR.COMMAND.CONSOLE.0	preserve authoritative owner; no compatibility executable; focused discovery or behavior guard
make.test_code_natural	make test-code-natural	retain	make test-code-natural	classified Make target owned by Makefile	project-control and CI ownership	low	V010.OPERATOR.COMMAND.CONSOLE.0	preserve authoritative owner; no compatibility executable; focused discovery or behavior guard
make.test_core	make test-core	retain	make test-core	classified Make target owned by Makefile	project-control and CI ownership	low	V010.OPERATOR.COMMAND.CONSOLE.0	preserve authoritative owner; no compatibility executable; focused discovery or behavior guard
make.test_cuda	make test-cuda	retain	make test-cuda	classified Make target owned by Makefile	project-control and CI ownership	low	V010.OPERATOR.COMMAND.CONSOLE.0	preserve authoritative owner; no compatibility executable; focused discovery or behavior guard
make.test_cuda_graph	make test-cuda-graph	retain	make test-cuda-graph	classified Make target owned by Makefile	project-control and CI ownership	low	V010.OPERATOR.COMMAND.CONSOLE.0	preserve authoritative owner; no compatibility executable; focused discovery or behavior guard
make.test_cuda_no_nvcc	make test-cuda-no-nvcc	retain	make test-cuda-no-nvcc	classified Make target owned by Makefile	project-control and CI ownership	low	V010.OPERATOR.COMMAND.CONSOLE.0	preserve authoritative owner; no compatibility executable; focused discovery or behavior guard
make.test_docs_surface	make test-docs-surface	retain	make test-docs-surface	classified Make target owned by Makefile	project-control and CI ownership	low	V010.OPERATOR.COMMAND.CONSOLE.0	preserve authoritative owner; no compatibility executable; focused discovery or behavior guard
make.test_gguf_artifact_abi	make test-gguf-artifact-abi	retain	make test-gguf-artifact-abi	classified Make target owned by Makefile	project-control and CI ownership	low	V010.OPERATOR.COMMAND.CONSOLE.0	preserve authoritative owner; no compatibility executable; focused discovery or behavior guard
make.test_gguf_layout_integrity	make test-gguf-layout-integrity	retain	make test-gguf-layout-integrity	classified Make target owned by Makefile	project-control and CI ownership	low	V010.OPERATOR.COMMAND.CONSOLE.0	preserve authoritative owner; no compatibility executable; focused discovery or behavior guard
make.test_gguf_qtype_abi	make test-gguf-qtype-abi	retain	make test-gguf-qtype-abi	classified Make target owned by Makefile	project-control and CI ownership	low	V010.OPERATOR.COMMAND.CONSOLE.0	preserve authoritative owner; no compatibility executable; focused discovery or behavior guard
make.test_layout	make test-layout	retain	make test-layout	classified Make target owned by Makefile	project-control and CI ownership	low	V010.OPERATOR.COMMAND.CONSOLE.0	preserve authoritative owner; no compatibility executable; focused discovery or behavior guard
make.test_materialize	make test-materialize	retain	make test-materialize	classified Make target owned by Makefile	project-control and CI ownership	low	V010.OPERATOR.COMMAND.CONSOLE.0	preserve authoritative owner; no compatibility executable; focused discovery or behavior guard
make.test_materialize_deepseek_variant_live	make test-materialize-deepseek-variant-live	retain	make test-materialize-deepseek-variant-live	classified Make target owned by Makefile	project-control and CI ownership	low	V010.OPERATOR.COMMAND.CONSOLE.0	preserve authoritative owner; no compatibility executable; focused discovery or behavior guard
make.test_materialize_live	make test-materialize-live	retain	make test-materialize-live	classified Make target owned by Makefile	project-control and CI ownership	low	V010.OPERATOR.COMMAND.CONSOLE.0	preserve authoritative owner; no compatibility executable; focused discovery or behavior guard
make.test_materialize_live_plan	make test-materialize-live-plan	retain	make test-materialize-live-plan	classified Make target owned by Makefile	project-control and CI ownership	low	V010.OPERATOR.COMMAND.CONSOLE.0	preserve authoritative owner; no compatibility executable; focused discovery or behavior guard
make.test_openai	make test-openai	retain	make test-openai	classified Make target owned by Makefile	project-control and CI ownership	low	V010.OPERATOR.COMMAND.CONSOLE.0	preserve authoritative owner; no compatibility executable; focused discovery or behavior guard
make.test_openai_agent	make test-openai-agent	retain	make test-openai-agent	classified Make target owned by Makefile	project-control and CI ownership	low	V010.OPERATOR.COMMAND.CONSOLE.0	preserve authoritative owner; no compatibility executable; focused discovery or behavior guard
make.test_openai_bet_tennis	make test-openai-bet-tennis	retain	make test-openai-bet-tennis	classified Make target owned by Makefile	project-control and CI ownership	low	V010.OPERATOR.COMMAND.CONSOLE.0	preserve authoritative owner; no compatibility executable; focused discovery or behavior guard
make.test_openai_live	make test-openai-live	retain	make test-openai-live	classified Make target owned by Makefile	project-control and CI ownership	low	V010.OPERATOR.COMMAND.CONSOLE.0	preserve authoritative owner; no compatibility executable; focused discovery or behavior guard
make.test_openai_sdk	make test-openai-sdk	retain	make test-openai-sdk	classified Make target owned by Makefile	project-control and CI ownership	low	V010.OPERATOR.COMMAND.CONSOLE.0	preserve authoritative owner; no compatibility executable; focused discovery or behavior guard
make.test_packaging	make test-packaging	retain	make test-packaging	classified Make target owned by Makefile	project-control and CI ownership	low	V010.OPERATOR.COMMAND.CONSOLE.0	preserve authoritative owner; no compatibility executable; focused discovery or behavior guard
make.test_physical_variant_plan_deepseek_live	make test-physical-variant-plan-deepseek-live	retain	make test-physical-variant-plan-deepseek-live	classified Make target owned by Makefile	project-control and CI ownership	low	V010.OPERATOR.COMMAND.CONSOLE.0	preserve authoritative owner; no compatibility executable; focused discovery or behavior guard
make.test_product_topology	make test-product-topology	retain	make test-product-topology	classified Make target owned by Makefile	project-control and CI ownership	low	V010.OPERATOR.COMMAND.CONSOLE.0	preserve authoritative owner; no compatibility executable; focused discovery or behavior guard
make.test_project_ledger	make test-project-ledger	retain	make test-project-ledger	classified Make target owned by Makefile	project-control and CI ownership	low	V010.OPERATOR.COMMAND.CONSOLE.0	preserve authoritative owner; no compatibility executable; focused discovery or behavior guard
make.test_protocol	make test-protocol	retain	make test-protocol	classified Make target owned by Makefile	project-control and CI ownership	low	V010.OPERATOR.COMMAND.CONSOLE.0	preserve authoritative owner; no compatibility executable; focused discovery or behavior guard
make.test_quant	make test-quant	retain	make test-quant	classified Make target owned by Makefile	project-control and CI ownership	low	V010.OPERATOR.COMMAND.CONSOLE.0	preserve authoritative owner; no compatibility executable; focused discovery or behavior guard
make.test_quant_asan	make test-quant-asan	retain	make test-quant-asan	classified Make target owned by Makefile	project-control and CI ownership	low	V010.OPERATOR.COMMAND.CONSOLE.0	preserve authoritative owner; no compatibility executable; focused discovery or behavior guard
make.test_quant_iq2_xxs_deepseek_live	make test-quant-iq2-xxs-deepseek-live	retain	make test-quant-iq2-xxs-deepseek-live	classified Make target owned by Makefile	project-control and CI ownership	low	V010.OPERATOR.COMMAND.CONSOLE.0	preserve authoritative owner; no compatibility executable; focused discovery or behavior guard
make.test_quant_live	make test-quant-live	retain	make test-quant-live	classified Make target owned by Makefile	project-control and CI ownership	low	V010.OPERATOR.COMMAND.CONSOLE.0	preserve authoritative owner; no compatibility executable; focused discovery or behavior guard
make.test_quant_live_plan	make test-quant-live-plan	retain	make test-quant-live-plan	classified Make target owned by Makefile	project-control and CI ownership	low	V010.OPERATOR.COMMAND.CONSOLE.0	preserve authoritative owner; no compatibility executable; focused discovery or behavior guard
make.test_quant_sanitizers	make test-quant-sanitizers	retain	make test-quant-sanitizers	classified Make target owned by Makefile	project-control and CI ownership	low	V010.OPERATOR.COMMAND.CONSOLE.0	preserve authoritative owner; no compatibility executable; focused discovery or behavior guard
make.test_quant_ubsan	make test-quant-ubsan	retain	make test-quant-ubsan	classified Make target owned by Makefile	project-control and CI ownership	low	V010.OPERATOR.COMMAND.CONSOLE.0	preserve authoritative owner; no compatibility executable; focused discovery or behavior guard
make.test_repl	make test-repl	retain	make test-repl	classified Make target owned by Makefile	project-control and CI ownership	low	V010.OPERATOR.COMMAND.CONSOLE.0	preserve authoritative owner; no compatibility executable; focused discovery or behavior guard
make.test_repository_layout	make test-repository-layout	retain	make test-repository-layout	classified Make target owned by Makefile	project-control and CI ownership	low	V010.OPERATOR.COMMAND.CONSOLE.0	preserve authoritative owner; no compatibility executable; focused discovery or behavior guard
make.test_runtime	make test-runtime	retain	make test-runtime	classified Make target owned by Makefile	project-control and CI ownership	low	V010.OPERATOR.COMMAND.CONSOLE.0	preserve authoritative owner; no compatibility executable; focused discovery or behavior guard
make.test_runtime_asan	make test-runtime-asan	retain	make test-runtime-asan	classified Make target owned by Makefile	project-control and CI ownership	low	V010.OPERATOR.COMMAND.CONSOLE.0	preserve authoritative owner; no compatibility executable; focused discovery or behavior guard
make.test_runtime_asan_live	make test-runtime-asan-live	retain	make test-runtime-asan-live	classified Make target owned by Makefile	project-control and CI ownership	low	V010.OPERATOR.COMMAND.CONSOLE.0	preserve authoritative owner; no compatibility executable; focused discovery or behavior guard
make.test_runtime_attention_live	make test-runtime-attention-live	retain	make test-runtime-attention-live	classified Make target owned by Makefile	project-control and CI ownership	low	V010.OPERATOR.COMMAND.CONSOLE.0	preserve authoritative owner; no compatibility executable; focused discovery or behavior guard
make.test_runtime_benchmark	make test-runtime-benchmark	retain	make test-runtime-benchmark	classified Make target owned by Makefile	project-control and CI ownership	low	V010.OPERATOR.COMMAND.CONSOLE.0	preserve authoritative owner; no compatibility executable; focused discovery or behavior guard
make.test_runtime_benchmark_chart	make test-runtime-benchmark-chart	retain	make test-runtime-benchmark-chart	classified Make target owned by Makefile	project-control and CI ownership	low	V010.OPERATOR.COMMAND.CONSOLE.0	preserve authoritative owner; no compatibility executable; focused discovery or behavior guard
make.test_runtime_benchmark_chart_live	make test-runtime-benchmark-chart-live	retain	make test-runtime-benchmark-chart-live	classified Make target owned by Makefile	project-control and CI ownership	low	V010.OPERATOR.COMMAND.CONSOLE.0	preserve authoritative owner; no compatibility executable; focused discovery or behavior guard
make.test_runtime_binding	make test-runtime-binding	retain	make test-runtime-binding	classified Make target owned by Makefile	project-control and CI ownership	low	V010.OPERATOR.COMMAND.CONSOLE.0	preserve authoritative owner; no compatibility executable; focused discovery or behavior guard
make.test_runtime_client_refoundation_live	make test-runtime-client-refoundation-live	retain	make test-runtime-client-refoundation-live	classified Make target owned by Makefile	project-control and CI ownership	low	V010.OPERATOR.COMMAND.CONSOLE.0	preserve authoritative owner; no compatibility executable; focused discovery or behavior guard
make.test_runtime_decode	make test-runtime-decode	retain	make test-runtime-decode	classified Make target owned by Makefile	project-control and CI ownership	low	V010.OPERATOR.COMMAND.CONSOLE.0	preserve authoritative owner; no compatibility executable; focused discovery or behavior guard
make.test_runtime_deepseek_decode_live	make test-runtime-deepseek-decode-live	retain	make test-runtime-deepseek-decode-live	classified Make target owned by Makefile	project-control and CI ownership	low	V010.OPERATOR.COMMAND.CONSOLE.0	preserve authoritative owner; no compatibility executable; focused discovery or behavior guard
make.test_runtime_deepseek_generation_live	make test-runtime-deepseek-generation-live	retain	make test-runtime-deepseek-generation-live	classified Make target owned by Makefile	project-control and CI ownership	low	V010.OPERATOR.COMMAND.CONSOLE.0	preserve authoritative owner; no compatibility executable; focused discovery or behavior guard
make.test_runtime_deepseek_kv_live	make test-runtime-deepseek-kv-live	retain	make test-runtime-deepseek-kv-live	classified Make target owned by Makefile	project-control and CI ownership	low	V010.OPERATOR.COMMAND.CONSOLE.0	preserve authoritative owner; no compatibility executable; focused discovery or behavior guard
make.test_runtime_deepseek_logits_live	make test-runtime-deepseek-logits-live	retain	make test-runtime-deepseek-logits-live	classified Make target owned by Makefile	project-control and CI ownership	low	V010.OPERATOR.COMMAND.CONSOLE.0	preserve authoritative owner; no compatibility executable; focused discovery or behavior guard
make.test_runtime_deepseek_moe_live	make test-runtime-deepseek-moe-live	retain	make test-runtime-deepseek-moe-live	classified Make target owned by Makefile	project-control and CI ownership	low	V010.OPERATOR.COMMAND.CONSOLE.0	preserve authoritative owner; no compatibility executable; focused discovery or behavior guard
make.test_runtime_deepseek_prefill_live	make test-runtime-deepseek-prefill-live	retain	make test-runtime-deepseek-prefill-live	classified Make target owned by Makefile	project-control and CI ownership	low	V010.OPERATOR.COMMAND.CONSOLE.0	preserve authoritative owner; no compatibility executable; focused discovery or behavior guard
make.test_runtime_deepseek_sampling_live	make test-runtime-deepseek-sampling-live	retain	make test-runtime-deepseek-sampling-live	classified Make target owned by Makefile	project-control and CI ownership	low	V010.OPERATOR.COMMAND.CONSOLE.0	preserve authoritative owner; no compatibility executable; focused discovery or behavior guard
make.test_runtime_deepseek_tokenizer_live	make test-runtime-deepseek-tokenizer-live	retain	make test-runtime-deepseek-tokenizer-live	classified Make target owned by Makefile	project-control and CI ownership	low	V010.OPERATOR.COMMAND.CONSOLE.0	preserve authoritative owner; no compatibility executable; focused discovery or behavior guard
make.test_runtime_deepseek_transformer_live	make test-runtime-deepseek-transformer-live	retain	make test-runtime-deepseek-transformer-live	classified Make target owned by Makefile	project-control and CI ownership	low	V010.OPERATOR.COMMAND.CONSOLE.0	preserve authoritative owner; no compatibility executable; focused discovery or behavior guard
make.test_runtime_deepseek_variant_generation_live	make test-runtime-deepseek-variant-generation-live	retain	make test-runtime-deepseek-variant-generation-live	classified Make target owned by Makefile	project-control and CI ownership	low	V010.OPERATOR.COMMAND.CONSOLE.0	preserve authoritative owner; no compatibility executable; focused discovery or behavior guard
make.test_runtime_descriptor	make test-runtime-descriptor	retain	make test-runtime-descriptor	classified Make target owned by Makefile	project-control and CI ownership	low	V010.OPERATOR.COMMAND.CONSOLE.0	preserve authoritative owner; no compatibility executable; focused discovery or behavior guard
make.test_runtime_digests	make test-runtime-digests	retain	make test-runtime-digests	classified Make target owned by Makefile	project-control and CI ownership	low	V010.OPERATOR.COMMAND.CONSOLE.0	preserve authoritative owner; no compatibility executable; focused discovery or behavior guard
make.test_runtime_envelope	make test-runtime-envelope	retain	make test-runtime-envelope	classified Make target owned by Makefile	project-control and CI ownership	low	V010.OPERATOR.COMMAND.CONSOLE.0	preserve authoritative owner; no compatibility executable; focused discovery or behavior guard
make.test_runtime_family_neutrality	make test-runtime-family-neutrality	retain	make test-runtime-family-neutrality	classified Make target owned by Makefile	project-control and CI ownership	low	V010.OPERATOR.COMMAND.CONSOLE.0	preserve authoritative owner; no compatibility executable; focused discovery or behavior guard
make.test_runtime_generation	make test-runtime-generation	retain	make test-runtime-generation	classified Make target owned by Makefile	project-control and CI ownership	low	V010.OPERATOR.COMMAND.CONSOLE.0	preserve authoritative owner; no compatibility executable; focused discovery or behavior guard
make.test_runtime_host	make test-runtime-host	retain	make test-runtime-host	classified Make target owned by Makefile	project-control and CI ownership	low	V010.OPERATOR.COMMAND.CONSOLE.0	preserve authoritative owner; no compatibility executable; focused discovery or behavior guard
make.test_runtime_logits	make test-runtime-logits	retain	make test-runtime-logits	classified Make target owned by Makefile	project-control and CI ownership	low	V010.OPERATOR.COMMAND.CONSOLE.0	preserve authoritative owner; no compatibility executable; focused discovery or behavior guard
make.test_runtime_model_session	make test-runtime-model-session	retain	make test-runtime-model-session	classified Make target owned by Makefile	project-control and CI ownership	low	V010.OPERATOR.COMMAND.CONSOLE.0	preserve authoritative owner; no compatibility executable; focused discovery or behavior guard
make.test_runtime_moe	make test-runtime-moe	retain	make test-runtime-moe	classified Make target owned by Makefile	project-control and CI ownership	low	V010.OPERATOR.COMMAND.CONSOLE.0	preserve authoritative owner; no compatibility executable; focused discovery or behavior guard
make.test_runtime_operator	make test-runtime-operator	retain	make test-runtime-operator	classified Make target owned by Makefile	project-control and CI ownership	low	V010.OPERATOR.COMMAND.CONSOLE.0	preserve authoritative owner; no compatibility executable; focused discovery or behavior guard
make.test_runtime_phases	make test-runtime-phases	retain	make test-runtime-phases	classified Make target owned by Makefile	project-control and CI ownership	low	V010.OPERATOR.COMMAND.CONSOLE.0	preserve authoritative owner; no compatibility executable; focused discovery or behavior guard
make.test_runtime_prefill	make test-runtime-prefill	retain	make test-runtime-prefill	classified Make target owned by Makefile	project-control and CI ownership	low	V010.OPERATOR.COMMAND.CONSOLE.0	preserve authoritative owner; no compatibility executable; focused discovery or behavior guard
make.test_runtime_profile	make test-runtime-profile	retain	make test-runtime-profile	classified Make target owned by Makefile	project-control and CI ownership	low	V010.OPERATOR.COMMAND.CONSOLE.0	preserve authoritative owner; no compatibility executable; focused discovery or behavior guard
make.test_runtime_residency	make test-runtime-residency	retain	make test-runtime-residency	classified Make target owned by Makefile	project-control and CI ownership	low	V010.OPERATOR.COMMAND.CONSOLE.0	preserve authoritative owner; no compatibility executable; focused discovery or behavior guard
make.test_runtime_sampling	make test-runtime-sampling	retain	make test-runtime-sampling	classified Make target owned by Makefile	project-control and CI ownership	low	V010.OPERATOR.COMMAND.CONSOLE.0	preserve authoritative owner; no compatibility executable; focused discovery or behavior guard
make.test_runtime_sanitizers	make test-runtime-sanitizers	retain	make test-runtime-sanitizers	classified Make target owned by Makefile	project-control and CI ownership	low	V010.OPERATOR.COMMAND.CONSOLE.0	preserve authoritative owner; no compatibility executable; focused discovery or behavior guard
make.test_runtime_sanitizers_live	make test-runtime-sanitizers-live	retain	make test-runtime-sanitizers-live	classified Make target owned by Makefile	project-control and CI ownership	low	V010.OPERATOR.COMMAND.CONSOLE.0	preserve authoritative owner; no compatibility executable; focused discovery or behavior guard
make.test_runtime_sessions	make test-runtime-sessions	retain	make test-runtime-sessions	classified Make target owned by Makefile	project-control and CI ownership	low	V010.OPERATOR.COMMAND.CONSOLE.0	preserve authoritative owner; no compatibility executable; focused discovery or behavior guard
make.test_runtime_state	make test-runtime-state	retain	make test-runtime-state	classified Make target owned by Makefile	project-control and CI ownership	low	V010.OPERATOR.COMMAND.CONSOLE.0	preserve authoritative owner; no compatibility executable; focused discovery or behavior guard
make.test_runtime_streaming	make test-runtime-streaming	retain	make test-runtime-streaming	classified Make target owned by Makefile	project-control and CI ownership	low	V010.OPERATOR.COMMAND.CONSOLE.0	preserve authoritative owner; no compatibility executable; focused discovery or behavior guard
make.test_runtime_telemetry	make test-runtime-telemetry	retain	make test-runtime-telemetry	classified Make target owned by Makefile	project-control and CI ownership	low	V010.OPERATOR.COMMAND.CONSOLE.0	preserve authoritative owner; no compatibility executable; focused discovery or behavior guard
make.test_runtime_tokenizer	make test-runtime-tokenizer	retain	make test-runtime-tokenizer	classified Make target owned by Makefile	project-control and CI ownership	low	V010.OPERATOR.COMMAND.CONSOLE.0	preserve authoritative owner; no compatibility executable; focused discovery or behavior guard
make.test_runtime_transformer	make test-runtime-transformer	retain	make test-runtime-transformer	classified Make target owned by Makefile	project-control and CI ownership	low	V010.OPERATOR.COMMAND.CONSOLE.0	preserve authoritative owner; no compatibility executable; focused discovery or behavior guard
make.test_runtime_turns	make test-runtime-turns	retain	make test-runtime-turns	classified Make target owned by Makefile	project-control and CI ownership	low	V010.OPERATOR.COMMAND.CONSOLE.0	preserve authoritative owner; no compatibility executable; focused discovery or behavior guard
make.test_runtime_ubsan	make test-runtime-ubsan	retain	make test-runtime-ubsan	classified Make target owned by Makefile	project-control and CI ownership	low	V010.OPERATOR.COMMAND.CONSOLE.0	preserve authoritative owner; no compatibility executable; focused discovery or behavior guard
make.test_runtime_ubsan_live	make test-runtime-ubsan-live	retain	make test-runtime-ubsan-live	classified Make target owned by Makefile	project-control and CI ownership	low	V010.OPERATOR.COMMAND.CONSOLE.0	preserve authoritative owner; no compatibility executable; focused discovery or behavior guard
make.test_source_ownership	make test-source-ownership	retain	make test-source-ownership	classified Make target owned by Makefile	project-control and CI ownership	low	V010.OPERATOR.COMMAND.CONSOLE.0	preserve authoritative owner; no compatibility executable; focused discovery or behavior guard
make.test_source_payload_live	make test-source-payload-live	retain	make test-source-payload-live	classified Make target owned by Makefile	project-control and CI ownership	low	V010.OPERATOR.COMMAND.CONSOLE.0	preserve authoritative owner; no compatibility executable; focused discovery or behavior guard
make.test_source_payload_live_plan	make test-source-payload-live-plan	retain	make test-source-payload-live-plan	classified Make target owned by Makefile	project-control and CI ownership	low	V010.OPERATOR.COMMAND.CONSOLE.0	preserve authoritative owner; no compatibility executable; focused discovery or behavior guard
make.test_surface	make test-surface	retain	make test-surface	classified Make target owned by Makefile	project-control and CI ownership	low	V010.OPERATOR.COMMAND.CONSOLE.0	preserve authoritative owner; no compatibility executable; focused discovery or behavior guard
make.test_tokenizer	make test-tokenizer	retain	make test-tokenizer	classified Make target owned by Makefile	project-control and CI ownership	low	V010.OPERATOR.COMMAND.CONSOLE.0	preserve authoritative owner; no compatibility executable; focused discovery or behavior guard
make.test_transform_ir_live_plan	make test-transform-ir-live-plan	retain	make test-transform-ir-live-plan	classified Make target owned by Makefile	project-control and CI ownership	low	V010.OPERATOR.COMMAND.CONSOLE.0	preserve authoritative owner; no compatibility executable; focused discovery or behavior guard
make.update_runtime_benchmark_charts	make update-runtime-benchmark-charts	external-evidence-only	make update-runtime-benchmark-charts	classified Make target owned by Makefile	project-control and CI ownership	low	V010.OPERATOR.COMMAND.CONSOLE.0	preserve authoritative owner; no compatibility executable; focused discovery or behavior guard
package.product	build/package/product	retain	build/package/product	classified package owned by Makefile; config/package_manifest.tsv	accepted product topology	medium	V010.OPERATOR.COMMAND.CONSOLE.0	preserve authoritative owner; no compatibility executable; focused discovery or behavior guard
repl.attach	/attach	retain adapter	/attach NAME	hardcoded separately from external dispatch	canonical operation registry and approved taxonomy	high	V010.OPERATOR.COMMAND.CONSOLE.0	one authoritative operation; generated or validated help; behavior and refusal regression
repl.cancel	/cancel	retain interaction	/cancel	hardcoded separately from external dispatch	canonical operation registry and approved taxonomy	high	V010.OPERATOR.COMMAND.CONSOLE.0	one authoritative operation; generated or validated help; behavior and refusal regression
repl.close	/close	retain adapter	/close	hardcoded separately from external dispatch	canonical operation registry and approved taxonomy	high	V010.OPERATOR.COMMAND.CONSOLE.0	one authoritative operation; generated or validated help; behavior and refusal regression
repl.detach	/detach	retain adapter	/detach	hardcoded separately from external dispatch	canonical operation registry and approved taxonomy	high	V010.OPERATOR.COMMAND.CONSOLE.0	one authoritative operation; generated or validated help; behavior and refusal regression
repl.help	/help	replace with registry projection	/help [PATH]	hardcoded separately from external dispatch	canonical operation registry and approved taxonomy	high	V010.OPERATOR.COMMAND.CONSOLE.0	one authoritative operation; generated or validated help; behavior and refusal regression
repl.new	/new	retain adapter	/new [NAME]	hardcoded separately from external dispatch	canonical operation registry and approved taxonomy	high	V010.OPERATOR.COMMAND.CONSOLE.0	one authoritative operation; generated or validated help; behavior and refusal regression
repl.quit	/quit	retain interaction	/quit	hardcoded separately from external dispatch	canonical operation registry and approved taxonomy	high	V010.OPERATOR.COMMAND.CONSOLE.0	one authoritative operation; generated or validated help; behavior and refusal regression
repl.reset	/reset	retain adapter	/reset	hardcoded separately from external dispatch	canonical operation registry and approved taxonomy	high	V010.OPERATOR.COMMAND.CONSOLE.0	one authoritative operation; generated or validated help; behavior and refusal regression
repl.sessions	/sessions	retain adapter	/sessions	hardcoded separately from external dispatch	canonical operation registry and approved taxonomy	high	V010.OPERATOR.COMMAND.CONSOLE.0	one authoritative operation; generated or validated help; behavior and refusal regression
repl.status	/status	rename or split	/session	hardcoded separately from external dispatch	canonical operation registry and approved taxonomy	high	V010.OPERATOR.COMMAND.CONSOLE.0	one authoritative operation; generated or validated help; behavior and refusal regression
script.cli_accounts_sh	tests/cli/accounts.sh	retain-test	tests/cli/accounts.sh	classified shell script owned by tests	project-control and CI ownership	low	V010.OPERATOR.COMMAND.CONSOLE.0	preserve authoritative owner; no compatibility executable; focused discovery or behavior guard
script.cli_artifact_corruption_sh	tests/cli/artifact_corruption.sh	retain-test	tests/cli/artifact_corruption.sh	classified shell script owned by tests	project-control and CI ownership	low	V010.OPERATOR.COMMAND.CONSOLE.0	preserve authoritative owner; no compatibility executable; focused discovery or behavior guard
script.cli_artifact_identity_sh	tests/cli/artifact_identity.sh	retain-test	tests/cli/artifact_identity.sh	classified shell script owned by tests	project-control and CI ownership	low	V010.OPERATOR.COMMAND.CONSOLE.0	preserve authoritative owner; no compatibility executable; focused discovery or behavior guard
script.cli_artifact_integrity_regression_sh	tests/cli/artifact_integrity_regression.sh	retain-test	tests/cli/artifact_integrity_regression.sh	classified shell script owned by tests	project-control and CI ownership	low	V010.OPERATOR.COMMAND.CONSOLE.0	preserve authoritative owner; no compatibility executable; focused discovery or behavior guard
script.cli_artifact_integrity_sh	tests/cli/artifact_integrity.sh	retain-test	tests/cli/artifact_integrity.sh	classified shell script owned by tests	project-control and CI ownership	low	V010.OPERATOR.COMMAND.CONSOLE.0	preserve authoritative owner; no compatibility executable; focused discovery or behavior guard
script.cli_artifact_metadata_sh	tests/cli/artifact_metadata.sh	retain-test	tests/cli/artifact_metadata.sh	classified shell script owned by tests	project-control and CI ownership	low	V010.OPERATOR.COMMAND.CONSOLE.0	preserve authoritative owner; no compatibility executable; focused discovery or behavior guard
script.cli_attention_graph_sh	tests/cli/attention_graph.sh	retain-test	tests/cli/attention_graph.sh	classified shell script owned by tests	project-control and CI ownership	low	V010.OPERATOR.COMMAND.CONSOLE.0	preserve authoritative owner; no compatibility executable; focused discovery or behavior guard
script.cli_convert_sh	tests/cli/convert.sh	retain-test	tests/cli/convert.sh	classified shell script owned by tests	project-control and CI ownership	low	V010.OPERATOR.COMMAND.CONSOLE.0	preserve authoritative owner; no compatibility executable; focused discovery or behavior guard
script.cli_core_sh	tests/cli/core.sh	retain-test	tests/cli/core.sh	classified shell script owned by tests	project-control and CI ownership	low	V010.OPERATOR.COMMAND.CONSOLE.0	preserve authoritative owner; no compatibility executable; focused discovery or behavior guard
script.cli_cuda_sh	tests/cli/cuda.sh	retain-test	tests/cli/cuda.sh	classified shell script owned by tests	project-control and CI ownership	low	V010.OPERATOR.COMMAND.CONSOLE.0	preserve authoritative owner; no compatibility executable; focused discovery or behavior guard
script.cli_fullmodel_sh	tests/cli/fullmodel.sh	retain-test	tests/cli/fullmodel.sh	classified shell script owned by tests	project-control and CI ownership	low	V010.OPERATOR.COMMAND.CONSOLE.0	preserve authoritative owner; no compatibility executable; focused discovery or behavior guard
script.cli_gguf_emit_sh	tests/cli/gguf_emit.sh	retain-test	tests/cli/gguf_emit.sh	classified shell script owned by tests	project-control and CI ownership	low	V010.OPERATOR.COMMAND.CONSOLE.0	preserve authoritative owner; no compatibility executable; focused discovery or behavior guard
script.cli_gguf_template_sh	tests/cli/gguf_template.sh	retain-test	tests/cli/gguf_template.sh	classified shell script owned by tests	project-control and CI ownership	low	V010.OPERATOR.COMMAND.CONSOLE.0	preserve authoritative owner; no compatibility executable; focused discovery or behavior guard
script.cli_imatrix_sh	tests/cli/imatrix.sh	retain-test	tests/cli/imatrix.sh	classified shell script owned by tests	project-control and CI ownership	low	V010.OPERATOR.COMMAND.CONSOLE.0	preserve authoritative owner; no compatibility executable; focused discovery or behavior guard
script.cli_integrity_report_sh	tests/cli/integrity_report.sh	retain-test	tests/cli/integrity_report.sh	classified shell script owned by tests	project-control and CI ownership	low	V010.OPERATOR.COMMAND.CONSOLE.0	preserve authoritative owner; no compatibility executable; focused discovery or behavior guard
script.cli_materialize_gate_sh	tests/cli/materialize_gate.sh	retain-test	tests/cli/materialize_gate.sh	classified shell script owned by tests	project-control and CI ownership	low	V010.OPERATOR.COMMAND.CONSOLE.0	preserve authoritative owner; no compatibility executable; focused discovery or behavior guard
script.cli_materialize_sh	tests/cli/materialize.sh	retain-test	tests/cli/materialize.sh	classified shell script owned by tests	project-control and CI ownership	low	V010.OPERATOR.COMMAND.CONSOLE.0	preserve authoritative owner; no compatibility executable; focused discovery or behavior guard
script.cli_model_gate_sh	tests/cli/model_gate.sh	retain-test	tests/cli/model_gate.sh	classified shell script owned by tests	project-control and CI ownership	low	V010.OPERATOR.COMMAND.CONSOLE.0	preserve authoritative owner; no compatibility executable; focused discovery or behavior guard
script.cli_models_sh	tests/cli/models.sh	retain-test	tests/cli/models.sh	classified shell script owned by tests	project-control and CI ownership	low	V010.OPERATOR.COMMAND.CONSOLE.0	preserve authoritative owner; no compatibility executable; focused discovery or behavior guard
script.cli_native_weights_sh	tests/cli/native_weights.sh	retain-test	tests/cli/native_weights.sh	classified shell script owned by tests	project-control and CI ownership	low	V010.OPERATOR.COMMAND.CONSOLE.0	preserve authoritative owner; no compatibility executable; focused discovery or behavior guard
script.cli_physical_variant_sh	tests/cli/physical_variant.sh	retain-test	tests/cli/physical_variant.sh	classified shell script owned by tests	project-control and CI ownership	low	V010.OPERATOR.COMMAND.CONSOLE.0	preserve authoritative owner; no compatibility executable; focused discovery or behavior guard
script.cli_quant_job_sh	tests/cli/quant_job.sh	retain-test	tests/cli/quant_job.sh	classified shell script owned by tests	project-control and CI ownership	low	V010.OPERATOR.COMMAND.CONSOLE.0	preserve authoritative owner; no compatibility executable; focused discovery or behavior guard
script.cli_quant_policy_sh	tests/cli/quant_policy.sh	retain-test	tests/cli/quant_policy.sh	classified shell script owned by tests	project-control and CI ownership	low	V010.OPERATOR.COMMAND.CONSOLE.0	preserve authoritative owner; no compatibility executable; focused discovery or behavior guard
script.cli_server_sh	tests/cli/server.sh	retain-test	tests/cli/server.sh	classified shell script owned by tests	project-control and CI ownership	low	V010.OPERATOR.COMMAND.CONSOLE.0	preserve authoritative owner; no compatibility executable; focused discovery or behavior guard
script.cli_sh	tests/cli.sh	retain-test	tests/cli.sh	classified shell script owned by tests	project-control and CI ownership	low	V010.OPERATOR.COMMAND.CONSOLE.0	preserve authoritative owner; no compatibility executable; focused discovery or behavior guard
script.cli_source_manifest_sh	tests/cli/source_manifest.sh	retain-test	tests/cli/source_manifest.sh	classified shell script owned by tests	project-control and CI ownership	low	V010.OPERATOR.COMMAND.CONSOLE.0	preserve authoritative owner; no compatibility executable; focused discovery or behavior guard
script.cli_tensor_map_sh	tests/cli/tensor_map.sh	retain-test	tests/cli/tensor_map.sh	classified shell script owned by tests	project-control and CI ownership	low	V010.OPERATOR.COMMAND.CONSOLE.0	preserve authoritative owner; no compatibility executable; focused discovery or behavior guard
script.cli_token_input_sh	tests/cli/token_input.sh	retain-test	tests/cli/token_input.sh	classified shell script owned by tests	project-control and CI ownership	low	V010.OPERATOR.COMMAND.CONSOLE.0	preserve authoritative owner; no compatibility executable; focused discovery or behavior guard
script.client_cutover_sh	tests/client_cutover.sh	retain-test	tests/client_cutover.sh	classified shell script owned by tests	project-control and CI ownership	low	V010.OPERATOR.COMMAND.CONSOLE.0	preserve authoritative owner; no compatibility executable; focused discovery or behavior guard
script.integration_bet_tennis_sh	tests/integration/bet_tennis.sh	retain-integration	tests/integration/bet_tennis.sh	classified shell script owned by tests	project-control and CI ownership	low	V010.OPERATOR.COMMAND.CONSOLE.0	preserve authoritative owner; no compatibility executable; focused discovery or behavior guard
script.integration_openai_sdk_sh	tests/integration/openai_sdk.sh	retain-integration	tests/integration/openai_sdk.sh	classified shell script owned by tests	project-control and CI ownership	low	V010.OPERATOR.COMMAND.CONSOLE.0	preserve authoritative owner; no compatibility executable; focused discovery or behavior guard
script.integration_openai_sh	tests/integration/openai.sh	retain-integration	tests/integration/openai.sh	classified shell script owned by tests	project-control and CI ownership	low	V010.OPERATOR.COMMAND.CONSOLE.0	preserve authoritative owner; no compatibility executable; focused discovery or behavior guard
script.live_client_refoundation_sh	tests/live/client_refoundation.sh	retain-live-proof	tests/live/client_refoundation.sh	classified shell script owned by tests	project-control and CI ownership	low	V010.OPERATOR.COMMAND.CONSOLE.0	preserve authoritative owner; no compatibility executable; focused discovery or behavior guard
script.live_openai_sh	tests/live/openai.sh	retain-live-proof	tests/live/openai.sh	classified shell script owned by tests	project-control and CI ownership	low	V010.OPERATOR.COMMAND.CONSOLE.0	preserve authoritative owner; no compatibility executable; focused discovery or behavior guard
script.live_physical_variant_sh	tests/live/physical_variant.sh	retain-live-proof	tests/live/physical_variant.sh	classified shell script owned by tests	project-control and CI ownership	low	V010.OPERATOR.COMMAND.CONSOLE.0	preserve authoritative owner; no compatibility executable; focused discovery or behavior guard
script.product_topology_sh	tests/product_topology.sh	retain-test	tests/product_topology.sh	classified shell script owned by tests	project-control and CI ownership	low	V010.OPERATOR.COMMAND.CONSOLE.0	preserve authoritative owner; no compatibility executable; focused discovery or behavior guard
script.repl_pty_sh	tests/repl_pty.sh	retain-test	tests/repl_pty.sh	classified shell script owned by tests	project-control and CI ownership	low	V010.OPERATOR.COMMAND.CONSOLE.0	preserve authoritative owner; no compatibility executable; focused discovery or behavior guard
script.support_cleanup_sh	tests/support/cleanup.sh	retain-test	tests/support/cleanup.sh	classified shell script owned by tests	project-control and CI ownership	low	V010.OPERATOR.COMMAND.CONSOLE.0	preserve authoritative owner; no compatibility executable; focused discovery or behavior guard
script.test_architecture_boundaries_sh	tests/test_architecture_boundaries.sh	retain-test	tests/test_architecture_boundaries.sh	classified shell script owned by tests	project-control and CI ownership	low	V010.OPERATOR.COMMAND.CONSOLE.0	preserve authoritative owner; no compatibility executable; focused discovery or behavior guard
script.test_code_natural_sh	tests/test_code_natural.sh	retain-test	tests/test_code_natural.sh	classified shell script owned by tests	project-control and CI ownership	low	V010.OPERATOR.COMMAND.CONSOLE.0	preserve authoritative owner; no compatibility executable; focused discovery or behavior guard
script.test_cuda_failclosed_sh	tests/test_cuda_failclosed.sh	retain-test	tests/test_cuda_failclosed.sh	classified shell script owned by tests	project-control and CI ownership	low	V010.OPERATOR.COMMAND.CONSOLE.0	preserve authoritative owner; no compatibility executable; focused discovery or behavior guard
script.test_docs_surface_sh	tests/test_docs_surface.sh	retain-test	tests/test_docs_surface.sh	classified shell script owned by tests	project-control and CI ownership	low	V010.OPERATOR.COMMAND.CONSOLE.0	preserve authoritative owner; no compatibility executable; focused discovery or behavior guard
script.test_gateway_boundary_sh	tests/test_gateway_boundary.sh	retain-test	tests/test_gateway_boundary.sh	classified shell script owned by tests	project-control and CI ownership	low	V010.OPERATOR.COMMAND.CONSOLE.0	preserve authoritative owner; no compatibility executable; focused discovery or behavior guard
script.test_gguf_artifact_abi_sh	tests/test_gguf_artifact_abi.sh	retain-test	tests/test_gguf_artifact_abi.sh	classified shell script owned by tests	project-control and CI ownership	low	V010.OPERATOR.COMMAND.CONSOLE.0	preserve authoritative owner; no compatibility executable; focused discovery or behavior guard
script.test_gguf_layout_integrity_sh	tests/test_gguf_layout_integrity.sh	retain-test	tests/test_gguf_layout_integrity.sh	classified shell script owned by tests	project-control and CI ownership	low	V010.OPERATOR.COMMAND.CONSOLE.0	preserve authoritative owner; no compatibility executable; focused discovery or behavior guard
script.test_gguf_qtype_abi_sh	tests/test_gguf_qtype_abi.sh	retain-test	tests/test_gguf_qtype_abi.sh	classified shell script owned by tests	project-control and CI ownership	low	V010.OPERATOR.COMMAND.CONSOLE.0	preserve authoritative owner; no compatibility executable; focused discovery or behavior guard
script.test_project_ledger_sh	tests/test_project_ledger.sh	retain-test	tests/test_project_ledger.sh	classified shell script owned by tests	project-control and CI ownership	low	V010.OPERATOR.COMMAND.CONSOLE.0	preserve authoritative owner; no compatibility executable; focused discovery or behavior guard
script.test_repository_layout_sh	tests/test_repository_layout.sh	retain-test	tests/test_repository_layout.sh	classified shell script owned by tests	project-control and CI ownership	low	V010.OPERATOR.COMMAND.CONSOLE.0	preserve authoritative owner; no compatibility executable; focused discovery or behavior guard
script.test_source_layout_sh	tests/test_source_layout.sh	retain-test	tests/test_source_layout.sh	classified shell script owned by tests	project-control and CI ownership	low	V010.OPERATOR.COMMAND.CONSOLE.0	preserve authoritative owner; no compatibility executable; focused discovery or behavior guard
script.test_source_ownership_sh	tests/test_source_ownership.sh	retain-test	tests/test_source_ownership.sh	classified shell script owned by tests	project-control and CI ownership	low	V010.OPERATOR.COMMAND.CONSOLE.0	preserve authoritative owner; no compatibility executable; focused discovery or behavior guard
script.test_surface_sh	tests/test_surface.sh	retain-test	tests/test_surface.sh	classified shell script owned by tests	project-control and CI ownership	low	V010.OPERATOR.COMMAND.CONSOLE.0	preserve authoritative owner; no compatibility executable; focused discovery or behavior guard
script.test_topology_closure_audit_sh	tests/test_topology_closure_audit.sh	retain-test	tests/test_topology_closure_audit.sh	classified shell script owned by tests	project-control and CI ownership	low	V010.OPERATOR.COMMAND.CONSOLE.0	preserve authoritative owner; no compatibility executable; focused discovery or behavior guard
service.yvexd	systemd --user yvexd.service or transient unit	retain-normalize-config	systemd --user yvexd.service or transient unit	classified service owned by operator deployment	accepted product topology	medium	V010.OPERATOR.COMMAND.CONSOLE.0	preserve authoritative owner; no compatibility executable; focused discovery or behavior guard
surface.http	127.0.0.1:8001	retain-projection	127.0.0.1:8001	classified HTTP owned by src/server/openai	accepted product topology	low	V010.OPERATOR.COMMAND.CONSOLE.0	preserve authoritative owner; no compatibility executable; focused discovery or behavior guard
surface.repl	yvex; yvex chat	registry-adapter	yvex; yvex chat	classified REPL owned by src/cli/io/client.c	accepted product topology	low	V010.OPERATOR.COMMAND.CONSOLE.0	preserve authoritative owner; no compatibility executable; focused discovery or behavior guard
transport.local.v3	Unix socket; YVEX local protocol v3	retain-private	Unix socket; YVEX local protocol v3	classified protocol owned by include/yvex/server.h; src/server/protocol.c	accepted product topology	low	V010.OPERATOR.COMMAND.CONSOLE.0	preserve authoritative owner; no compatibility executable; focused discovery or behavior guard
