command_id	flag	value_type	required	default_value	admitted_range	enum_values	parser_owner	validator_owner	semantic_owner	environment_equivalent	config_equivalent	protocol_field	tests	documentation	finding	disposition
cli.offline.artifact.emit	--arch	action-dependent	action-dependent	action-dependent	action-dependent		command owner named in commands.tsv	command parser and domain owner	command domain owner	see surfaces.tsv	owner configuration or none	none	tests/cli and owner tests	dynamic --help and runbooks	applicability depends on nested action	registry-schema
cli.offline.artifact.emit	--model-name	action-dependent	action-dependent	action-dependent	action-dependent		command owner named in commands.tsv	command parser and domain owner	command domain owner	see surfaces.tsv	owner configuration or none	none	tests/cli and owner tests	dynamic --help and runbooks	applicability depends on nested action	registry-schema
cli.offline.artifact.emit	--out	action-dependent	action-dependent	action-dependent	action-dependent		command owner named in commands.tsv	command parser and domain owner	command domain owner	see surfaces.tsv	owner configuration or none	none	tests/cli and owner tests	dynamic --help and runbooks	applicability depends on nested action	registry-schema
cli.offline.artifact.emit	--overwrite	boolean	action-dependent	action-dependent	action-dependent		command owner named in commands.tsv	command parser and domain owner	command domain owner	see surfaces.tsv	owner configuration or none	none	tests/cli and owner tests	dynamic --help and runbooks	applicability depends on nested action	registry-schema
cli.offline.artifact.emit	--target-name	tensor name	no	token_embd.weight	bounded name		src/cli/commands/gguf.c	GGUF emit parser	GGUF writer	none	none	none	owner-focused CLI tests	source parser; parent help may omit	parsed but omitted from parent help	registry-schema
cli.offline.artifact.emit	--target-qtype	action-dependent	action-dependent	action-dependent	action-dependent		command owner named in commands.tsv	command parser and domain owner	command domain owner	see surfaces.tsv	owner configuration or none	none	tests/cli and owner tests	dynamic --help and runbooks	applicability depends on nested action	registry-schema
cli.offline.artifact.emit	--template	action-dependent	action-dependent	action-dependent	action-dependent		command owner named in commands.tsv	command parser and domain owner	command domain owner	see surfaces.tsv	owner configuration or none	none	tests/cli and owner tests	dynamic --help and runbooks	applicability depends on nested action	registry-schema
cli.offline.artifact.emit	--tensor-name	tensor name	no	embed.weight	bounded name		src/cli/commands/gguf.c	GGUF emit parser	GGUF writer	none	none	none	owner-focused CLI tests	source parser; parent help may omit	parsed but omitted from parent help	registry-schema
cli.offline.artifact.materialize	--allow-unsupported-dtype	action-dependent	action-dependent	action-dependent	action-dependent		command owner named in commands.tsv	command parser and domain owner	command domain owner	see surfaces.tsv	owner configuration or none	none	tests/cli and owner tests	dynamic --help and runbooks	applicability depends on nested action	registry-schema
cli.offline.artifact.materialize	--backend	action-dependent	action-dependent	action-dependent	action-dependent		command owner named in commands.tsv	command parser and domain owner	command domain owner	see surfaces.tsv	owner configuration or none	none	tests/cli and owner tests	dynamic --help and runbooks	applicability depends on nested action	registry-schema
cli.offline.artifact.materialize	--model	action-dependent	action-dependent	action-dependent	action-dependent		command owner named in commands.tsv	command parser and domain owner	command domain owner	see surfaces.tsv	owner configuration or none	none	tests/cli and owner tests	dynamic --help and runbooks	applicability depends on nested action	registry-schema
cli.offline.artifact.materialize	--require-all	boolean	action-dependent	action-dependent	action-dependent		command owner named in commands.tsv	command parser and domain owner	command domain owner	see surfaces.tsv	owner configuration or none	none	tests/cli and owner tests	dynamic --help and runbooks	applicability depends on nested action	registry-schema
cli.offline.artifact.materialize_gate	--backend	action-dependent	action-dependent	action-dependent	action-dependent		command owner named in commands.tsv	command parser and domain owner	command domain owner	see surfaces.tsv	owner configuration or none	none	tests/cli and owner tests	dynamic --help and runbooks	applicability depends on nested action	registry-schema
cli.offline.artifact.materialize_gate	--check-cleanup	action-dependent	action-dependent	action-dependent	action-dependent		command owner named in commands.tsv	command parser and domain owner	command domain owner	see surfaces.tsv	owner configuration or none	none	tests/cli and owner tests	dynamic --help and runbooks	applicability depends on nested action	registry-schema
cli.offline.artifact.materialize_gate	--expect-bytes	action-dependent	action-dependent	action-dependent	action-dependent		command owner named in commands.tsv	command parser and domain owner	command domain owner	see surfaces.tsv	owner configuration or none	none	tests/cli and owner tests	dynamic --help and runbooks	applicability depends on nested action	registry-schema
cli.offline.artifact.materialize_gate	--expect-dims	action-dependent	action-dependent	action-dependent	action-dependent		command owner named in commands.tsv	command parser and domain owner	command domain owner	see surfaces.tsv	owner configuration or none	none	tests/cli and owner tests	dynamic --help and runbooks	applicability depends on nested action	registry-schema
cli.offline.artifact.materialize_gate	--expect-dtype	action-dependent	action-dependent	action-dependent	action-dependent		command owner named in commands.tsv	command parser and domain owner	command domain owner	see surfaces.tsv	owner configuration or none	none	tests/cli and owner tests	dynamic --help and runbooks	applicability depends on nested action	registry-schema
cli.offline.artifact.materialize_gate	--expect-rank	action-dependent	action-dependent	action-dependent	action-dependent		command owner named in commands.tsv	command parser and domain owner	command domain owner	see surfaces.tsv	owner configuration or none	none	tests/cli and owner tests	dynamic --help and runbooks	applicability depends on nested action	registry-schema
cli.offline.artifact.materialize_gate	--expect-tensor	action-dependent	action-dependent	action-dependent	action-dependent		command owner named in commands.tsv	command parser and domain owner	command domain owner	see surfaces.tsv	owner configuration or none	none	tests/cli and owner tests	dynamic --help and runbooks	applicability depends on nested action	registry-schema
cli.offline.artifact.materialize_gate	--family	action-dependent	action-dependent	action-dependent	action-dependent		command owner named in commands.tsv	command parser and domain owner	command domain owner	see surfaces.tsv	owner configuration or none	none	tests/cli and owner tests	dynamic --help and runbooks	applicability depends on nested action	registry-schema
cli.offline.artifact.materialize_gate	--label	action-dependent	action-dependent	action-dependent	action-dependent		command owner named in commands.tsv	command parser and domain owner	command domain owner	see surfaces.tsv	owner configuration or none	none	tests/cli and owner tests	dynamic --help and runbooks	applicability depends on nested action	registry-schema
cli.offline.artifact.materialize_gate	--model	action-dependent	action-dependent	action-dependent	action-dependent		command owner named in commands.tsv	command parser and domain owner	command domain owner	see surfaces.tsv	owner configuration or none	none	tests/cli and owner tests	dynamic --help and runbooks	applicability depends on nested action	registry-schema
cli.offline.artifact.materialize_gate	--repeat	action-dependent	action-dependent	action-dependent	action-dependent		command owner named in commands.tsv	command parser and domain owner	command domain owner	see surfaces.tsv	owner configuration or none	none	tests/cli and owner tests	dynamic --help and runbooks	applicability depends on nested action	registry-schema
cli.offline.artifact.materialize_gate	--report-out	action-dependent	action-dependent	action-dependent	action-dependent		command owner named in commands.tsv	command parser and domain owner	command domain owner	see surfaces.tsv	owner configuration or none	none	tests/cli and owner tests	dynamic --help and runbooks	applicability depends on nested action	registry-schema
cli.offline.artifact.materialize_gate	--require-cpu	boolean	action-dependent	action-dependent	action-dependent		command owner named in commands.tsv	command parser and domain owner	command domain owner	see surfaces.tsv	owner configuration or none	none	tests/cli and owner tests	dynamic --help and runbooks	applicability depends on nested action	registry-schema
cli.offline.artifact.materialize_gate	--require-cuda	boolean	action-dependent	action-dependent	action-dependent		command owner named in commands.tsv	command parser and domain owner	command domain owner	see surfaces.tsv	owner configuration or none	none	tests/cli and owner tests	dynamic --help and runbooks	applicability depends on nested action	registry-schema
cli.offline.artifact.materialize_gate	--scope	action-dependent	action-dependent	action-dependent	action-dependent		command owner named in commands.tsv	command parser and domain owner	command domain owner	see surfaces.tsv	owner configuration or none	none	tests/cli and owner tests	dynamic --help and runbooks	applicability depends on nested action	registry-schema
cli.offline.artifact.materialize_gate	--sha256	action-dependent	action-dependent	action-dependent	action-dependent		command owner named in commands.tsv	command parser and domain owner	command domain owner	see surfaces.tsv	owner configuration or none	none	tests/cli and owner tests	dynamic --help and runbooks	applicability depends on nested action	registry-schema
cli.offline.artifact.model_gate	--backend	action-dependent	action-dependent	action-dependent	action-dependent		command owner named in commands.tsv	command parser and domain owner	command domain owner	see surfaces.tsv	owner configuration or none	none	tests/cli and owner tests	dynamic --help and runbooks	applicability depends on nested action	registry-schema
cli.offline.artifact.model_gate	--expect-bytes	action-dependent	action-dependent	action-dependent	action-dependent		command owner named in commands.tsv	command parser and domain owner	command domain owner	see surfaces.tsv	owner configuration or none	none	tests/cli and owner tests	dynamic --help and runbooks	applicability depends on nested action	registry-schema
cli.offline.artifact.model_gate	--expect-dims	action-dependent	action-dependent	action-dependent	action-dependent		command owner named in commands.tsv	command parser and domain owner	command domain owner	see surfaces.tsv	owner configuration or none	none	tests/cli and owner tests	dynamic --help and runbooks	applicability depends on nested action	registry-schema
cli.offline.artifact.model_gate	--expect-dtype	action-dependent	action-dependent	action-dependent	action-dependent		command owner named in commands.tsv	command parser and domain owner	command domain owner	see surfaces.tsv	owner configuration or none	none	tests/cli and owner tests	dynamic --help and runbooks	applicability depends on nested action	registry-schema
cli.offline.artifact.model_gate	--expect-rank	action-dependent	action-dependent	action-dependent	action-dependent		command owner named in commands.tsv	command parser and domain owner	command domain owner	see surfaces.tsv	owner configuration or none	none	tests/cli and owner tests	dynamic --help and runbooks	applicability depends on nested action	registry-schema
cli.offline.artifact.model_gate	--expect-tensor	action-dependent	action-dependent	action-dependent	action-dependent		command owner named in commands.tsv	command parser and domain owner	command domain owner	see surfaces.tsv	owner configuration or none	none	tests/cli and owner tests	dynamic --help and runbooks	applicability depends on nested action	registry-schema
cli.offline.artifact.model_gate	--family	action-dependent	action-dependent	action-dependent	action-dependent		command owner named in commands.tsv	command parser and domain owner	command domain owner	see surfaces.tsv	owner configuration or none	none	tests/cli and owner tests	dynamic --help and runbooks	applicability depends on nested action	registry-schema
cli.offline.artifact.model_gate	--label	action-dependent	action-dependent	action-dependent	action-dependent		command owner named in commands.tsv	command parser and domain owner	command domain owner	see surfaces.tsv	owner configuration or none	none	tests/cli and owner tests	dynamic --help and runbooks	applicability depends on nested action	registry-schema
cli.offline.artifact.model_gate	--model	action-dependent	action-dependent	action-dependent	action-dependent		command owner named in commands.tsv	command parser and domain owner	command domain owner	see surfaces.tsv	owner configuration or none	none	tests/cli and owner tests	dynamic --help and runbooks	applicability depends on nested action	registry-schema
cli.offline.artifact.model_gate	--report-out	action-dependent	action-dependent	action-dependent	action-dependent		command owner named in commands.tsv	command parser and domain owner	command domain owner	see surfaces.tsv	owner configuration or none	none	tests/cli and owner tests	dynamic --help and runbooks	applicability depends on nested action	registry-schema
cli.offline.artifact.model_gate	--require-cpu	boolean	action-dependent	action-dependent	action-dependent		command owner named in commands.tsv	command parser and domain owner	command domain owner	see surfaces.tsv	owner configuration or none	none	tests/cli and owner tests	dynamic --help and runbooks	applicability depends on nested action	registry-schema
cli.offline.artifact.model_gate	--require-cuda	boolean	action-dependent	action-dependent	action-dependent		command owner named in commands.tsv	command parser and domain owner	command domain owner	see surfaces.tsv	owner configuration or none	none	tests/cli and owner tests	dynamic --help and runbooks	applicability depends on nested action	registry-schema
cli.offline.artifact.model_gate	--sha256	action-dependent	action-dependent	action-dependent	action-dependent		command owner named in commands.tsv	command parser and domain owner	command domain owner	see surfaces.tsv	owner configuration or none	none	tests/cli and owner tests	dynamic --help and runbooks	applicability depends on nested action	registry-schema
cli.offline.artifact.template	--native-source	action-dependent	action-dependent	action-dependent	action-dependent		command owner named in commands.tsv	command parser and domain owner	command domain owner	see surfaces.tsv	owner configuration or none	none	tests/cli and owner tests	dynamic --help and runbooks	applicability depends on nested action	registry-schema
cli.offline.artifact.template	--require-all-template-tensors-in-native	boolean	no	false	present/absent		src/cli/commands/gguf.c	template compare parser	GGUF template	none	none	none	owner-focused CLI tests	source parser; parent help may omit	parsed but omitted from parent help	registry-schema
cli.offline.artifact.template	--template	action-dependent	action-dependent	action-dependent	action-dependent		command owner named in commands.tsv	command parser and domain owner	command domain owner	see surfaces.tsv	owner configuration or none	none	tests/cli and owner tests	dynamic --help and runbooks	applicability depends on nested action	registry-schema
cli.offline.artifact.verify	--audit	boolean	action-dependent	action-dependent	action-dependent		command owner named in commands.tsv	command parser and domain owner	command domain owner	see surfaces.tsv	owner configuration or none	none	tests/cli and owner tests	dynamic --help and runbooks	applicability depends on nested action	registry-schema
cli.offline.artifact.verify	--backend	action-dependent	action-dependent	action-dependent	action-dependent		command owner named in commands.tsv	command parser and domain owner	command domain owner	see surfaces.tsv	owner configuration or none	none	tests/cli and owner tests	dynamic --help and runbooks	applicability depends on nested action	registry-schema
cli.offline.artifact.verify	--expect-sha256	action-dependent	action-dependent	action-dependent	action-dependent		command owner named in commands.tsv	command parser and domain owner	command domain owner	see surfaces.tsv	owner configuration or none	none	tests/cli and owner tests	dynamic --help and runbooks	applicability depends on nested action	registry-schema
cli.offline.artifact.verify	--model	action-dependent	action-dependent	action-dependent	action-dependent		command owner named in commands.tsv	command parser and domain owner	command domain owner	see surfaces.tsv	owner configuration or none	none	tests/cli and owner tests	dynamic --help and runbooks	applicability depends on nested action	registry-schema
cli.offline.artifact.verify	--output	action-dependent	action-dependent	action-dependent	action-dependent		command owner named in commands.tsv	command parser and domain owner	command domain owner	see surfaces.tsv	owner configuration or none	none	tests/cli and owner tests	dynamic --help and runbooks	applicability depends on nested action	registry-schema
cli.offline.artifact.verify	--partial-token	action-dependent	action-dependent	action-dependent	action-dependent		command owner named in commands.tsv	command parser and domain owner	command domain owner	see surfaces.tsv	owner configuration or none	none	tests/cli and owner tests	dynamic --help and runbooks	applicability depends on nested action	registry-schema
cli.offline.artifact.verify	--require-token-embedding	boolean	action-dependent	action-dependent	action-dependent		command owner named in commands.tsv	command parser and domain owner	command domain owner	see surfaces.tsv	owner configuration or none	none	tests/cli and owner tests	dynamic --help and runbooks	applicability depends on nested action	registry-schema
cli.offline.evidence.accounts	--add-to-git-credential	action-dependent	action-dependent	action-dependent	action-dependent		command owner named in commands.tsv	command parser and domain owner	command domain owner	see surfaces.tsv	owner configuration or none	none	tests/cli and owner tests	dynamic --help and runbooks	applicability depends on nested action	registry-schema
cli.offline.evidence.accounts	--audit	boolean	action-dependent	action-dependent	action-dependent		command owner named in commands.tsv	command parser and domain owner	command domain owner	see surfaces.tsv	owner configuration or none	none	tests/cli and owner tests	dynamic --help and runbooks	applicability depends on nested action	registry-schema
cli.offline.evidence.accounts	--cli	path/name	no	auto discovery	bounded		src/cli/commands/accounts.c	accounts parser	provider accounts	none	none	none	owner-focused CLI tests	source parser; parent help may omit	parsed but omitted from parent help	registry-schema
cli.offline.evidence.accounts	--device	boolean	no	false	present/absent		src/cli/commands/accounts.c	accounts parser	provider accounts	none	none	none	owner-focused CLI tests	source parser; parent help may omit	parsed but omitted from parent help	registry-schema
cli.offline.evidence.accounts	--git-protocol	action-dependent	action-dependent	action-dependent	action-dependent		command owner named in commands.tsv	command parser and domain owner	command domain owner	see surfaces.tsv	owner configuration or none	none	tests/cli and owner tests	dynamic --help and runbooks	applicability depends on nested action	registry-schema
cli.offline.evidence.accounts	--hostname	action-dependent	action-dependent	action-dependent	action-dependent		command owner named in commands.tsv	command parser and domain owner	command domain owner	see surfaces.tsv	owner configuration or none	none	tests/cli and owner tests	dynamic --help and runbooks	applicability depends on nested action	registry-schema
cli.offline.evidence.accounts	--interactive	action-dependent	action-dependent	action-dependent	action-dependent		command owner named in commands.tsv	command parser and domain owner	command domain owner	see surfaces.tsv	owner configuration or none	none	tests/cli and owner tests	dynamic --help and runbooks	applicability depends on nested action	registry-schema
cli.offline.evidence.accounts	--output	action-dependent	action-dependent	action-dependent	action-dependent		command owner named in commands.tsv	command parser and domain owner	command domain owner	see surfaces.tsv	owner configuration or none	none	tests/cli and owner tests	dynamic --help and runbooks	applicability depends on nested action	registry-schema
cli.offline.evidence.accounts	--required	action-dependent	action-dependent	action-dependent	action-dependent		command owner named in commands.tsv	command parser and domain owner	command domain owner	see surfaces.tsv	owner configuration or none	none	tests/cli and owner tests	dynamic --help and runbooks	applicability depends on nested action	registry-schema
cli.offline.evidence.accounts	--scopes	action-dependent	action-dependent	action-dependent	action-dependent		command owner named in commands.tsv	command parser and domain owner	command domain owner	see surfaces.tsv	owner configuration or none	none	tests/cli and owner tests	dynamic --help and runbooks	applicability depends on nested action	registry-schema
cli.offline.evidence.accounts	--skip-ssh-key	action-dependent	action-dependent	action-dependent	action-dependent		command owner named in commands.tsv	command parser and domain owner	command domain owner	see surfaces.tsv	owner configuration or none	none	tests/cli and owner tests	dynamic --help and runbooks	applicability depends on nested action	registry-schema
cli.offline.evidence.accounts	--token-env	action-dependent	action-dependent	action-dependent	action-dependent		command owner named in commands.tsv	command parser and domain owner	command domain owner	see surfaces.tsv	owner configuration or none	none	tests/cli and owner tests	dynamic --help and runbooks	applicability depends on nested action	registry-schema
cli.offline.evidence.accounts	--token-stdin	action-dependent	action-dependent	action-dependent	action-dependent		command owner named in commands.tsv	command parser and domain owner	command domain owner	see surfaces.tsv	owner configuration or none	none	tests/cli and owner tests	dynamic --help and runbooks	applicability depends on nested action	registry-schema
cli.offline.evidence.accounts	--web	action-dependent	action-dependent	action-dependent	action-dependent		command owner named in commands.tsv	command parser and domain owner	command domain owner	see surfaces.tsv	owner configuration or none	none	tests/cli and owner tests	dynamic --help and runbooks	applicability depends on nested action	registry-schema
cli.offline.evidence.model	--audit	boolean	action-dependent	action-dependent	action-dependent		command owner named in commands.tsv	command parser and domain owner	command domain owner	see surfaces.tsv	owner configuration or none	none	tests/cli and owner tests	dynamic --help and runbooks	applicability depends on nested action	registry-schema
cli.offline.evidence.model	--backend	action-dependent	action-dependent	action-dependent	action-dependent		command owner named in commands.tsv	command parser and domain owner	command domain owner	see surfaces.tsv	owner configuration or none	none	tests/cli and owner tests	dynamic --help and runbooks	applicability depends on nested action	registry-schema
cli.offline.evidence.model	--dry-run	boolean	action-dependent	action-dependent	action-dependent		command owner named in commands.tsv	command parser and domain owner	command domain owner	see surfaces.tsv	owner configuration or none	none	tests/cli and owner tests	dynamic --help and runbooks	applicability depends on nested action	registry-schema
cli.offline.evidence.model	--fail-after-phase	action-dependent	action-dependent	action-dependent	action-dependent		command owner named in commands.tsv	command parser and domain owner	command domain owner	see surfaces.tsv	owner configuration or none	none	tests/cli and owner tests	dynamic --help and runbooks	applicability depends on nested action	registry-schema
cli.offline.evidence.model	--family	action-dependent	action-dependent	action-dependent	action-dependent		command owner named in commands.tsv	command parser and domain owner	command domain owner	see surfaces.tsv	owner configuration or none	none	tests/cli and owner tests	dynamic --help and runbooks	applicability depends on nested action	registry-schema
cli.offline.evidence.model	--format	action-dependent	action-dependent	action-dependent	action-dependent		command owner named in commands.tsv	command parser and domain owner	command domain owner	see surfaces.tsv	owner configuration or none	none	tests/cli and owner tests	dynamic --help and runbooks	applicability depends on nested action	registry-schema
cli.offline.evidence.model	--include-blockers	boolean	action-dependent	action-dependent	action-dependent		command owner named in commands.tsv	command parser and domain owner	command domain owner	see surfaces.tsv	owner configuration or none	none	tests/cli and owner tests	dynamic --help and runbooks	applicability depends on nested action	registry-schema
cli.offline.evidence.model	--include-graph	boolean	action-dependent	action-dependent	action-dependent		command owner named in commands.tsv	command parser and domain owner	command domain owner	see surfaces.tsv	owner configuration or none	none	tests/cli and owner tests	dynamic --help and runbooks	applicability depends on nested action	registry-schema
cli.offline.evidence.model	--include-kv	boolean	action-dependent	action-dependent	action-dependent		command owner named in commands.tsv	command parser and domain owner	command domain owner	see surfaces.tsv	owner configuration or none	none	tests/cli and owner tests	dynamic --help and runbooks	applicability depends on nested action	registry-schema
cli.offline.evidence.model	--include-logits	boolean	action-dependent	action-dependent	action-dependent		command owner named in commands.tsv	command parser and domain owner	command domain owner	see surfaces.tsv	owner configuration or none	none	tests/cli and owner tests	dynamic --help and runbooks	applicability depends on nested action	registry-schema
cli.offline.evidence.model	--include-moe	boolean	action-dependent	action-dependent	action-dependent		command owner named in commands.tsv	command parser and domain owner	command domain owner	see surfaces.tsv	owner configuration or none	none	tests/cli and owner tests	dynamic --help and runbooks	applicability depends on nested action	registry-schema
cli.offline.evidence.model	--include-output	boolean	action-dependent	action-dependent	action-dependent		command owner named in commands.tsv	command parser and domain owner	command domain owner	see surfaces.tsv	owner configuration or none	none	tests/cli and owner tests	dynamic --help and runbooks	applicability depends on nested action	registry-schema
cli.offline.evidence.model	--include-placement	boolean	action-dependent	action-dependent	action-dependent		command owner named in commands.tsv	command parser and domain owner	command domain owner	see surfaces.tsv	owner configuration or none	none	tests/cli and owner tests	dynamic --help and runbooks	applicability depends on nested action	registry-schema
cli.offline.evidence.model	--include-roles	boolean	action-dependent	action-dependent	action-dependent		command owner named in commands.tsv	command parser and domain owner	command domain owner	see surfaces.tsv	owner configuration or none	none	tests/cli and owner tests	dynamic --help and runbooks	applicability depends on nested action	registry-schema
cli.offline.evidence.model	--limit-bytes	action-dependent	action-dependent	action-dependent	action-dependent		command owner named in commands.tsv	command parser and domain owner	command domain owner	see surfaces.tsv	owner configuration or none	none	tests/cli and owner tests	dynamic --help and runbooks	applicability depends on nested action	registry-schema
cli.offline.evidence.model	--limit-tensors	action-dependent	action-dependent	action-dependent	action-dependent		command owner named in commands.tsv	command parser and domain owner	command domain owner	see surfaces.tsv	owner configuration or none	none	tests/cli and owner tests	dynamic --help and runbooks	applicability depends on nested action	registry-schema
cli.offline.evidence.model	--model	action-dependent	action-dependent	action-dependent	action-dependent		command owner named in commands.tsv	command parser and domain owner	command domain owner	see surfaces.tsv	owner configuration or none	none	tests/cli and owner tests	dynamic --help and runbooks	applicability depends on nested action	registry-schema
cli.offline.evidence.model	--output	action-dependent	action-dependent	action-dependent	action-dependent		command owner named in commands.tsv	command parser and domain owner	command domain owner	see surfaces.tsv	owner configuration or none	none	tests/cli and owner tests	dynamic --help and runbooks	applicability depends on nested action	registry-schema
cli.offline.evidence.model	--plan-only	boolean	action-dependent	action-dependent	action-dependent		command owner named in commands.tsv	command parser and domain owner	command domain owner	see surfaces.tsv	owner configuration or none	none	tests/cli and owner tests	dynamic --help and runbooks	applicability depends on nested action	registry-schema
cli.offline.evidence.model	--registry	action-dependent	action-dependent	action-dependent	action-dependent		command owner named in commands.tsv	command parser and domain owner	command domain owner	see surfaces.tsv	owner configuration or none	none	tests/cli and owner tests	dynamic --help and runbooks	applicability depends on nested action	registry-schema
cli.offline.evidence.model	--report-dir	action-dependent	action-dependent	action-dependent	action-dependent		command owner named in commands.tsv	command parser and domain owner	command domain owner	see surfaces.tsv	owner configuration or none	none	tests/cli and owner tests	dynamic --help and runbooks	applicability depends on nested action	registry-schema
cli.offline.evidence.model	--require-collection	boolean	action-dependent	action-dependent	action-dependent		command owner named in commands.tsv	command parser and domain owner	command domain owner	see surfaces.tsv	owner configuration or none	none	tests/cli and owner tests	dynamic --help and runbooks	applicability depends on nested action	registry-schema
cli.offline.evidence.model	--require-role	boolean	action-dependent	action-dependent	action-dependent		command owner named in commands.tsv	command parser and domain owner	command domain owner	see surfaces.tsv	owner configuration or none	none	tests/cli and owner tests	dynamic --help and runbooks	applicability depends on nested action	registry-schema
cli.offline.evidence.model	--residency	action-dependent	action-dependent	action-dependent	action-dependent		command owner named in commands.tsv	command parser and domain owner	command domain owner	see surfaces.tsv	owner configuration or none	none	tests/cli and owner tests	dynamic --help and runbooks	applicability depends on nested action	registry-schema
cli.offline.evidence.model	--target	action-dependent	action-dependent	action-dependent	action-dependent		command owner named in commands.tsv	command parser and domain owner	command domain owner	see surfaces.tsv	owner configuration or none	none	tests/cli and owner tests	dynamic --help and runbooks	applicability depends on nested action	registry-schema
cli.offline.evidence.models	--alias	action-dependent	action-dependent	action-dependent	action-dependent		command owner named in commands.tsv	command parser and domain owner	command domain owner	see surfaces.tsv	owner configuration or none	none	tests/cli and owner tests	dynamic --help and runbooks	applicability depends on nested action	registry-schema
cli.offline.evidence.models	--all-provider-cache	boolean	action-dependent	action-dependent	action-dependent		command owner named in commands.tsv	command parser and domain owner	command domain owner	see surfaces.tsv	owner configuration or none	none	tests/cli and owner tests	dynamic --help and runbooks	applicability depends on nested action	registry-schema
cli.offline.evidence.models	--asset	action-dependent	action-dependent	action-dependent	action-dependent		command owner named in commands.tsv	command parser and domain owner	command domain owner	see surfaces.tsv	owner configuration or none	none	tests/cli and owner tests	dynamic --help and runbooks	applicability depends on nested action	registry-schema
cli.offline.evidence.models	--asset-name	text	no	none	bounded		src/cli/input/model_artifacts.c; src/cli/model_artifacts/models.c	models parser	model registry/download	none	none	none	owner-focused CLI tests	source parser; parent help may omit	parsed but omitted from parent help	registry-schema
cli.offline.evidence.models	--audit	boolean	action-dependent	action-dependent	action-dependent		command owner named in commands.tsv	command parser and domain owner	command domain owner	see surfaces.tsv	owner configuration or none	none	tests/cli and owner tests	dynamic --help and runbooks	applicability depends on nested action	registry-schema
cli.offline.evidence.models	--auth	action-dependent	action-dependent	action-dependent	action-dependent		command owner named in commands.tsv	command parser and domain owner	command domain owner	see surfaces.tsv	owner configuration or none	none	tests/cli and owner tests	dynamic --help and runbooks	applicability depends on nested action	registry-schema
cli.offline.evidence.models	--backend	action-dependent	action-dependent	action-dependent	action-dependent		command owner named in commands.tsv	command parser and domain owner	command domain owner	see surfaces.tsv	owner configuration or none	none	tests/cli and owner tests	dynamic --help and runbooks	applicability depends on nested action	registry-schema
cli.offline.evidence.models	--calibration	text	no	none	bounded		src/cli/input/model_artifacts.c; src/cli/model_artifacts/models.c	models parser	model registry/download	none	none	none	owner-focused CLI tests	source parser; parent help may omit	parsed but omitted from parent help	registry-schema
cli.offline.evidence.models	--clear-stale-locks	boolean	action-dependent	action-dependent	action-dependent		command owner named in commands.tsv	command parser and domain owner	command domain owner	see surfaces.tsv	owner configuration or none	none	tests/cli and owner tests	dynamic --help and runbooks	applicability depends on nested action	registry-schema
cli.offline.evidence.models	--cli	text	no	none	bounded		src/cli/input/model_artifacts.c; src/cli/model_artifacts/models.c	models parser	model registry/download	none	none	none	owner-focused CLI tests	source parser; parent help may omit	parsed but omitted from parent help	registry-schema
cli.offline.evidence.models	--dry-run	boolean	action-dependent	action-dependent	action-dependent		command owner named in commands.tsv	command parser and domain owner	command domain owner	see surfaces.tsv	owner configuration or none	none	tests/cli and owner tests	dynamic --help and runbooks	applicability depends on nested action	registry-schema
cli.offline.evidence.models	--exclude	repeatable pattern	no	none	bounded		src/cli/input/model_artifacts.c; src/cli/model_artifacts/models.c	models parser	model registry/download	none	none	none	owner-focused CLI tests	source parser; parent help may omit	parsed but omitted from parent help	registry-schema
cli.offline.evidence.models	--failed-partials	boolean	action-dependent	action-dependent	action-dependent		command owner named in commands.tsv	command parser and domain owner	command domain owner	see surfaces.tsv	owner configuration or none	none	tests/cli and owner tests	dynamic --help and runbooks	applicability depends on nested action	registry-schema
cli.offline.evidence.models	--family	action-dependent	action-dependent	action-dependent	action-dependent		command owner named in commands.tsv	command parser and domain owner	command domain owner	see surfaces.tsv	owner configuration or none	none	tests/cli and owner tests	dynamic --help and runbooks	applicability depends on nested action	registry-schema
cli.offline.evidence.models	--force	boolean	action-dependent	action-dependent	action-dependent		command owner named in commands.tsv	command parser and domain owner	command domain owner	see surfaces.tsv	owner configuration or none	none	tests/cli and owner tests	dynamic --help and runbooks	applicability depends on nested action	registry-schema
cli.offline.evidence.models	--force-sidecars	boolean	no	false	present/absent		src/cli/input/model_artifacts.c; src/cli/model_artifacts/models.c	models parser	model registry/download	none	none	none	owner-focused CLI tests	source parser; parent help may omit	parsed but omitted from parent help	registry-schema
cli.offline.evidence.models	--github-source	text	no	none	bounded		src/cli/input/model_artifacts.c; src/cli/model_artifacts/models.c	models parser	model registry/download	none	none	none	owner-focused CLI tests	source parser; parent help may omit	parsed but omitted from parent help	registry-schema
cli.offline.evidence.models	--include	repeatable pattern	no	none	bounded		src/cli/input/model_artifacts.c; src/cli/model_artifacts/models.c	models parser	model registry/download	none	none	none	owner-focused CLI tests	source parser; parent help may omit	parsed but omitted from parent help	registry-schema
cli.offline.evidence.models	--level	action-dependent	action-dependent	action-dependent	action-dependent		command owner named in commands.tsv	command parser and domain owner	command domain owner	see surfaces.tsv	owner configuration or none	none	tests/cli and owner tests	dynamic --help and runbooks	applicability depends on nested action	registry-schema
cli.offline.evidence.models	--logs	boolean	action-dependent	action-dependent	action-dependent		command owner named in commands.tsv	command parser and domain owner	command domain owner	see surfaces.tsv	owner configuration or none	none	tests/cli and owner tests	dynamic --help and runbooks	applicability depends on nested action	registry-schema
cli.offline.evidence.models	--match-provider-process	boolean	action-dependent	action-dependent	action-dependent		command owner named in commands.tsv	command parser and domain owner	command domain owner	see surfaces.tsv	owner configuration or none	none	tests/cli and owner tests	dynamic --help and runbooks	applicability depends on nested action	registry-schema
cli.offline.evidence.models	--max-workers	u64	no	none	positive		src/cli/input/model_artifacts.c; src/cli/model_artifacts/models.c	models parser	model registry/download	none	none	none	owner-focused CLI tests	source parser; parent help may omit	parsed but omitted from parent help	registry-schema
cli.offline.evidence.models	--models-root	action-dependent	action-dependent	action-dependent	action-dependent		command owner named in commands.tsv	command parser and domain owner	command domain owner	see surfaces.tsv	owner configuration or none	none	tests/cli and owner tests	dynamic --help and runbooks	applicability depends on nested action	registry-schema
cli.offline.evidence.models	--name	action-dependent	action-dependent	action-dependent	action-dependent		command owner named in commands.tsv	command parser and domain owner	command domain owner	see surfaces.tsv	owner configuration or none	none	tests/cli and owner tests	dynamic --help and runbooks	applicability depends on nested action	registry-schema
cli.offline.evidence.models	--no-graph	boolean	action-dependent	action-dependent	action-dependent		command owner named in commands.tsv	command parser and domain owner	command domain owner	see surfaces.tsv	owner configuration or none	none	tests/cli and owner tests	dynamic --help and runbooks	applicability depends on nested action	registry-schema
cli.offline.evidence.models	--no-manifest	boolean	no	false	present/absent		src/cli/input/model_artifacts.c; src/cli/model_artifacts/models.c	models parser	model registry/download	none	none	none	owner-focused CLI tests	source parser; parent help may omit	parsed but omitted from parent help	registry-schema
cli.offline.evidence.models	--no-materialize	boolean	action-dependent	action-dependent	action-dependent		command owner named in commands.tsv	command parser and domain owner	command domain owner	see surfaces.tsv	owner configuration or none	none	tests/cli and owner tests	dynamic --help and runbooks	applicability depends on nested action	registry-schema
cli.offline.evidence.models	--no-native-inventory	boolean	no	false	present/absent		src/cli/input/model_artifacts.c; src/cli/model_artifacts/models.c	models parser	model registry/download	none	none	none	owner-focused CLI tests	source parser; parent help may omit	parsed but omitted from parent help	registry-schema
cli.offline.evidence.models	--no-progress	boolean	action-dependent	action-dependent	action-dependent		command owner named in commands.tsv	command parser and domain owner	command domain owner	see surfaces.tsv	owner configuration or none	none	tests/cli and owner tests	dynamic --help and runbooks	applicability depends on nested action	registry-schema
cli.offline.evidence.models	--no-register	boolean	action-dependent	action-dependent	action-dependent		command owner named in commands.tsv	command parser and domain owner	command domain owner	see surfaces.tsv	owner configuration or none	none	tests/cli and owner tests	dynamic --help and runbooks	applicability depends on nested action	registry-schema
cli.offline.evidence.models	--no-use	boolean	action-dependent	action-dependent	action-dependent		command owner named in commands.tsv	command parser and domain owner	command domain owner	see surfaces.tsv	owner configuration or none	none	tests/cli and owner tests	dynamic --help and runbooks	applicability depends on nested action	registry-schema
cli.offline.evidence.models	--out	action-dependent	action-dependent	action-dependent	action-dependent		command owner named in commands.tsv	command parser and domain owner	command domain owner	see surfaces.tsv	owner configuration or none	none	tests/cli and owner tests	dynamic --help and runbooks	applicability depends on nested action	registry-schema
cli.offline.evidence.models	--out-dir	action-dependent	action-dependent	action-dependent	action-dependent		command owner named in commands.tsv	command parser and domain owner	command domain owner	see surfaces.tsv	owner configuration or none	none	tests/cli and owner tests	dynamic --help and runbooks	applicability depends on nested action	registry-schema
cli.offline.evidence.models	--output	action-dependent	action-dependent	action-dependent	action-dependent		command owner named in commands.tsv	command parser and domain owner	command domain owner	see surfaces.tsv	owner configuration or none	none	tests/cli and owner tests	dynamic --help and runbooks	applicability depends on nested action	registry-schema
cli.offline.evidence.models	--overwrite	boolean	action-dependent	action-dependent	action-dependent		command owner named in commands.tsv	command parser and domain owner	command domain owner	see surfaces.tsv	owner configuration or none	none	tests/cli and owner tests	dynamic --help and runbooks	applicability depends on nested action	registry-schema
cli.offline.evidence.models	--path	action-dependent	action-dependent	action-dependent	action-dependent		command owner named in commands.tsv	command parser and domain owner	command domain owner	see surfaces.tsv	owner configuration or none	none	tests/cli and owner tests	dynamic --help and runbooks	applicability depends on nested action	registry-schema
cli.offline.evidence.models	--progress	action-dependent	action-dependent	action-dependent	action-dependent		command owner named in commands.tsv	command parser and domain owner	command domain owner	see surfaces.tsv	owner configuration or none	none	tests/cli and owner tests	dynamic --help and runbooks	applicability depends on nested action	registry-schema
cli.offline.evidence.models	--provider	action-dependent	action-dependent	action-dependent	action-dependent		command owner named in commands.tsv	command parser and domain owner	command domain owner	see surfaces.tsv	owner configuration or none	none	tests/cli and owner tests	dynamic --help and runbooks	applicability depends on nested action	registry-schema
cli.offline.evidence.models	--qprofile	text	no	none	bounded		src/cli/input/model_artifacts.c; src/cli/model_artifacts/models.c	models parser	model registry/download	none	none	none	owner-focused CLI tests	source parser; parent help may omit	parsed but omitted from parent help	registry-schema
cli.offline.evidence.models	--receipts	boolean	action-dependent	action-dependent	action-dependent		command owner named in commands.tsv	command parser and domain owner	command domain owner	see surfaces.tsv	owner configuration or none	none	tests/cli and owner tests	dynamic --help and runbooks	applicability depends on nested action	registry-schema
cli.offline.evidence.models	--registry	action-dependent	action-dependent	action-dependent	action-dependent		command owner named in commands.tsv	command parser and domain owner	command domain owner	see surfaces.tsv	owner configuration or none	none	tests/cli and owner tests	dynamic --help and runbooks	applicability depends on nested action	registry-schema
cli.offline.evidence.models	--release	action-dependent	action-dependent	action-dependent	action-dependent		command owner named in commands.tsv	command parser and domain owner	command domain owner	see surfaces.tsv	owner configuration or none	none	tests/cli and owner tests	dynamic --help and runbooks	applicability depends on nested action	registry-schema
cli.offline.evidence.models	--repo	action-dependent	action-dependent	action-dependent	action-dependent		command owner named in commands.tsv	command parser and domain owner	command domain owner	see surfaces.tsv	owner configuration or none	none	tests/cli and owner tests	dynamic --help and runbooks	applicability depends on nested action	registry-schema
cli.offline.evidence.models	--report-dir	action-dependent	action-dependent	action-dependent	action-dependent		command owner named in commands.tsv	command parser and domain owner	command domain owner	see surfaces.tsv	owner configuration or none	none	tests/cli and owner tests	dynamic --help and runbooks	applicability depends on nested action	registry-schema
cli.offline.evidence.models	--root	action-dependent	action-dependent	action-dependent	action-dependent		command owner named in commands.tsv	command parser and domain owner	command domain owner	see surfaces.tsv	owner configuration or none	none	tests/cli and owner tests	dynamic --help and runbooks	applicability depends on nested action	registry-schema
cli.offline.evidence.models	--source	action-dependent	action-dependent	action-dependent	action-dependent		command owner named in commands.tsv	command parser and domain owner	command domain owner	see surfaces.tsv	owner configuration or none	none	tests/cli and owner tests	dynamic --help and runbooks	applicability depends on nested action	registry-schema
cli.offline.evidence.models	--stale-locks	boolean	action-dependent	action-dependent	action-dependent		command owner named in commands.tsv	command parser and domain owner	command domain owner	see surfaces.tsv	owner configuration or none	none	tests/cli and owner tests	dynamic --help and runbooks	applicability depends on nested action	registry-schema
cli.offline.evidence.models	--support-level	action-dependent	action-dependent	action-dependent	action-dependent		command owner named in commands.tsv	command parser and domain owner	command domain owner	see surfaces.tsv	owner configuration or none	none	tests/cli and owner tests	dynamic --help and runbooks	applicability depends on nested action	registry-schema
cli.offline.evidence.models	--tick-seconds	action-dependent	action-dependent	action-dependent	action-dependent		command owner named in commands.tsv	command parser and domain owner	command domain owner	see surfaces.tsv	owner configuration or none	none	tests/cli and owner tests	dynamic --help and runbooks	applicability depends on nested action	registry-schema
cli.offline.evidence.models	--timeout-seconds	action-dependent	action-dependent	action-dependent	action-dependent		command owner named in commands.tsv	command parser and domain owner	command domain owner	see surfaces.tsv	owner configuration or none	none	tests/cli and owner tests	dynamic --help and runbooks	applicability depends on nested action	registry-schema
cli.offline.evidence.models	--yes	boolean	action-dependent	action-dependent	action-dependent		command owner named in commands.tsv	command parser and domain owner	command domain owner	see surfaces.tsv	owner configuration or none	none	tests/cli and owner tests	dynamic --help and runbooks	applicability depends on nested action	registry-schema
cli.offline.evidence.moe	--audit	boolean	action-dependent	action-dependent	action-dependent		command owner named in commands.tsv	command parser and domain owner	command domain owner	see surfaces.tsv	owner configuration or none	none	tests/cli and owner tests	dynamic --help and runbooks	applicability depends on nested action	registry-schema
cli.offline.evidence.moe	--backend	action-dependent	action-dependent	action-dependent	action-dependent		command owner named in commands.tsv	command parser and domain owner	command domain owner	see surfaces.tsv	owner configuration or none	none	tests/cli and owner tests	dynamic --help and runbooks	applicability depends on nested action	registry-schema
cli.offline.evidence.moe	--family	action-dependent	action-dependent	action-dependent	action-dependent		command owner named in commands.tsv	command parser and domain owner	command domain owner	see surfaces.tsv	owner configuration or none	none	tests/cli and owner tests	dynamic --help and runbooks	applicability depends on nested action	registry-schema
cli.offline.evidence.moe	--include-blockers	boolean	action-dependent	action-dependent	action-dependent		command owner named in commands.tsv	command parser and domain owner	command domain owner	see surfaces.tsv	owner configuration or none	none	tests/cli and owner tests	dynamic --help and runbooks	applicability depends on nested action	registry-schema
cli.offline.evidence.moe	--include-residency	boolean	action-dependent	action-dependent	action-dependent		command owner named in commands.tsv	command parser and domain owner	command domain owner	see surfaces.tsv	owner configuration or none	none	tests/cli and owner tests	dynamic --help and runbooks	applicability depends on nested action	registry-schema
cli.offline.evidence.moe	--include-tensors	boolean	action-dependent	action-dependent	action-dependent		command owner named in commands.tsv	command parser and domain owner	command domain owner	see surfaces.tsv	owner configuration or none	none	tests/cli and owner tests	dynamic --help and runbooks	applicability depends on nested action	registry-schema
cli.offline.evidence.moe	--model	action-dependent	action-dependent	action-dependent	action-dependent		command owner named in commands.tsv	command parser and domain owner	command domain owner	see surfaces.tsv	owner configuration or none	none	tests/cli and owner tests	dynamic --help and runbooks	applicability depends on nested action	registry-schema
cli.offline.evidence.moe	--output	action-dependent	action-dependent	action-dependent	action-dependent		command owner named in commands.tsv	command parser and domain owner	command domain owner	see surfaces.tsv	owner configuration or none	none	tests/cli and owner tests	dynamic --help and runbooks	applicability depends on nested action	registry-schema
cli.offline.evidence.moe	--registry	action-dependent	action-dependent	action-dependent	action-dependent		command owner named in commands.tsv	command parser and domain owner	command domain owner	see surfaces.tsv	owner configuration or none	none	tests/cli and owner tests	dynamic --help and runbooks	applicability depends on nested action	registry-schema
cli.offline.evidence.paths	--audit	boolean	action-dependent	action-dependent	action-dependent		command owner named in commands.tsv	command parser and domain owner	command domain owner	see surfaces.tsv	owner configuration or none	none	tests/cli and owner tests	dynamic --help and runbooks	applicability depends on nested action	registry-schema
cli.offline.evidence.paths	--create	boolean	action-dependent	action-dependent	action-dependent		command owner named in commands.tsv	command parser and domain owner	command domain owner	see surfaces.tsv	owner configuration or none	none	tests/cli and owner tests	dynamic --help and runbooks	applicability depends on nested action	registry-schema
cli.offline.evidence.paths	--family	action-dependent	action-dependent	action-dependent	action-dependent		command owner named in commands.tsv	command parser and domain owner	command domain owner	see surfaces.tsv	owner configuration or none	none	tests/cli and owner tests	dynamic --help and runbooks	applicability depends on nested action	registry-schema
cli.offline.evidence.paths	--kind	action-dependent	action-dependent	action-dependent	action-dependent		command owner named in commands.tsv	command parser and domain owner	command domain owner	see surfaces.tsv	owner configuration or none	none	tests/cli and owner tests	dynamic --help and runbooks	applicability depends on nested action	registry-schema
cli.offline.evidence.paths	--models-root	action-dependent	action-dependent	action-dependent	action-dependent		command owner named in commands.tsv	command parser and domain owner	command domain owner	see surfaces.tsv	owner configuration or none	none	tests/cli and owner tests	dynamic --help and runbooks	applicability depends on nested action	registry-schema
cli.offline.evidence.paths	--output	action-dependent	action-dependent	action-dependent	action-dependent		command owner named in commands.tsv	command parser and domain owner	command domain owner	see surfaces.tsv	owner configuration or none	none	tests/cli and owner tests	dynamic --help and runbooks	applicability depends on nested action	registry-schema
cli.offline.evidence.paths	--project	action-dependent	action-dependent	action-dependent	action-dependent		command owner named in commands.tsv	command parser and domain owner	command domain owner	see surfaces.tsv	owner configuration or none	none	tests/cli and owner tests	dynamic --help and runbooks	applicability depends on nested action	registry-schema
cli.offline.evidence.paths	--reset	boolean	action-dependent	action-dependent	action-dependent		command owner named in commands.tsv	command parser and domain owner	command domain owner	see surfaces.tsv	owner configuration or none	none	tests/cli and owner tests	dynamic --help and runbooks	applicability depends on nested action	registry-schema
cli.offline.evidence.paths	--run	boolean	action-dependent	action-dependent	action-dependent		command owner named in commands.tsv	command parser and domain owner	command domain owner	see surfaces.tsv	owner configuration or none	none	tests/cli and owner tests	dynamic --help and runbooks	applicability depends on nested action	registry-schema
cli.offline.evidence.target	--candidate	text	no	none	bounded text		src/cli/input/model_target.c	model-target parser	target report	none	none	none	owner-focused CLI tests	source parser; parent help may omit	parsed but omitted from parent help	registry-schema
cli.offline.evidence.target	--check-output-contract	text	no	none	bounded text		src/cli/input/model_target.c	model-target parser	target report	none	none	none	owner-focused CLI tests	source parser; parent help may omit	parsed but omitted from parent help	registry-schema
cli.offline.evidence.target	--gate	action-dependent	action-dependent	action-dependent	action-dependent		command owner named in commands.tsv	command parser and domain owner	command domain owner	see surfaces.tsv	owner configuration or none	none	tests/cli and owner tests	dynamic --help and runbooks	applicability depends on nested action	registry-schema
cli.offline.evidence.target	--include-backend	boolean	no	false	present/absent		src/cli/input/model_target.c	model-target parser	target report	none	none	none	owner-focused CLI tests	source parser; parent help may omit	parsed but omitted from parent help	registry-schema
cli.offline.evidence.target	--include-candidates	boolean	no	false	present/absent		src/cli/input/model_target.c	model-target parser	target report	none	none	none	owner-focused CLI tests	source parser; parent help may omit	parsed but omitted from parent help	registry-schema
cli.offline.evidence.target	--include-critical-path	boolean	no	false	present/absent		src/cli/input/model_target.c	model-target parser	target report	none	none	none	owner-focused CLI tests	source parser; parent help may omit	parsed but omitted from parent help	registry-schema
cli.offline.evidence.target	--include-examples	boolean	no	false	present/absent		src/cli/input/model_target.c	model-target parser	target report	none	none	none	owner-focused CLI tests	source parser; parent help may omit	parsed but omitted from parent help	registry-schema
cli.offline.evidence.target	--include-hardware	boolean	no	false	present/absent		src/cli/input/model_target.c	model-target parser	target report	none	none	none	owner-focused CLI tests	source parser; parent help may omit	parsed but omitted from parent help	registry-schema
cli.offline.evidence.target	--include-pressure-targets	boolean	no	false	present/absent		src/cli/input/model_target.c	model-target parser	target report	none	none	none	owner-focused CLI tests	source parser; parent help may omit	parsed but omitted from parent help	registry-schema
cli.offline.evidence.target	--include-requirements	boolean	no	false	present/absent		src/cli/input/model_target.c	model-target parser	target report	none	none	none	owner-focused CLI tests	source parser; parent help may omit	parsed but omitted from parent help	registry-schema
cli.offline.evidence.target	--include-source	boolean	no	false	present/absent		src/cli/input/model_target.c	model-target parser	target report	none	none	none	owner-focused CLI tests	source parser; parent help may omit	parsed but omitted from parent help	registry-schema
cli.offline.evidence.target	--models-root	action-dependent	action-dependent	action-dependent	action-dependent		command owner named in commands.tsv	command parser and domain owner	command domain owner	see surfaces.tsv	owner configuration or none	none	tests/cli and owner tests	dynamic --help and runbooks	applicability depends on nested action	registry-schema
cli.offline.evidence.target	--paths	boolean	action-dependent	action-dependent	action-dependent		command owner named in commands.tsv	command parser and domain owner	command domain owner	see surfaces.tsv	owner configuration or none	none	tests/cli and owner tests	dynamic --help and runbooks	applicability depends on nested action	registry-schema
cli.offline.evidence.target	--release	action-dependent	action-dependent	action-dependent	action-dependent		command owner named in commands.tsv	command parser and domain owner	command domain owner	see surfaces.tsv	owner configuration or none	none	tests/cli and owner tests	dynamic --help and runbooks	applicability depends on nested action	registry-schema
cli.offline.evidence.target	--role-support	boolean	no	false	present/absent		src/cli/input/model_target.c	model-target parser	target report	none	none	none	owner-focused CLI tests	source parser; parent help may omit	parsed but omitted from parent help	registry-schema
cli.offline.evidence.target	--roles	boolean	no	false	present/absent		src/cli/input/model_target.c	model-target parser	target report	none	none	none	owner-focused CLI tests	source parser; parent help may omit	parsed but omitted from parent help	registry-schema
cli.offline.graph	--artifact	action-dependent	action-dependent	action-dependent	action-dependent		command owner named in commands.tsv	command parser and domain owner	command domain owner	see surfaces.tsv	owner configuration or none	none	tests/cli and owner tests	dynamic --help and runbooks	broad route flag union; applicability depends on nested action	registry-schema
cli.offline.graph	--audit	boolean	action-dependent	action-dependent	action-dependent		command owner named in commands.tsv	command parser and domain owner	command domain owner	see surfaces.tsv	owner configuration or none	none	tests/cli and owner tests	dynamic --help and runbooks	broad route flag union; applicability depends on nested action	registry-schema
cli.offline.graph	--backend	action-dependent	action-dependent	action-dependent	action-dependent		command owner named in commands.tsv	command parser and domain owner	command domain owner	see surfaces.tsv	owner configuration or none	none	tests/cli and owner tests	dynamic --help and runbooks	broad route flag union; applicability depends on nested action	registry-schema
cli.offline.graph	--baseline	action-dependent	action-dependent	action-dependent	action-dependent		command owner named in commands.tsv	command parser and domain owner	command domain owner	see surfaces.tsv	owner configuration or none	none	tests/cli and owner tests	dynamic --help and runbooks	broad route flag union; applicability depends on nested action	registry-schema
cli.offline.graph	--capture-bucket	action-dependent	action-dependent	action-dependent	action-dependent		command owner named in commands.tsv	command parser and domain owner	command domain owner	see surfaces.tsv	owner configuration or none	none	tests/cli and owner tests	dynamic --help and runbooks	broad route flag union; applicability depends on nested action	registry-schema
cli.offline.graph	--chart	action-dependent	action-dependent	action-dependent	action-dependent		command owner named in commands.tsv	command parser and domain owner	command domain owner	see surfaces.tsv	owner configuration or none	none	tests/cli and owner tests	dynamic --help and runbooks	broad route flag union; applicability depends on nested action	registry-schema
cli.offline.graph	--chunk-tokens	action-dependent	action-dependent	action-dependent	action-dependent		command owner named in commands.tsv	command parser and domain owner	command domain owner	see surfaces.tsv	owner configuration or none	none	tests/cli and owner tests	dynamic --help and runbooks	broad route flag union; applicability depends on nested action	registry-schema
cli.offline.graph	--class	action-dependent	action-dependent	action-dependent	action-dependent		command owner named in commands.tsv	command parser and domain owner	command domain owner	see surfaces.tsv	owner configuration or none	none	tests/cli and owner tests	dynamic --help and runbooks	broad route flag union; applicability depends on nested action	registry-schema
cli.offline.graph	--compare-backends	action-dependent	action-dependent	action-dependent	action-dependent		command owner named in commands.tsv	command parser and domain owner	command domain owner	see surfaces.tsv	owner configuration or none	none	tests/cli and owner tests	dynamic --help and runbooks	broad route flag union; applicability depends on nested action	registry-schema
cli.offline.graph	--compressed-capacity	action-dependent	action-dependent	action-dependent	action-dependent		command owner named in commands.tsv	command parser and domain owner	command domain owner	see surfaces.tsv	owner configuration or none	none	tests/cli and owner tests	dynamic --help and runbooks	broad route flag union; applicability depends on nested action	registry-schema
cli.offline.graph	--context-capacity	action-dependent	action-dependent	action-dependent	action-dependent		command owner named in commands.tsv	command parser and domain owner	command domain owner	see surfaces.tsv	owner configuration or none	none	tests/cli and owner tests	dynamic --help and runbooks	broad route flag union; applicability depends on nested action	registry-schema
cli.offline.graph	--current	action-dependent	action-dependent	action-dependent	action-dependent		command owner named in commands.tsv	command parser and domain owner	command domain owner	see surfaces.tsv	owner configuration or none	none	tests/cli and owner tests	dynamic --help and runbooks	broad route flag union; applicability depends on nested action	registry-schema
cli.offline.graph	--help	action-dependent	action-dependent	action-dependent	action-dependent		command owner named in commands.tsv	command parser and domain owner	command domain owner	see surfaces.tsv	owner configuration or none	none	tests/cli and owner tests	dynamic --help and runbooks	broad route flag union; applicability depends on nested action	registry-schema
cli.offline.graph	--history-tokens	action-dependent	action-dependent	action-dependent	action-dependent		command owner named in commands.tsv	command parser and domain owner	command domain owner	see surfaces.tsv	owner configuration or none	none	tests/cli and owner tests	dynamic --help and runbooks	broad route flag union; applicability depends on nested action	registry-schema
cli.offline.graph	--imatrix-manifest	action-dependent	action-dependent	action-dependent	action-dependent		command owner named in commands.tsv	command parser and domain owner	command domain owner	see surfaces.tsv	owner configuration or none	none	tests/cli and owner tests	dynamic --help and runbooks	broad route flag union; applicability depends on nested action	registry-schema
cli.offline.graph	--indexer-capacity	action-dependent	action-dependent	action-dependent	action-dependent		command owner named in commands.tsv	command parser and domain owner	command domain owner	see surfaces.tsv	owner configuration or none	none	tests/cli and owner tests	dynamic --help and runbooks	broad route flag union; applicability depends on nested action	registry-schema
cli.offline.graph	--input	action-dependent	action-dependent	action-dependent	action-dependent		command owner named in commands.tsv	command parser and domain owner	command domain owner	see surfaces.tsv	owner configuration or none	none	tests/cli and owner tests	dynamic --help and runbooks	broad route flag union; applicability depends on nested action	registry-schema
cli.offline.graph	--input-file	action-dependent	action-dependent	action-dependent	action-dependent		command owner named in commands.tsv	command parser and domain owner	command domain owner	see surfaces.tsv	owner configuration or none	none	tests/cli and owner tests	dynamic --help and runbooks	broad route flag union; applicability depends on nested action	registry-schema
cli.offline.graph	--json	boolean	action-dependent	action-dependent	action-dependent		command owner named in commands.tsv	command parser and domain owner	command domain owner	see surfaces.tsv	owner configuration or none	none	tests/cli and owner tests	dynamic --help and runbooks	broad route flag union; applicability depends on nested action	registry-schema
cli.offline.graph	--layer	action-dependent	action-dependent	action-dependent	action-dependent		command owner named in commands.tsv	command parser and domain owner	command domain owner	see surfaces.tsv	owner configuration or none	none	tests/cli and owner tests	dynamic --help and runbooks	broad route flag union; applicability depends on nested action	registry-schema
cli.offline.graph	--layer-count	action-dependent	action-dependent	action-dependent	action-dependent		command owner named in commands.tsv	command parser and domain owner	command domain owner	see surfaces.tsv	owner configuration or none	none	tests/cli and owner tests	dynamic --help and runbooks	broad route flag union; applicability depends on nested action	registry-schema
cli.offline.graph	--layer-start	action-dependent	action-dependent	action-dependent	action-dependent		command owner named in commands.tsv	command parser and domain owner	command domain owner	see surfaces.tsv	owner configuration or none	none	tests/cli and owner tests	dynamic --help and runbooks	broad route flag union; applicability depends on nested action	registry-schema
cli.offline.graph	--local-capacity	action-dependent	action-dependent	action-dependent	action-dependent		command owner named in commands.tsv	command parser and domain owner	command domain owner	see surfaces.tsv	owner configuration or none	none	tests/cli and owner tests	dynamic --help and runbooks	broad route flag union; applicability depends on nested action	registry-schema
cli.offline.graph	--max-device-bytes	action-dependent	action-dependent	action-dependent	action-dependent		command owner named in commands.tsv	command parser and domain owner	command domain owner	see surfaces.tsv	owner configuration or none	none	tests/cli and owner tests	dynamic --help and runbooks	broad route flag union; applicability depends on nested action	registry-schema
cli.offline.graph	--max-host-bytes	action-dependent	action-dependent	action-dependent	action-dependent		command owner named in commands.tsv	command parser and domain owner	command domain owner	see surfaces.tsv	owner configuration or none	none	tests/cli and owner tests	dynamic --help and runbooks	broad route flag union; applicability depends on nested action	registry-schema
cli.offline.graph	--max-new-tokens	action-dependent	action-dependent	action-dependent	action-dependent		command owner named in commands.tsv	command parser and domain owner	command domain owner	see surfaces.tsv	owner configuration or none	none	tests/cli and owner tests	dynamic --help and runbooks	broad route flag union; applicability depends on nested action	registry-schema
cli.offline.graph	--max-output-bytes	action-dependent	action-dependent	action-dependent	action-dependent		command owner named in commands.tsv	command parser and domain owner	command domain owner	see surfaces.tsv	owner configuration or none	none	tests/cli and owner tests	dynamic --help and runbooks	broad route flag union; applicability depends on nested action	registry-schema
cli.offline.graph	--max-regression-bps	action-dependent	action-dependent	action-dependent	action-dependent		command owner named in commands.tsv	command parser and domain owner	command domain owner	see surfaces.tsv	owner configuration or none	none	tests/cli and owner tests	dynamic --help and runbooks	broad route flag union; applicability depends on nested action	registry-schema
cli.offline.graph	--min-p	action-dependent	action-dependent	action-dependent	action-dependent		command owner named in commands.tsv	command parser and domain owner	command domain owner	see surfaces.tsv	owner configuration or none	none	tests/cli and owner tests	dynamic --help and runbooks	broad route flag union; applicability depends on nested action	registry-schema
cli.offline.graph	--mode	action-dependent	action-dependent	action-dependent	action-dependent		command owner named in commands.tsv	command parser and domain owner	command domain owner	see surfaces.tsv	owner configuration or none	none	tests/cli and owner tests	dynamic --help and runbooks	broad route flag union; applicability depends on nested action	registry-schema
cli.offline.graph	--models-root	action-dependent	action-dependent	action-dependent	action-dependent		command owner named in commands.tsv	command parser and domain owner	command domain owner	see surfaces.tsv	owner configuration or none	none	tests/cli and owner tests	dynamic --help and runbooks	broad route flag union; applicability depends on nested action	registry-schema
cli.offline.graph	--operation-scope	action-dependent	action-dependent	action-dependent	action-dependent		command owner named in commands.tsv	command parser and domain owner	command domain owner	see surfaces.tsv	owner configuration or none	none	tests/cli and owner tests	dynamic --help and runbooks	broad route flag union; applicability depends on nested action	registry-schema
cli.offline.graph	--output	action-dependent	action-dependent	action-dependent	action-dependent		command owner named in commands.tsv	command parser and domain owner	command domain owner	see surfaces.tsv	owner configuration or none	none	tests/cli and owner tests	dynamic --help and runbooks	broad route flag union; applicability depends on nested action	registry-schema
cli.offline.graph	--phase	action-dependent	action-dependent	action-dependent	action-dependent		command owner named in commands.tsv	command parser and domain owner	command domain owner	see surfaces.tsv	owner configuration or none	none	tests/cli and owner tests	dynamic --help and runbooks	broad route flag union; applicability depends on nested action	registry-schema
cli.offline.graph	--physical-variant-plan	action-dependent	action-dependent	action-dependent	action-dependent		command owner named in commands.tsv	command parser and domain owner	command domain owner	see surfaces.tsv	owner configuration or none	none	tests/cli and owner tests	dynamic --help and runbooks	broad route flag union; applicability depends on nested action	registry-schema
cli.offline.graph	--position	action-dependent	action-dependent	action-dependent	action-dependent		command owner named in commands.tsv	command parser and domain owner	command domain owner	see surfaces.tsv	owner configuration or none	none	tests/cli and owner tests	dynamic --help and runbooks	broad route flag union; applicability depends on nested action	registry-schema
cli.offline.graph	--prefill-chunk-tokens	action-dependent	action-dependent	action-dependent	action-dependent		command owner named in commands.tsv	command parser and domain owner	command domain owner	see surfaces.tsv	owner configuration or none	none	tests/cli and owner tests	dynamic --help and runbooks	broad route flag union; applicability depends on nested action	registry-schema
cli.offline.graph	--prefill-tokens	action-dependent	action-dependent	action-dependent	action-dependent		command owner named in commands.tsv	command parser and domain owner	command domain owner	see surfaces.tsv	owner configuration or none	none	tests/cli and owner tests	dynamic --help and runbooks	broad route flag union; applicability depends on nested action	registry-schema
cli.offline.graph	--probe	action-dependent	action-dependent	action-dependent	action-dependent		command owner named in commands.tsv	command parser and domain owner	command domain owner	see surfaces.tsv	owner configuration or none	none	tests/cli and owner tests	dynamic --help and runbooks	broad route flag union; applicability depends on nested action	registry-schema
cli.offline.graph	--progress	action-dependent	action-dependent	action-dependent	action-dependent		command owner named in commands.tsv	command parser and domain owner	command domain owner	see surfaces.tsv	owner configuration or none	none	tests/cli and owner tests	dynamic --help and runbooks	broad route flag union; applicability depends on nested action	registry-schema
cli.offline.graph	--quant-policy	action-dependent	action-dependent	action-dependent	action-dependent		command owner named in commands.tsv	command parser and domain owner	command domain owner	see surfaces.tsv	owner configuration or none	none	tests/cli and owner tests	dynamic --help and runbooks	broad route flag union; applicability depends on nested action	registry-schema
cli.offline.graph	--quant-preset	action-dependent	action-dependent	action-dependent	action-dependent		command owner named in commands.tsv	command parser and domain owner	command domain owner	see surfaces.tsv	owner configuration or none	none	tests/cli and owner tests	dynamic --help and runbooks	broad route flag union; applicability depends on nested action	registry-schema
cli.offline.graph	--repeat	action-dependent	action-dependent	action-dependent	action-dependent		command owner named in commands.tsv	command parser and domain owner	command domain owner	see surfaces.tsv	owner configuration or none	none	tests/cli and owner tests	dynamic --help and runbooks	broad route flag union; applicability depends on nested action	registry-schema
cli.offline.graph	--require-mode	boolean	action-dependent	action-dependent	action-dependent		command owner named in commands.tsv	command parser and domain owner	command domain owner	see surfaces.tsv	owner configuration or none	none	tests/cli and owner tests	dynamic --help and runbooks	broad route flag union; applicability depends on nested action	registry-schema
cli.offline.graph	--runtime-binding	boolean	action-dependent	action-dependent	action-dependent		command owner named in commands.tsv	command parser and domain owner	command domain owner	see surfaces.tsv	owner configuration or none	none	tests/cli and owner tests	dynamic --help and runbooks	broad route flag union; applicability depends on nested action	registry-schema
cli.offline.graph	--runtime-binding-dir	boolean	action-dependent	action-dependent	action-dependent		command owner named in commands.tsv	command parser and domain owner	command domain owner	see surfaces.tsv	owner configuration or none	none	tests/cli and owner tests	dynamic --help and runbooks	broad route flag union; applicability depends on nested action	registry-schema
cli.offline.graph	--scope	action-dependent	action-dependent	action-dependent	action-dependent		command owner named in commands.tsv	command parser and domain owner	command domain owner	see surfaces.tsv	owner configuration or none	none	tests/cli and owner tests	dynamic --help and runbooks	broad route flag union; applicability depends on nested action	registry-schema
cli.offline.graph	--seed	action-dependent	action-dependent	action-dependent	action-dependent		command owner named in commands.tsv	command parser and domain owner	command domain owner	see surfaces.tsv	owner configuration or none	none	tests/cli and owner tests	dynamic --help and runbooks	broad route flag union; applicability depends on nested action	registry-schema
cli.offline.graph	--source	action-dependent	action-dependent	action-dependent	action-dependent		command owner named in commands.tsv	command parser and domain owner	command domain owner	see surfaces.tsv	owner configuration or none	none	tests/cli and owner tests	dynamic --help and runbooks	broad route flag union; applicability depends on nested action	registry-schema
cli.offline.graph	--source-manifest	action-dependent	action-dependent	action-dependent	action-dependent		command owner named in commands.tsv	command parser and domain owner	command domain owner	see surfaces.tsv	owner configuration or none	none	tests/cli and owner tests	dynamic --help and runbooks	broad route flag union; applicability depends on nested action	registry-schema
cli.offline.graph	--strategy	action-dependent	action-dependent	action-dependent	action-dependent		command owner named in commands.tsv	command parser and domain owner	command domain owner	see surfaces.tsv	owner configuration or none	none	tests/cli and owner tests	dynamic --help and runbooks	broad route flag union; applicability depends on nested action	registry-schema
cli.offline.graph	--system	action-dependent	action-dependent	action-dependent	action-dependent		command owner named in commands.tsv	command parser and domain owner	command domain owner	see surfaces.tsv	owner configuration or none	none	tests/cli and owner tests	dynamic --help and runbooks	broad route flag union; applicability depends on nested action	registry-schema
cli.offline.graph	--target	action-dependent	action-dependent	action-dependent	action-dependent		command owner named in commands.tsv	command parser and domain owner	command domain owner	see surfaces.tsv	owner configuration or none	none	tests/cli and owner tests	dynamic --help and runbooks	broad route flag union; applicability depends on nested action	registry-schema
cli.offline.graph	--temperature	action-dependent	action-dependent	action-dependent	action-dependent		command owner named in commands.tsv	command parser and domain owner	command domain owner	see surfaces.tsv	owner configuration or none	none	tests/cli and owner tests	dynamic --help and runbooks	broad route flag union; applicability depends on nested action	registry-schema
cli.offline.graph	--text	action-dependent	action-dependent	action-dependent	action-dependent		command owner named in commands.tsv	command parser and domain owner	command domain owner	see surfaces.tsv	owner configuration or none	none	tests/cli and owner tests	dynamic --help and runbooks	broad route flag union; applicability depends on nested action	registry-schema
cli.offline.graph	--tokens	boolean	action-dependent	action-dependent	action-dependent		command owner named in commands.tsv	command parser and domain owner	command domain owner	see surfaces.tsv	owner configuration or none	none	tests/cli and owner tests	dynamic --help and runbooks	broad route flag union; applicability depends on nested action	registry-schema
cli.offline.graph	--top-k	action-dependent	action-dependent	action-dependent	action-dependent		command owner named in commands.tsv	command parser and domain owner	command domain owner	see surfaces.tsv	owner configuration or none	none	tests/cli and owner tests	dynamic --help and runbooks	broad route flag union; applicability depends on nested action	registry-schema
cli.offline.graph	--top-p	action-dependent	action-dependent	action-dependent	action-dependent		command owner named in commands.tsv	command parser and domain owner	command domain owner	see surfaces.tsv	owner configuration or none	none	tests/cli and owner tests	dynamic --help and runbooks	broad route flag union; applicability depends on nested action	registry-schema
cli.offline.graph	--trace-level	action-dependent	action-dependent	action-dependent	action-dependent		command owner named in commands.tsv	command parser and domain owner	command domain owner	see surfaces.tsv	owner configuration or none	none	tests/cli and owner tests	dynamic --help and runbooks	broad route flag union; applicability depends on nested action	registry-schema
cli.offline.graph	--typical-p	action-dependent	action-dependent	action-dependent	action-dependent		command owner named in commands.tsv	command parser and domain owner	command domain owner	see surfaces.tsv	owner configuration or none	none	tests/cli and owner tests	dynamic --help and runbooks	broad route flag union; applicability depends on nested action	registry-schema
cli.offline.graph	--user	action-dependent	action-dependent	action-dependent	action-dependent		command owner named in commands.tsv	command parser and domain owner	command domain owner	see surfaces.tsv	owner configuration or none	none	tests/cli and owner tests	dynamic --help and runbooks	broad route flag union; applicability depends on nested action	registry-schema
cli.offline.graph	--warmup	action-dependent	action-dependent	action-dependent	action-dependent		command owner named in commands.tsv	command parser and domain owner	command domain owner	see surfaces.tsv	owner configuration or none	none	tests/cli and owner tests	dynamic --help and runbooks	broad route flag union; applicability depends on nested action	registry-schema
cli.offline.graph	--write-baseline	action-dependent	action-dependent	action-dependent	action-dependent		command owner named in commands.tsv	command parser and domain owner	command domain owner	see surfaces.tsv	owner configuration or none	none	tests/cli and owner tests	dynamic --help and runbooks	broad route flag union; applicability depends on nested action	registry-schema
cli.offline.quant.convert	--allow-unsupported-qtype	boolean	no	false	present/absent		src/cli/commands/gguf.c	conversion admission	qtype/conversion	none	none	none	owner-focused CLI tests	source parser; parent help may omit	parsed but omitted from parent help	registry-schema
cli.offline.quant.convert	--arch	action-dependent	action-dependent	action-dependent	action-dependent		command owner named in commands.tsv	command parser and domain owner	command domain owner	see surfaces.tsv	owner configuration or none	none	tests/cli and owner tests	dynamic --help and runbooks	applicability depends on nested action	registry-schema
cli.offline.quant.convert	--native-source	action-dependent	action-dependent	action-dependent	action-dependent		command owner named in commands.tsv	command parser and domain owner	command domain owner	see surfaces.tsv	owner configuration or none	none	tests/cli and owner tests	dynamic --help and runbooks	applicability depends on nested action	registry-schema
cli.offline.quant.convert	--out	action-dependent	action-dependent	action-dependent	action-dependent		command owner named in commands.tsv	command parser and domain owner	command domain owner	see surfaces.tsv	owner configuration or none	none	tests/cli and owner tests	dynamic --help and runbooks	applicability depends on nested action	registry-schema
cli.offline.quant.convert	--out-plan	action-dependent	action-dependent	action-dependent	action-dependent		command owner named in commands.tsv	command parser and domain owner	command domain owner	see surfaces.tsv	owner configuration or none	none	tests/cli and owner tests	dynamic --help and runbooks	applicability depends on nested action	registry-schema
cli.offline.quant.convert	--overwrite	boolean	action-dependent	action-dependent	action-dependent		command owner named in commands.tsv	command parser and domain owner	command domain owner	see surfaces.tsv	owner configuration or none	none	tests/cli and owner tests	dynamic --help and runbooks	applicability depends on nested action	registry-schema
cli.offline.quant.convert	--target-qtype	action-dependent	action-dependent	action-dependent	action-dependent		command owner named in commands.tsv	command parser and domain owner	command domain owner	see surfaces.tsv	owner configuration or none	none	tests/cli and owner tests	dynamic --help and runbooks	applicability depends on nested action	registry-schema
cli.offline.quant.convert	--tensor	action-dependent	action-dependent	action-dependent	action-dependent		command owner named in commands.tsv	command parser and domain owner	command domain owner	see surfaces.tsv	owner configuration or none	none	tests/cli and owner tests	dynamic --help and runbooks	applicability depends on nested action	registry-schema
cli.offline.quant.emit	--imatrix-manifest	action-dependent	action-dependent	action-dependent	action-dependent		command owner named in commands.tsv	command parser and domain owner	command domain owner	see surfaces.tsv	owner configuration or none	none	tests/cli and owner tests	dynamic --help and runbooks	applicability depends on nested action	registry-schema
cli.offline.quant.emit	--models-root	action-dependent	action-dependent	action-dependent	action-dependent		command owner named in commands.tsv	command parser and domain owner	command domain owner	see surfaces.tsv	owner configuration or none	none	tests/cli and owner tests	dynamic --help and runbooks	applicability depends on nested action	registry-schema
cli.offline.quant.emit	--out	action-dependent	action-dependent	action-dependent	action-dependent		command owner named in commands.tsv	command parser and domain owner	command domain owner	see surfaces.tsv	owner configuration or none	none	tests/cli and owner tests	dynamic --help and runbooks	applicability depends on nested action	registry-schema
cli.offline.quant.emit	--plan	action-dependent	action-dependent	action-dependent	action-dependent		command owner named in commands.tsv	command parser and domain owner	command domain owner	see surfaces.tsv	owner configuration or none	none	tests/cli and owner tests	dynamic --help and runbooks	applicability depends on nested action	registry-schema
cli.offline.quant.emit	--policy	action-dependent	action-dependent	action-dependent	action-dependent		command owner named in commands.tsv	command parser and domain owner	command domain owner	see surfaces.tsv	owner configuration or none	none	tests/cli and owner tests	dynamic --help and runbooks	applicability depends on nested action	registry-schema
cli.offline.quant.emit	--preset	action-dependent	action-dependent	action-dependent	action-dependent		command owner named in commands.tsv	command parser and domain owner	command domain owner	see surfaces.tsv	owner configuration or none	none	tests/cli and owner tests	dynamic --help and runbooks	applicability depends on nested action	registry-schema
cli.offline.quant.emit	--source	action-dependent	action-dependent	action-dependent	action-dependent		command owner named in commands.tsv	command parser and domain owner	command domain owner	see surfaces.tsv	owner configuration or none	none	tests/cli and owner tests	dynamic --help and runbooks	applicability depends on nested action	registry-schema
cli.offline.quant.emit	--source-manifest	action-dependent	action-dependent	action-dependent	action-dependent		command owner named in commands.tsv	command parser and domain owner	command domain owner	see surfaces.tsv	owner configuration or none	none	tests/cli and owner tests	dynamic --help and runbooks	applicability depends on nested action	registry-schema
cli.offline.quant.emit	--target	action-dependent	action-dependent	action-dependent	action-dependent		command owner named in commands.tsv	command parser and domain owner	command domain owner	see surfaces.tsv	owner configuration or none	none	tests/cli and owner tests	dynamic --help and runbooks	applicability depends on nested action	registry-schema
cli.offline.quant.explain	--imatrix-manifest	action-dependent	action-dependent	action-dependent	action-dependent		command owner named in commands.tsv	command parser and domain owner	command domain owner	see surfaces.tsv	owner configuration or none	none	tests/cli and owner tests	dynamic --help and runbooks	applicability depends on nested action	registry-schema
cli.offline.quant.explain	--models-root	action-dependent	action-dependent	action-dependent	action-dependent		command owner named in commands.tsv	command parser and domain owner	command domain owner	see surfaces.tsv	owner configuration or none	none	tests/cli and owner tests	dynamic --help and runbooks	applicability depends on nested action	registry-schema
cli.offline.quant.explain	--plan	action-dependent	action-dependent	action-dependent	action-dependent		command owner named in commands.tsv	command parser and domain owner	command domain owner	see surfaces.tsv	owner configuration or none	none	tests/cli and owner tests	dynamic --help and runbooks	applicability depends on nested action	registry-schema
cli.offline.quant.explain	--policy	action-dependent	action-dependent	action-dependent	action-dependent		command owner named in commands.tsv	command parser and domain owner	command domain owner	see surfaces.tsv	owner configuration or none	none	tests/cli and owner tests	dynamic --help and runbooks	applicability depends on nested action	registry-schema
cli.offline.quant.explain	--preset	action-dependent	action-dependent	action-dependent	action-dependent		command owner named in commands.tsv	command parser and domain owner	command domain owner	see surfaces.tsv	owner configuration or none	none	tests/cli and owner tests	dynamic --help and runbooks	applicability depends on nested action	registry-schema
cli.offline.quant.explain	--role	action-dependent	action-dependent	action-dependent	action-dependent		command owner named in commands.tsv	command parser and domain owner	command domain owner	see surfaces.tsv	owner configuration or none	none	tests/cli and owner tests	dynamic --help and runbooks	applicability depends on nested action	registry-schema
cli.offline.quant.explain	--source	action-dependent	action-dependent	action-dependent	action-dependent		command owner named in commands.tsv	command parser and domain owner	command domain owner	see surfaces.tsv	owner configuration or none	none	tests/cli and owner tests	dynamic --help and runbooks	applicability depends on nested action	registry-schema
cli.offline.quant.explain	--source-manifest	action-dependent	action-dependent	action-dependent	action-dependent		command owner named in commands.tsv	command parser and domain owner	command domain owner	see surfaces.tsv	owner configuration or none	none	tests/cli and owner tests	dynamic --help and runbooks	applicability depends on nested action	registry-schema
cli.offline.quant.explain	--target	action-dependent	action-dependent	action-dependent	action-dependent		command owner named in commands.tsv	command parser and domain owner	command domain owner	see surfaces.tsv	owner configuration or none	none	tests/cli and owner tests	dynamic --help and runbooks	applicability depends on nested action	registry-schema
cli.offline.quant.explain	--tensor	action-dependent	action-dependent	action-dependent	action-dependent		command owner named in commands.tsv	command parser and domain owner	command domain owner	see surfaces.tsv	owner configuration or none	none	tests/cli and owner tests	dynamic --help and runbooks	applicability depends on nested action	registry-schema
cli.offline.quant.imatrix	--arch	action-dependent	action-dependent	action-dependent	action-dependent		command owner named in commands.tsv	command parser and domain owner	command domain owner	see surfaces.tsv	owner configuration or none	none	tests/cli and owner tests	dynamic --help and runbooks	applicability depends on nested action	registry-schema
cli.offline.quant.imatrix	--dataset	text	no	none	bounded text		src/cli/commands/gguf.c	imatrix manifest parser	calibration manifest	none	none	none	owner-focused CLI tests	source parser; parent help may omit	parsed but omitted from parent help	registry-schema
cli.offline.quant.imatrix	--format	action-dependent	action-dependent	action-dependent	action-dependent		command owner named in commands.tsv	command parser and domain owner	command domain owner	see surfaces.tsv	owner configuration or none	none	tests/cli and owner tests	dynamic --help and runbooks	applicability depends on nested action	registry-schema
cli.offline.quant.imatrix	--imatrix	action-dependent	action-dependent	action-dependent	action-dependent		command owner named in commands.tsv	command parser and domain owner	command domain owner	see surfaces.tsv	owner configuration or none	none	tests/cli and owner tests	dynamic --help and runbooks	applicability depends on nested action	registry-schema
cli.offline.quant.imatrix	--manifest	action-dependent	action-dependent	action-dependent	action-dependent		command owner named in commands.tsv	command parser and domain owner	command domain owner	see surfaces.tsv	owner configuration or none	none	tests/cli and owner tests	dynamic --help and runbooks	applicability depends on nested action	registry-schema
cli.offline.quant.imatrix	--name	action-dependent	action-dependent	action-dependent	action-dependent		command owner named in commands.tsv	command parser and domain owner	command domain owner	see surfaces.tsv	owner configuration or none	none	tests/cli and owner tests	dynamic --help and runbooks	applicability depends on nested action	registry-schema
cli.offline.quant.imatrix	--out	action-dependent	action-dependent	action-dependent	action-dependent		command owner named in commands.tsv	command parser and domain owner	command domain owner	see surfaces.tsv	owner configuration or none	none	tests/cli and owner tests	dynamic --help and runbooks	applicability depends on nested action	registry-schema
cli.offline.quant.imatrix	--producer	text	no	none	bounded text		src/cli/commands/gguf.c	imatrix manifest parser	calibration manifest	none	none	none	owner-focused CLI tests	source parser; parent help may omit	parsed but omitted from parent help	registry-schema
cli.offline.quant.imatrix	--status	action-dependent	action-dependent	action-dependent	action-dependent		command owner named in commands.tsv	command parser and domain owner	command domain owner	see surfaces.tsv	owner configuration or none	none	tests/cli and owner tests	dynamic --help and runbooks	applicability depends on nested action	registry-schema
cli.offline.quant.job	--arch	action-dependent	action-dependent	action-dependent	action-dependent		command owner named in commands.tsv	command parser and domain owner	command domain owner	see surfaces.tsv	owner configuration or none	none	tests/cli and owner tests	dynamic --help and runbooks	applicability depends on nested action	registry-schema
cli.offline.quant.job	--command	action-dependent	action-dependent	action-dependent	action-dependent		command owner named in commands.tsv	command parser and domain owner	command domain owner	see surfaces.tsv	owner configuration or none	none	tests/cli and owner tests	dynamic --help and runbooks	applicability depends on nested action	registry-schema
cli.offline.quant.job	--log	action-dependent	action-dependent	action-dependent	action-dependent		command owner named in commands.tsv	command parser and domain owner	command domain owner	see surfaces.tsv	owner configuration or none	none	tests/cli and owner tests	dynamic --help and runbooks	applicability depends on nested action	registry-schema
cli.offline.quant.job	--manifest	action-dependent	action-dependent	action-dependent	action-dependent		command owner named in commands.tsv	command parser and domain owner	command domain owner	see surfaces.tsv	owner configuration or none	none	tests/cli and owner tests	dynamic --help and runbooks	applicability depends on nested action	registry-schema
cli.offline.quant.job	--name	action-dependent	action-dependent	action-dependent	action-dependent		command owner named in commands.tsv	command parser and domain owner	command domain owner	see surfaces.tsv	owner configuration or none	none	tests/cli and owner tests	dynamic --help and runbooks	applicability depends on nested action	registry-schema
cli.offline.quant.job	--native-source	action-dependent	action-dependent	action-dependent	action-dependent		command owner named in commands.tsv	command parser and domain owner	command domain owner	see surfaces.tsv	owner configuration or none	none	tests/cli and owner tests	dynamic --help and runbooks	applicability depends on nested action	registry-schema
cli.offline.quant.job	--out	action-dependent	action-dependent	action-dependent	action-dependent		command owner named in commands.tsv	command parser and domain owner	command domain owner	see surfaces.tsv	owner configuration or none	none	tests/cli and owner tests	dynamic --help and runbooks	applicability depends on nested action	registry-schema
cli.offline.quant.job	--out-gguf	action-dependent	action-dependent	action-dependent	action-dependent		command owner named in commands.tsv	command parser and domain owner	command domain owner	see surfaces.tsv	owner configuration or none	none	tests/cli and owner tests	dynamic --help and runbooks	applicability depends on nested action	registry-schema
cli.offline.quant.job	--status	action-dependent	action-dependent	action-dependent	action-dependent		command owner named in commands.tsv	command parser and domain owner	command domain owner	see surfaces.tsv	owner configuration or none	none	tests/cli and owner tests	dynamic --help and runbooks	applicability depends on nested action	registry-schema
cli.offline.quant.job	--template	action-dependent	action-dependent	action-dependent	action-dependent		command owner named in commands.tsv	command parser and domain owner	command domain owner	see surfaces.tsv	owner configuration or none	none	tests/cli and owner tests	dynamic --help and runbooks	applicability depends on nested action	registry-schema
cli.offline.quant.job	--tool	action-dependent	action-dependent	action-dependent	action-dependent		command owner named in commands.tsv	command parser and domain owner	command domain owner	see surfaces.tsv	owner configuration or none	none	tests/cli and owner tests	dynamic --help and runbooks	applicability depends on nested action	registry-schema
cli.offline.quant.job	--tool-path	action-dependent	action-dependent	action-dependent	action-dependent		command owner named in commands.tsv	command parser and domain owner	command domain owner	see surfaces.tsv	owner configuration or none	none	tests/cli and owner tests	dynamic --help and runbooks	applicability depends on nested action	registry-schema
cli.offline.quant.plan	--backend	action-dependent	action-dependent	action-dependent	action-dependent		command owner named in commands.tsv	command parser and domain owner	command domain owner	see surfaces.tsv	owner configuration or none	none	tests/cli and owner tests	dynamic --help and runbooks	applicability depends on nested action	registry-schema
cli.offline.quant.plan	--imatrix-manifest	action-dependent	action-dependent	action-dependent	action-dependent		command owner named in commands.tsv	command parser and domain owner	command domain owner	see surfaces.tsv	owner configuration or none	none	tests/cli and owner tests	dynamic --help and runbooks	applicability depends on nested action	registry-schema
cli.offline.quant.plan	--models-root	action-dependent	action-dependent	action-dependent	action-dependent		command owner named in commands.tsv	command parser and domain owner	command domain owner	see surfaces.tsv	owner configuration or none	none	tests/cli and owner tests	dynamic --help and runbooks	applicability depends on nested action	registry-schema
cli.offline.quant.plan	--out-plan	action-dependent	action-dependent	action-dependent	action-dependent		command owner named in commands.tsv	command parser and domain owner	command domain owner	see surfaces.tsv	owner configuration or none	none	tests/cli and owner tests	dynamic --help and runbooks	applicability depends on nested action	registry-schema
cli.offline.quant.plan	--policy	action-dependent	action-dependent	action-dependent	action-dependent		command owner named in commands.tsv	command parser and domain owner	command domain owner	see surfaces.tsv	owner configuration or none	none	tests/cli and owner tests	dynamic --help and runbooks	applicability depends on nested action	registry-schema
cli.offline.quant.plan	--preset	action-dependent	action-dependent	action-dependent	action-dependent		command owner named in commands.tsv	command parser and domain owner	command domain owner	see surfaces.tsv	owner configuration or none	none	tests/cli and owner tests	dynamic --help and runbooks	applicability depends on nested action	registry-schema
cli.offline.quant.plan	--source	action-dependent	action-dependent	action-dependent	action-dependent		command owner named in commands.tsv	command parser and domain owner	command domain owner	see surfaces.tsv	owner configuration or none	none	tests/cli and owner tests	dynamic --help and runbooks	applicability depends on nested action	registry-schema
cli.offline.quant.plan	--source-manifest	action-dependent	action-dependent	action-dependent	action-dependent		command owner named in commands.tsv	command parser and domain owner	command domain owner	see surfaces.tsv	owner configuration or none	none	tests/cli and owner tests	dynamic --help and runbooks	applicability depends on nested action	registry-schema
cli.offline.quant.plan	--target	action-dependent	action-dependent	action-dependent	action-dependent		command owner named in commands.tsv	command parser and domain owner	command domain owner	see surfaces.tsv	owner configuration or none	none	tests/cli and owner tests	dynamic --help and runbooks	applicability depends on nested action	registry-schema
cli.offline.quant.policy	--arch	action-dependent	action-dependent	action-dependent	action-dependent		command owner named in commands.tsv	command parser and domain owner	command domain owner	see surfaces.tsv	owner configuration or none	none	tests/cli and owner tests	dynamic --help and runbooks	applicability depends on nested action	registry-schema
cli.offline.quant.policy	--out	action-dependent	action-dependent	action-dependent	action-dependent		command owner named in commands.tsv	command parser and domain owner	command domain owner	see surfaces.tsv	owner configuration or none	none	tests/cli and owner tests	dynamic --help and runbooks	applicability depends on nested action	registry-schema
cli.offline.quant.policy	--policy	action-dependent	action-dependent	action-dependent	action-dependent		command owner named in commands.tsv	command parser and domain owner	command domain owner	see surfaces.tsv	owner configuration or none	none	tests/cli and owner tests	dynamic --help and runbooks	applicability depends on nested action	registry-schema
cli.offline.quant.policy	--template	action-dependent	action-dependent	action-dependent	action-dependent		command owner named in commands.tsv	command parser and domain owner	command domain owner	see surfaces.tsv	owner configuration or none	none	tests/cli and owner tests	dynamic --help and runbooks	applicability depends on nested action	registry-schema
cli.offline.quant.preset	--out	action-dependent	action-dependent	action-dependent	action-dependent		command owner named in commands.tsv	command parser and domain owner	command domain owner	see surfaces.tsv	owner configuration or none	none	tests/cli and owner tests	dynamic --help and runbooks	applicability depends on nested action	registry-schema
cli.offline.quant.summarize	--imatrix-manifest	action-dependent	action-dependent	action-dependent	action-dependent		command owner named in commands.tsv	command parser and domain owner	command domain owner	see surfaces.tsv	owner configuration or none	none	tests/cli and owner tests	dynamic --help and runbooks	applicability depends on nested action	registry-schema
cli.offline.quant.summarize	--models-root	action-dependent	action-dependent	action-dependent	action-dependent		command owner named in commands.tsv	command parser and domain owner	command domain owner	see surfaces.tsv	owner configuration or none	none	tests/cli and owner tests	dynamic --help and runbooks	applicability depends on nested action	registry-schema
cli.offline.quant.summarize	--plan	action-dependent	action-dependent	action-dependent	action-dependent		command owner named in commands.tsv	command parser and domain owner	command domain owner	see surfaces.tsv	owner configuration or none	none	tests/cli and owner tests	dynamic --help and runbooks	applicability depends on nested action	registry-schema
cli.offline.quant.summarize	--policy	action-dependent	action-dependent	action-dependent	action-dependent		command owner named in commands.tsv	command parser and domain owner	command domain owner	see surfaces.tsv	owner configuration or none	none	tests/cli and owner tests	dynamic --help and runbooks	applicability depends on nested action	registry-schema
cli.offline.quant.summarize	--preset	action-dependent	action-dependent	action-dependent	action-dependent		command owner named in commands.tsv	command parser and domain owner	command domain owner	see surfaces.tsv	owner configuration or none	none	tests/cli and owner tests	dynamic --help and runbooks	applicability depends on nested action	registry-schema
cli.offline.quant.summarize	--role	action-dependent	action-dependent	action-dependent	action-dependent		command owner named in commands.tsv	command parser and domain owner	command domain owner	see surfaces.tsv	owner configuration or none	none	tests/cli and owner tests	dynamic --help and runbooks	applicability depends on nested action	registry-schema
cli.offline.quant.summarize	--source	action-dependent	action-dependent	action-dependent	action-dependent		command owner named in commands.tsv	command parser and domain owner	command domain owner	see surfaces.tsv	owner configuration or none	none	tests/cli and owner tests	dynamic --help and runbooks	applicability depends on nested action	registry-schema
cli.offline.quant.summarize	--source-manifest	action-dependent	action-dependent	action-dependent	action-dependent		command owner named in commands.tsv	command parser and domain owner	command domain owner	see surfaces.tsv	owner configuration or none	none	tests/cli and owner tests	dynamic --help and runbooks	applicability depends on nested action	registry-schema
cli.offline.quant.summarize	--target	action-dependent	action-dependent	action-dependent	action-dependent		command owner named in commands.tsv	command parser and domain owner	command domain owner	see surfaces.tsv	owner configuration or none	none	tests/cli and owner tests	dynamic --help and runbooks	applicability depends on nested action	registry-schema
cli.offline.quant.summarize	--tensor	action-dependent	action-dependent	action-dependent	action-dependent		command owner named in commands.tsv	command parser and domain owner	command domain owner	see surfaces.tsv	owner configuration or none	none	tests/cli and owner tests	dynamic --help and runbooks	applicability depends on nested action	registry-schema
cli.offline.runtime.context	--audit	boolean	action-dependent	action-dependent	action-dependent		command owner named in commands.tsv	command parser and domain owner	command domain owner	see surfaces.tsv	owner configuration or none	none	tests/cli and owner tests	dynamic --help and runbooks	applicability depends on nested action	registry-schema
cli.offline.runtime.context	--backend	action-dependent	action-dependent	action-dependent	action-dependent		command owner named in commands.tsv	command parser and domain owner	command domain owner	see surfaces.tsv	owner configuration or none	none	tests/cli and owner tests	dynamic --help and runbooks	applicability depends on nested action	registry-schema
cli.offline.runtime.context	--chunk-size	action-dependent	action-dependent	action-dependent	action-dependent		command owner named in commands.tsv	command parser and domain owner	command domain owner	see surfaces.tsv	owner configuration or none	none	tests/cli and owner tests	dynamic --help and runbooks	applicability depends on nested action	registry-schema
cli.offline.runtime.context	--context-length	action-dependent	action-dependent	action-dependent	action-dependent		command owner named in commands.tsv	command parser and domain owner	command domain owner	see surfaces.tsv	owner configuration or none	none	tests/cli and owner tests	dynamic --help and runbooks	applicability depends on nested action	registry-schema
cli.offline.runtime.context	--family	action-dependent	action-dependent	action-dependent	action-dependent		command owner named in commands.tsv	command parser and domain owner	command domain owner	see surfaces.tsv	owner configuration or none	none	tests/cli and owner tests	dynamic --help and runbooks	applicability depends on nested action	registry-schema
cli.offline.runtime.context	--include-attention	boolean	action-dependent	action-dependent	action-dependent		command owner named in commands.tsv	command parser and domain owner	command domain owner	see surfaces.tsv	owner configuration or none	none	tests/cli and owner tests	dynamic --help and runbooks	applicability depends on nested action	registry-schema
cli.offline.runtime.context	--include-blockers	boolean	action-dependent	action-dependent	action-dependent		command owner named in commands.tsv	command parser and domain owner	command domain owner	see surfaces.tsv	owner configuration or none	none	tests/cli and owner tests	dynamic --help and runbooks	applicability depends on nested action	registry-schema
cli.offline.runtime.context	--include-decode	boolean	action-dependent	action-dependent	action-dependent		command owner named in commands.tsv	command parser and domain owner	command domain owner	see surfaces.tsv	owner configuration or none	none	tests/cli and owner tests	dynamic --help and runbooks	applicability depends on nested action	registry-schema
cli.offline.runtime.context	--include-kv	boolean	action-dependent	action-dependent	action-dependent		command owner named in commands.tsv	command parser and domain owner	command domain owner	see surfaces.tsv	owner configuration or none	none	tests/cli and owner tests	dynamic --help and runbooks	applicability depends on nested action	registry-schema
cli.offline.runtime.context	--include-prefill	boolean	action-dependent	action-dependent	action-dependent		command owner named in commands.tsv	command parser and domain owner	command domain owner	see surfaces.tsv	owner configuration or none	none	tests/cli and owner tests	dynamic --help and runbooks	applicability depends on nested action	registry-schema
cli.offline.runtime.context	--model	action-dependent	action-dependent	action-dependent	action-dependent		command owner named in commands.tsv	command parser and domain owner	command domain owner	see surfaces.tsv	owner configuration or none	none	tests/cli and owner tests	dynamic --help and runbooks	applicability depends on nested action	registry-schema
cli.offline.runtime.context	--output	action-dependent	action-dependent	action-dependent	action-dependent		command owner named in commands.tsv	command parser and domain owner	command domain owner	see surfaces.tsv	owner configuration or none	none	tests/cli and owner tests	dynamic --help and runbooks	applicability depends on nested action	registry-schema
cli.offline.runtime.context	--registry	action-dependent	action-dependent	action-dependent	action-dependent		command owner named in commands.tsv	command parser and domain owner	command domain owner	see surfaces.tsv	owner configuration or none	none	tests/cli and owner tests	dynamic --help and runbooks	applicability depends on nested action	registry-schema
cli.offline.runtime.context	--tokens	boolean	action-dependent	action-dependent	action-dependent		command owner named in commands.tsv	command parser and domain owner	command domain owner	see surfaces.tsv	owner configuration or none	none	tests/cli and owner tests	dynamic --help and runbooks	applicability depends on nested action	registry-schema
cli.offline.runtime.input	--model	action-dependent	action-dependent	action-dependent	action-dependent		command owner named in commands.tsv	command parser and domain owner	command domain owner	see surfaces.tsv	owner configuration or none	none	tests/cli and owner tests	dynamic --help and runbooks	applicability depends on nested action	registry-schema
cli.offline.runtime.input	--text	action-dependent	action-dependent	action-dependent	action-dependent		command owner named in commands.tsv	command parser and domain owner	command domain owner	see surfaces.tsv	owner configuration or none	none	tests/cli and owner tests	dynamic --help and runbooks	applicability depends on nested action	registry-schema
cli.offline.runtime.input	--tokens	boolean	action-dependent	action-dependent	action-dependent		command owner named in commands.tsv	command parser and domain owner	command domain owner	see surfaces.tsv	owner configuration or none	none	tests/cli and owner tests	dynamic --help and runbooks	applicability depends on nested action	registry-schema
cli.offline.source.manifest	--audit	boolean	action-dependent	action-dependent	action-dependent		command owner named in commands.tsv	command parser and domain owner	command domain owner	see surfaces.tsv	owner configuration or none	none	tests/cli and owner tests	dynamic --help and runbooks	applicability depends on nested action	registry-schema
cli.offline.source.manifest	--download-command	action-dependent	action-dependent	action-dependent	action-dependent		command owner named in commands.tsv	command parser and domain owner	command domain owner	see surfaces.tsv	owner configuration or none	none	tests/cli and owner tests	dynamic --help and runbooks	applicability depends on nested action	registry-schema
cli.offline.source.manifest	--download-log	action-dependent	action-dependent	action-dependent	action-dependent		command owner named in commands.tsv	command parser and domain owner	command domain owner	see surfaces.tsv	owner configuration or none	none	tests/cli and owner tests	dynamic --help and runbooks	applicability depends on nested action	registry-schema
cli.offline.source.manifest	--dry-run-log	boolean	action-dependent	action-dependent	action-dependent		command owner named in commands.tsv	command parser and domain owner	command domain owner	see surfaces.tsv	owner configuration or none	none	tests/cli and owner tests	dynamic --help and runbooks	applicability depends on nested action	registry-schema
cli.offline.source.manifest	--family	action-dependent	action-dependent	action-dependent	action-dependent		command owner named in commands.tsv	command parser and domain owner	command domain owner	see surfaces.tsv	owner configuration or none	none	tests/cli and owner tests	dynamic --help and runbooks	applicability depends on nested action	registry-schema
cli.offline.source.manifest	--hf-repo	action-dependent	action-dependent	action-dependent	action-dependent		command owner named in commands.tsv	command parser and domain owner	command domain owner	see surfaces.tsv	owner configuration or none	none	tests/cli and owner tests	dynamic --help and runbooks	applicability depends on nested action	registry-schema
cli.offline.source.manifest	--include-blockers	boolean	action-dependent	action-dependent	action-dependent		command owner named in commands.tsv	command parser and domain owner	command domain owner	see surfaces.tsv	owner configuration or none	none	tests/cli and owner tests	dynamic --help and runbooks	applicability depends on nested action	registry-schema
cli.offline.source.manifest	--include-config	boolean	action-dependent	action-dependent	action-dependent		command owner named in commands.tsv	command parser and domain owner	command domain owner	see surfaces.tsv	owner configuration or none	none	tests/cli and owner tests	dynamic --help and runbooks	applicability depends on nested action	registry-schema
cli.offline.source.manifest	--include-files	boolean	action-dependent	action-dependent	action-dependent		command owner named in commands.tsv	command parser and domain owner	command domain owner	see surfaces.tsv	owner configuration or none	none	tests/cli and owner tests	dynamic --help and runbooks	applicability depends on nested action	registry-schema
cli.offline.source.manifest	--include-next	boolean	action-dependent	action-dependent	action-dependent		command owner named in commands.tsv	command parser and domain owner	command domain owner	see surfaces.tsv	owner configuration or none	none	tests/cli and owner tests	dynamic --help and runbooks	applicability depends on nested action	registry-schema
cli.offline.source.manifest	--json	boolean	action-dependent	action-dependent	action-dependent		command owner named in commands.tsv	command parser and domain owner	command domain owner	see surfaces.tsv	owner configuration or none	none	tests/cli and owner tests	dynamic --help and runbooks	applicability depends on nested action	registry-schema
cli.offline.source.manifest	--license	action-dependent	action-dependent	action-dependent	action-dependent		command owner named in commands.tsv	command parser and domain owner	command domain owner	see surfaces.tsv	owner configuration or none	none	tests/cli and owner tests	dynamic --help and runbooks	applicability depends on nested action	registry-schema
cli.offline.source.manifest	--local-path	action-dependent	action-dependent	action-dependent	action-dependent		command owner named in commands.tsv	command parser and domain owner	command domain owner	see surfaces.tsv	owner configuration or none	none	tests/cli and owner tests	dynamic --help and runbooks	applicability depends on nested action	registry-schema
cli.offline.source.manifest	--model-card	action-dependent	action-dependent	action-dependent	action-dependent		command owner named in commands.tsv	command parser and domain owner	command domain owner	see surfaces.tsv	owner configuration or none	none	tests/cli and owner tests	dynamic --help and runbooks	applicability depends on nested action	registry-schema
cli.offline.source.manifest	--models-root	action-dependent	action-dependent	action-dependent	action-dependent		command owner named in commands.tsv	command parser and domain owner	command domain owner	see surfaces.tsv	owner configuration or none	none	tests/cli and owner tests	dynamic --help and runbooks	applicability depends on nested action	registry-schema
cli.offline.source.manifest	--node	action-dependent	action-dependent	action-dependent	action-dependent		command owner named in commands.tsv	command parser and domain owner	command domain owner	see surfaces.tsv	owner configuration or none	none	tests/cli and owner tests	dynamic --help and runbooks	applicability depends on nested action	registry-schema
cli.offline.source.manifest	--out	action-dependent	action-dependent	action-dependent	action-dependent		command owner named in commands.tsv	command parser and domain owner	command domain owner	see surfaces.tsv	owner configuration or none	none	tests/cli and owner tests	dynamic --help and runbooks	applicability depends on nested action	registry-schema
cli.offline.source.manifest	--output	action-dependent	action-dependent	action-dependent	action-dependent		command owner named in commands.tsv	command parser and domain owner	command domain owner	see surfaces.tsv	owner configuration or none	none	tests/cli and owner tests	dynamic --help and runbooks	applicability depends on nested action	registry-schema
cli.offline.source.manifest	--pid-file	action-dependent	action-dependent	action-dependent	action-dependent		command owner named in commands.tsv	command parser and domain owner	command domain owner	see surfaces.tsv	owner configuration or none	none	tests/cli and owner tests	dynamic --help and runbooks	applicability depends on nested action	registry-schema
cli.offline.source.manifest	--release	action-dependent	action-dependent	action-dependent	action-dependent		command owner named in commands.tsv	command parser and domain owner	command domain owner	see surfaces.tsv	owner configuration or none	none	tests/cli and owner tests	dynamic --help and runbooks	applicability depends on nested action	registry-schema
cli.offline.source.manifest	--revision	action-dependent	action-dependent	action-dependent	action-dependent		command owner named in commands.tsv	command parser and domain owner	command domain owner	see surfaces.tsv	owner configuration or none	none	tests/cli and owner tests	dynamic --help and runbooks	applicability depends on nested action	registry-schema
cli.offline.source.manifest	--source	action-dependent	action-dependent	action-dependent	action-dependent		command owner named in commands.tsv	command parser and domain owner	command domain owner	see surfaces.tsv	owner configuration or none	none	tests/cli and owner tests	dynamic --help and runbooks	applicability depends on nested action	registry-schema
cli.offline.source.manifest	--status	action-dependent	action-dependent	action-dependent	action-dependent		command owner named in commands.tsv	command parser and domain owner	command domain owner	see surfaces.tsv	owner configuration or none	none	tests/cli and owner tests	dynamic --help and runbooks	applicability depends on nested action	registry-schema
cli.offline.source.manifest	--strict	boolean	action-dependent	action-dependent	action-dependent		command owner named in commands.tsv	command parser and domain owner	command domain owner	see surfaces.tsv	owner configuration or none	none	tests/cli and owner tests	dynamic --help and runbooks	applicability depends on nested action	registry-schema
cli.offline.source.manifest	--target	action-dependent	action-dependent	action-dependent	action-dependent		command owner named in commands.tsv	command parser and domain owner	command domain owner	see surfaces.tsv	owner configuration or none	none	tests/cli and owner tests	dynamic --help and runbooks	applicability depends on nested action	registry-schema
cli.offline.source.manifest	--tensor-limit	u64	no	owner default	positive		src/cli/input/source.c	source report parser	source report	none	none	none	owner-focused CLI tests	source parser; parent help may omit	parsed but omitted from parent help	registry-schema
cli.offline.source.native	--json	boolean	action-dependent	action-dependent	action-dependent		command owner named in commands.tsv	command parser and domain owner	command domain owner	see surfaces.tsv	owner configuration or none	none	tests/cli and owner tests	dynamic --help and runbooks	applicability depends on nested action	registry-schema
cli.offline.source.native	--limit	action-dependent	action-dependent	action-dependent	action-dependent		command owner named in commands.tsv	command parser and domain owner	command domain owner	see surfaces.tsv	owner configuration or none	none	tests/cli and owner tests	dynamic --help and runbooks	applicability depends on nested action	registry-schema
cli.offline.source.native	--source	action-dependent	action-dependent	action-dependent	action-dependent		command owner named in commands.tsv	command parser and domain owner	command domain owner	see surfaces.tsv	owner configuration or none	none	tests/cli and owner tests	dynamic --help and runbooks	applicability depends on nested action	registry-schema
cli.offline.source.native	--tensor	action-dependent	action-dependent	action-dependent	action-dependent		command owner named in commands.tsv	command parser and domain owner	command domain owner	see surfaces.tsv	owner configuration or none	none	tests/cli and owner tests	dynamic --help and runbooks	applicability depends on nested action	registry-schema
cli.offline.tensor.collection	--audit	boolean	action-dependent	action-dependent	action-dependent		command owner named in commands.tsv	command parser and domain owner	command domain owner	see surfaces.tsv	owner configuration or none	none	tests/cli and owner tests	dynamic --help and runbooks	applicability depends on nested action	registry-schema
cli.offline.tensor.collection	--backend	action-dependent	action-dependent	action-dependent	action-dependent		command owner named in commands.tsv	command parser and domain owner	command domain owner	see surfaces.tsv	owner configuration or none	none	tests/cli and owner tests	dynamic --help and runbooks	applicability depends on nested action	registry-schema
cli.offline.tensor.collection	--collection	action-dependent	action-dependent	action-dependent	action-dependent		command owner named in commands.tsv	command parser and domain owner	command domain owner	see surfaces.tsv	owner configuration or none	none	tests/cli and owner tests	dynamic --help and runbooks	applicability depends on nested action	registry-schema
cli.offline.tensor.collection	--family	action-dependent	action-dependent	action-dependent	action-dependent		command owner named in commands.tsv	command parser and domain owner	command domain owner	see surfaces.tsv	owner configuration or none	none	tests/cli and owner tests	dynamic --help and runbooks	applicability depends on nested action	registry-schema
cli.offline.tensor.collection	--include-blockers	boolean	action-dependent	action-dependent	action-dependent		command owner named in commands.tsv	command parser and domain owner	command domain owner	see surfaces.tsv	owner configuration or none	none	tests/cli and owner tests	dynamic --help and runbooks	applicability depends on nested action	registry-schema
cli.offline.tensor.collection	--include-dispatch	boolean	action-dependent	action-dependent	action-dependent		command owner named in commands.tsv	command parser and domain owner	command domain owner	see surfaces.tsv	owner configuration or none	none	tests/cli and owner tests	dynamic --help and runbooks	applicability depends on nested action	registry-schema
cli.offline.tensor.collection	--include-experts	boolean	action-dependent	action-dependent	action-dependent		command owner named in commands.tsv	command parser and domain owner	command domain owner	see surfaces.tsv	owner configuration or none	none	tests/cli and owner tests	dynamic --help and runbooks	applicability depends on nested action	registry-schema
cli.offline.tensor.collection	--include-residency	boolean	action-dependent	action-dependent	action-dependent		command owner named in commands.tsv	command parser and domain owner	command domain owner	see surfaces.tsv	owner configuration or none	none	tests/cli and owner tests	dynamic --help and runbooks	applicability depends on nested action	registry-schema
cli.offline.tensor.collection	--include-router	boolean	action-dependent	action-dependent	action-dependent		command owner named in commands.tsv	command parser and domain owner	command domain owner	see surfaces.tsv	owner configuration or none	none	tests/cli and owner tests	dynamic --help and runbooks	applicability depends on nested action	registry-schema
cli.offline.tensor.collection	--include-shared	boolean	action-dependent	action-dependent	action-dependent		command owner named in commands.tsv	command parser and domain owner	command domain owner	see surfaces.tsv	owner configuration or none	none	tests/cli and owner tests	dynamic --help and runbooks	applicability depends on nested action	registry-schema
cli.offline.tensor.collection	--include-storage	boolean	action-dependent	action-dependent	action-dependent		command owner named in commands.tsv	command parser and domain owner	command domain owner	see surfaces.tsv	owner configuration or none	none	tests/cli and owner tests	dynamic --help and runbooks	applicability depends on nested action	registry-schema
cli.offline.tensor.collection	--model	action-dependent	action-dependent	action-dependent	action-dependent		command owner named in commands.tsv	command parser and domain owner	command domain owner	see surfaces.tsv	owner configuration or none	none	tests/cli and owner tests	dynamic --help and runbooks	applicability depends on nested action	registry-schema
cli.offline.tensor.collection	--output	action-dependent	action-dependent	action-dependent	action-dependent		command owner named in commands.tsv	command parser and domain owner	command domain owner	see surfaces.tsv	owner configuration or none	none	tests/cli and owner tests	dynamic --help and runbooks	applicability depends on nested action	registry-schema
cli.offline.tensor.collection	--registry	action-dependent	action-dependent	action-dependent	action-dependent		command owner named in commands.tsv	command parser and domain owner	command domain owner	see surfaces.tsv	owner configuration or none	none	tests/cli and owner tests	dynamic --help and runbooks	applicability depends on nested action	registry-schema
cli.offline.tensor.map	--arch	action-dependent	action-dependent	action-dependent	action-dependent		command owner named in commands.tsv	command parser and domain owner	command domain owner	see surfaces.tsv	owner configuration or none	none	tests/cli and owner tests	dynamic --help and runbooks	applicability depends on nested action	registry-schema
cli.offline.tensor.map	--json	boolean	action-dependent	action-dependent	action-dependent		command owner named in commands.tsv	command parser and domain owner	command domain owner	see surfaces.tsv	owner configuration or none	none	tests/cli and owner tests	dynamic --help and runbooks	applicability depends on nested action	registry-schema
cli.offline.tensor.map	--limit	action-dependent	action-dependent	action-dependent	action-dependent		command owner named in commands.tsv	command parser and domain owner	command domain owner	see surfaces.tsv	owner configuration or none	none	tests/cli and owner tests	dynamic --help and runbooks	applicability depends on nested action	registry-schema
cli.offline.tensor.map	--native-source	action-dependent	action-dependent	action-dependent	action-dependent		command owner named in commands.tsv	command parser and domain owner	command domain owner	see surfaces.tsv	owner configuration or none	none	tests/cli and owner tests	dynamic --help and runbooks	applicability depends on nested action	registry-schema
cli.offline.tensor.map	--require-all-native-mapped	boolean	no	false	present/absent		src/cli/commands/gguf.c	tensor-map parser	tensor mapping	none	none	none	owner-focused CLI tests	source parser; parent help may omit	parsed but omitted from parent help	registry-schema
cli.offline.tensor.map	--require-all-template-matched	boolean	no	false	present/absent		src/cli/commands/gguf.c	tensor-map parser	tensor mapping	none	none	none	owner-focused CLI tests	source parser; parent help may omit	parsed but omitted from parent help	registry-schema
cli.offline.tensor.map	--template	action-dependent	action-dependent	action-dependent	action-dependent		command owner named in commands.tsv	command parser and domain owner	command domain owner	see surfaces.tsv	owner configuration or none	none	tests/cli and owner tests	dynamic --help and runbooks	applicability depends on nested action	registry-schema
cli.offline.tensor.map	--tensor	action-dependent	action-dependent	action-dependent	action-dependent		command owner named in commands.tsv	command parser and domain owner	command domain owner	see surfaces.tsv	owner configuration or none	none	tests/cli and owner tests	dynamic --help and runbooks	applicability depends on nested action	registry-schema
cli.offline.tokenizer.decode	--ids	action-dependent	action-dependent	action-dependent	action-dependent		command owner named in commands.tsv	command parser and domain owner	command domain owner	see surfaces.tsv	owner configuration or none	none	tests/cli and owner tests	dynamic --help and runbooks	applicability depends on nested action	registry-schema
cli.offline.tokenizer.encode	--bos	boolean	action-dependent	action-dependent	action-dependent		command owner named in commands.tsv	command parser and domain owner	command domain owner	see surfaces.tsv	owner configuration or none	none	tests/cli and owner tests	dynamic --help and runbooks	applicability depends on nested action	registry-schema
cli.offline.tokenizer.encode	--eos	boolean	action-dependent	action-dependent	action-dependent		command owner named in commands.tsv	command parser and domain owner	command domain owner	see surfaces.tsv	owner configuration or none	none	tests/cli and owner tests	dynamic --help and runbooks	applicability depends on nested action	registry-schema
cli.offline.tokenizer.encode	--no-bos	boolean	no	false	present/absent		src/cli/commands/tokenizer.c	tokenizer parser	tokenizer execution	none	none	none	owner-focused CLI tests	source parser; parent help may omit	conflicts semantically with --bos but help omits it	registry-schema
cli.offline.tokenizer.encode	--pieces	boolean	action-dependent	action-dependent	action-dependent		command owner named in commands.tsv	command parser and domain owner	command domain owner	see surfaces.tsv	owner configuration or none	none	tests/cli and owner tests	dynamic --help and runbooks	applicability depends on nested action	registry-schema
cli.offline.tokenizer.encode	--text	action-dependent	action-dependent	action-dependent	action-dependent		command owner named in commands.tsv	command parser and domain owner	command domain owner	see surfaces.tsv	owner configuration or none	none	tests/cli and owner tests	dynamic --help and runbooks	applicability depends on nested action	registry-schema
cli.offline.tokenizer.prompt	--assistant	action-dependent	action-dependent	action-dependent	action-dependent		command owner named in commands.tsv	command parser and domain owner	command domain owner	see surfaces.tsv	owner configuration or none	none	tests/cli and owner tests	dynamic --help and runbooks	applicability depends on nested action	registry-schema
cli.offline.tokenizer.prompt	--no-generation-prompt	boolean	no	false	present/absent		src/cli/commands/tokenizer.c	prompt parser	prompt policy	none	none	none	owner-focused CLI tests	source parser; parent help may omit	parsed but omitted from parent help	registry-schema
cli.offline.tokenizer.prompt	--system	action-dependent	action-dependent	action-dependent	action-dependent		command owner named in commands.tsv	command parser and domain owner	command domain owner	see surfaces.tsv	owner configuration or none	none	tests/cli and owner tests	dynamic --help and runbooks	applicability depends on nested action	registry-schema
cli.offline.tokenizer.prompt	--thinking	boolean	action-dependent	action-dependent	action-dependent		command owner named in commands.tsv	command parser and domain owner	command domain owner	see surfaces.tsv	owner configuration or none	none	tests/cli and owner tests	dynamic --help and runbooks	applicability depends on nested action	registry-schema
cli.offline.tokenizer.prompt	--tokens	boolean	action-dependent	action-dependent	action-dependent		command owner named in commands.tsv	command parser and domain owner	command domain owner	see surfaces.tsv	owner configuration or none	none	tests/cli and owner tests	dynamic --help and runbooks	applicability depends on nested action	registry-schema
cli.offline.tokenizer.prompt	--tool	action-dependent	action-dependent	action-dependent	action-dependent		command owner named in commands.tsv	command parser and domain owner	command domain owner	see surfaces.tsv	owner configuration or none	none	tests/cli and owner tests	dynamic --help and runbooks	applicability depends on nested action	registry-schema
cli.offline.tokenizer.prompt	--user	action-dependent	action-dependent	action-dependent	action-dependent		command owner named in commands.tsv	command parser and domain owner	command domain owner	see surfaces.tsv	owner configuration or none	none	tests/cli and owner tests	dynamic --help and runbooks	applicability depends on nested action	registry-schema
cli.yvex.chat	--max-new-tokens	u64	no	128	1..daemon cap		src/cli/io/client.c	client parse; daemon capacity	generation	none	none	maximum_new_tokens	tests/repl_pty.sh	top-level help	default repeated outside generation owner	registry-default
cli.yvex.chat	--session	name	no	main	bounded session name		src/cli/io/client.c	client parser; server session admission	server session registry	none	none	session_name	tests/repl_pty.sh	top-level help	none	retain
cli.yvex.model.use	--artifact	absolute path	yes	none	absolute regular file		src/cli/io/client.c	client parser; daemon re-admission	selected model config	none	$XDG_CONFIG_HOME/yvex/model.conf	none	tests/client_cutover.sh	docs/operator-runbook.md	none	retain
cli.yvex.model.use	--backend	enum	no	cuda	cpu|cuda	cpu|cuda	src/cli/io/client.c	client parser; daemon re-admission	selected model config	none	$XDG_CONFIG_HOME/yvex/model.conf	none	tests/client_cutover.sh	docs/operator-runbook.md	client-local default duplicates runtime policy	registry-default
cli.yvex.model.use	--context	u64	no	4096	positive		src/cli/io/client.c	client parser; daemon re-admission	selected model config	none	$XDG_CONFIG_HOME/yvex/model.conf	none	tests/client_cutover.sh	docs/operator-runbook.md	client-local default duplicates runtime policy	registry-default
cli.yvex.model.use	--runtime-binding	absolute path	yes	none	absolute regular file		src/cli/io/client.c	client parser; daemon re-admission	selected model config	none	$XDG_CONFIG_HOME/yvex/model.conf	none	tests/client_cutover.sh	docs/operator-runbook.md	none	retain
cli.yvex.model.use	--target	identifier	no	deepseek4-v4-flash	bounded identifier		src/cli/io/client.c	client parser; daemon re-admission	selected model config	none	$XDG_CONFIG_HOME/yvex/model.conf	none	tests/client_cutover.sh	docs/operator-runbook.md	client-local default duplicates runtime policy	registry-default
cli.yvex.run	--max-new-tokens	u64	no	128	1..daemon cap		src/cli/io/client.c	client parser; sampling owner admission	sampling/generation	none	none	maximum_new_tokens	tests/client_cutover.sh	top-level help	default repeated	registry-default
cli.yvex.run	--min-p	double	no	0.0	[0,1]		src/cli/io/client.c	client parser; sampling owner admission	sampling/generation	none	none	min_p	tests/client_cutover.sh	top-level help	forbidden from nonzero value in greedy	registry-default
cli.yvex.run	--seed	u64	no	none	0..UINT64_MAX		src/cli/io/client.c	client parser; sampling owner admission	sampling/generation	none	none	seed	tests/client_cutover.sh	top-level help	required for stochastic; forbidden for greedy	registry-default
cli.yvex.run	--session	name	no	ephemeral run-PID	bounded session name		src/cli/io/client.c	client parser; sampling owner admission	sampling/generation	none	none	session_name	tests/client_cutover.sh	top-level help	none	retain
cli.yvex.run	--strategy	enum	no	greedy	greedy|stochastic	greedy|stochastic	src/cli/io/client.c	client parser; sampling owner admission	sampling/generation	none	none	flags.stochastic	tests/client_cutover.sh	top-level help	none	retain
cli.yvex.run	--temperature	double	no	1.0	(0,+inf)		src/cli/io/client.c	client parser; sampling owner admission	sampling/generation	none	none	temperature	tests/client_cutover.sh	top-level help	forbidden from neutral value in greedy	registry-default
cli.yvex.run	--top-k	u64	no	0	0..UINT64_MAX		src/cli/io/client.c	client parser; sampling owner admission	sampling/generation	none	none	top_k	tests/client_cutover.sh	top-level help	forbidden from neutral value in greedy	registry-default
cli.yvex.run	--top-p	double	no	1.0	(0,1]		src/cli/io/client.c	client parser; sampling owner admission	sampling/generation	none	none	top_p	tests/client_cutover.sh	top-level help	forbidden from neutral value in greedy	registry-default
cli.yvex.run	--typical-p	double	no	1.0	(0,1]		src/cli/io/client.c	client parser; sampling owner admission	sampling/generation	none	none	typical_p	tests/client_cutover.sh	top-level help	forbidden from neutral value in greedy	registry-default
cli.yvex.runtime.status	--json	boolean	no	false	present/absent		src/cli/io/client.c	client parser	status renderer	none	none	none	tests/client_cutover.sh	docs/operator-runbook.md	machine schema exists but no discovery schema	retain
cli.yvex.runtime.trace	--follow	boolean	no	false	present/absent		src/cli/io/client.c	client parser	event subscription	none	none	none	tests/client_cutover.sh	docs/operator-runbook.md	accepted but behavior is identical without flag	remove-or-define
daemon.yvexd	--backend	enum	no	cpu	cpu|cuda	cpu|cuda	src/daemon/yvexd.c	daemon parser; server admission	server/runtime	none	service definition	server options	tests/cli/server.sh; tests/product_topology.sh	src/daemon/yvexd.c:print_help	default also appears in client/provider paths	normalize-config
daemon.yvexd	--console	enum	no	off	off|raw	off|raw	src/daemon/yvexd.c	daemon parser; server admission	server/runtime	none	service definition	server options	tests/cli/server.sh; tests/product_topology.sh	src/daemon/yvexd.c:print_help	none	normalize-config
daemon.yvexd	--context	u64	no	4096	positive		src/daemon/yvexd.c	daemon parser; server admission	server/runtime	none	service definition	server options	tests/cli/server.sh; tests/product_topology.sh	src/daemon/yvexd.c:print_help	default also appears in client/provider paths	normalize-config
daemon.yvexd	--help	boolean	no	false	present/absent		src/daemon/yvexd.c	daemon parser; server admission	server/runtime	none	service definition	server options	tests/cli/server.sh; tests/product_topology.sh	src/daemon/yvexd.c:print_help	none	retain
daemon.yvexd	--max-new-tokens	u64	no	256	positive		src/daemon/yvexd.c	daemon parser; server admission	server/runtime	none	service definition	server options	tests/cli/server.sh; tests/product_topology.sh	src/daemon/yvexd.c:print_help	default also appears in client/provider paths	normalize-config
daemon.yvexd	--model	path	yes	none	readable admitted artifact		src/daemon/yvexd.c	daemon parser; server admission	server/runtime	none	service definition	server options	tests/cli/server.sh; tests/product_topology.sh	src/daemon/yvexd.c:print_help	none	normalize-config
daemon.yvexd	--openai	enum	no	on	on|off	on|off	src/daemon/yvexd.c	daemon parser; server admission	server/runtime	none	service definition	server options	tests/cli/server.sh; tests/product_topology.sh	src/daemon/yvexd.c:print_help	none	normalize-config
daemon.yvexd	--openai-port	u16	no	8001	1..65535		src/daemon/yvexd.c	daemon parser; server admission	server/runtime	none	service definition	server options	tests/cli/server.sh; tests/product_topology.sh	src/daemon/yvexd.c:print_help	none	normalize-config
daemon.yvexd	--openai-timeout-ms	u64	no	600000	100..86400000		src/daemon/yvexd.c	daemon parser; server admission	server/runtime	none	service definition	server options	tests/cli/server.sh; tests/product_topology.sh	src/daemon/yvexd.c:print_help	none	normalize-config
daemon.yvexd	--prefill-chunk	u64	no	64	positive		src/daemon/yvexd.c	daemon parser; server admission	server/runtime	none	service definition	server options	tests/cli/server.sh; tests/product_topology.sh	src/daemon/yvexd.c:print_help	none	normalize-config
daemon.yvexd	--runtime-binding	path	yes	none	readable admitted binding		src/daemon/yvexd.c	daemon parser; server admission	server/runtime	none	service definition	server options	tests/cli/server.sh; tests/product_topology.sh	src/daemon/yvexd.c:print_help	none	normalize-config
daemon.yvexd	--socket	path	no	$XDG_RUNTIME_DIR/yvex/yvexd.sock	private Unix path		src/daemon/yvexd.c	daemon parser; server admission	server/runtime	XDG_RUNTIME_DIR	service definition	server options	tests/cli/server.sh; tests/product_topology.sh	src/daemon/yvexd.c:print_help	none	normalize-config
daemon.yvexd	--target	identifier	no	deepseek4-v4-flash	bounded identifier		src/daemon/yvexd.c	daemon parser; server admission	server/runtime	none	service definition	server options	tests/cli/server.sh; tests/product_topology.sh	src/daemon/yvexd.c:print_help	default also appears in client/provider paths	normalize-config
daemon.yvexd	--trace-content	boolean	no	false	present/absent		src/daemon/yvexd.c	daemon parser; server admission	server/runtime	none	service definition	server options	tests/cli/server.sh; tests/product_topology.sh	src/daemon/yvexd.c:print_help	none	normalize-config
daemon.yvexd	--trace-level	enum	no	stages	summary|stages|tokens|full	summary|stages|tokens|full	src/daemon/yvexd.c	daemon parser; server admission	server/runtime	none	service definition	server options	tests/cli/server.sh; tests/product_topology.sh	src/daemon/yvexd.c:print_help	none	normalize-config
daemon.yvexd	--version	boolean	no	false	present/absent		src/daemon/yvexd.c	daemon parser; server admission	server/runtime	none	service definition	server options	tests/cli/server.sh; tests/product_topology.sh	src/daemon/yvexd.c:print_help	none	retain
